id,name,country,region,rank,reviews,score,reviews_current_version,description
"1593779280","ReciMe: Recipes & Meal Planner","United States","North America","1","307525","4.78909","307525","The number 1 recipe organizer and meal planner. ReciMe saves all your favorite recipes in one place, including Instagram, Facebook, TikTok, YouTube and Pinterest. Create grocery lists and meal plans. Calculate calories for every recipe. However you cook, ReciMe helps you do it, better. FEATURES - Sa…"
"911422904","NYT Cooking: Quick Tasty Meals","United States","North America","2","547513","4.91355","547513","New York Times Cooking has thousands of quick recipes you’ll love to make, from easy weeknight dinners to holiday showstoppers. Editor-curated collections make it easy to find the right recipe, and helpful videos make them fun and simple to cook. With our digital Recipe Box, you can easily save favo…"
"6769601354","TapCook: Budget Meal Plans","United States","North America","3","2735","4.72139","2735","1. Enter your ZIP and pick the grocery store you actually shop at 2. Tell us how many you're feeding, which nights you cook, and what you want to spend 3. Get a week of dinners and one grocery list, totalled at your store TapCook plans your dinners for the week and tells you what the groceries will …"
"6777471316","mise - meal planner","United States","North America","4","3086","4.69604","3086","mise – meal planner Take the stress out of deciding what to eat. mise helps you generate personalised meal plans in seconds based on your dietary preferences, calorie goals, favourite UK supermarkets, budget, and the ingredients you already have at home. Whether you're meal prepping for the week, tr…"
"6778126199","Whipp: Meal Planner & Recipes","United States","North America","5","156","4.8205","156","With Whipp, no more 6pm ""what's for dinner?"" We sort your meals for the whole week, all in less than a minute Tell Whipp your budget and what you're into, and it plans the week and hands you the grocery list with the total already worked out. No third trip back for the one thing you forgot FEATURES …"
"6778760884","Potto - meal planner","United States","North America","6","2170","4.67373","2170","Potto turns a few simple choices into a full week of meals — built around your supermarket, your budget, and the way you like to eat. No account, no fuss. Tell Potto your store, your weekly budget, your dietary needs and the gadgets in your kitchen, and it instantly creates a meal plan with recipes,…"
"1164423781","Gronda: Recipes for Chefs","United States","North America","7","7558","4.80524","7558","** Apple’s App of the Day in 120+ Countries ** ** Used by 2M+ Chefs Worldwide ** ""Unlimited amount of inspiration"" — Netflix Superstar Ana Roš Gronda is the #1 app for professional and home chefs. Learn from the world’s best, fine dining recipes, and connect with a global community of culinary exper…"
"6739286231","Osta: Save & Share Recipes","United States","North America","8","6779","4.7594","6779","With Osta, you can save & import recipes from Instagram, websites, and TikTok. Organize and cook your favorite recipes in your own personalized recipe box. All your recipes in one place. • Import recipes instantly from Instagram, TikTok, or a website. • Cook using a simple recipe display with no clu…"
"1365223384","America's Test Kitchen","United States","North America","9","18017","4.91601","18017","The America's Test Kitchen app delivers the best-tasting recipes, cooking videos, product reviews, and more than 30 years of test kitchen discoveries! Get every rigorously tested recipe from America’s Test Kitchen, Cook’s Illustrated, and Cook’s Country. Recipe collections for every occasion: Weekni…"
"575756462","eMeals - Healthy Meal Plans","United States","North America","10","52678","4.60876","52678","eMeals is the easiest way for busy families to plan healthy meals. With 15 different weekly meal and diet plans there is sure to be enough recipe inspiration to please even the pickiest eater. Our meal plans create your customizable shopping list ingredients that connect directly to one of our onlin…"
"6670216494","Mob: Meal Planner and Recipes","United States","North America","11","584","4.26199","584","Join 4 million+ home cooks who've made weeknight cooking easy. Plan your week, build your shopping list in a tap, and never cook the same thing twice. Apple App of the Day and featured by Apple. Rated 4.5 stars by our community and loved in the press. Mob turns cooking from a daily scramble into the…"
"312101965","Epicurious","United States","North America","12","99300","4.73362","99300","Cook smarter with 50,000+ tested recipes from Epicurious, Bon Appétit, and more. Find easy dinners, healthy meals, and expert cooking guidance - all in one app. Subscribe to the Epicurious in the app, or if you’re already a subscriber, log in for unlimited access to recipes and so much more. THE EPI…"
"1249805978","MealPrepPro Planner & Recipes","United States","North America","13","12112","4.66364","12112","Have your meals and groceries planned for you with MealPrepPro. MealPrepPro is a smart meal planner that adapts to your schedule, food preferences and goals. Reach your health goals No more counting calories. Meal plans are automatically adapted to your calorie and macro needs. #1 for Meal Prep Prep…"
"6743496454","CookShelf: Search Cookbooks","United States","North America","14","716","4.63267","716","Do you love cookbooks? Us, too. That's why we created CookShelf, the app that helps you make the most of your cookbook collection, and cook from the books you already own. Got too much zucchini in the summer, and an excess of cabbage in winter? Or are you just trying to find that one Bolognese recip…"
"1583947369","Pepper - Recipe Organizer","United States","North America","15","10500","4.78333","10500","Welcome to Pepper, your Social Recipe Organizer! Organize recipes from Instagram, TikTok, Pinterest, recipe blogs, or paste from your Notes! Your favorite recipe organizer, now with friends! * Build Your Cookbook: Pepper is your go-to social cookbook, ready to be accessed by you, your friends/family…"
"1553130679","Your Secret Menu for Starbucks","United States","North America","16","15568","4.74101","15568","Discover 500+ secret menu drinks, viral TikTok favorites, and creative custom recipes for your next coffee run. NEW RECIPES ADDED EVERY WEEK • 14,000+ FIVE-STAR REVIEWS See a drink all over your feed? Find out what’s in it, choose your size, and get clear, simple instructions for how to order it. Th…"
"6747781542","Delish: Original Fun Recipes","United States","North America","17","294","2.92857","294","New Delish members can enjoy two recipes for free during a 30-day period. Subscribe to Delish for unlimited access to 10,000+ recipes, expert test kitchen advice, a members-only newsletter, and so much more. Discover new recipes every day with our app that makes cooking more fun, more intuitive, and…"
"1433840494","RecipeBox - Save Your Recipes!","United States","North America","18","13975","4.67985","13975","Cook with confidence and convenience. RecipeBox is the ultimate recipe organizer and meal planning companion for busy home chefs. Save all your favorite recipes from any website or app – from popular food blogs to Instagram and TikTok posts – and keep them organized in one place. Plan delicious meal…"
"974683711","Recipe Keeper","United States","North America","19","30765","4.83955","30765","Recipe Keeper is the easy to use, all-in-one recipe organizer, shopping list and meal planner available across all of your devices. ADD RECIPES QUICKLY AND EASILY Enter your recipes with as much or as little information as you like. Copy and paste recipes from your existing documents or apps. Catego…"
"6755009073","MyRecipes","United States","North America","20","153","4.05882","153","MyRecipes is the easiest way to save, organize, and cook the recipes you love. Trusted by millions of home cooks with over 75 million recipe saves—and counting. Enjoy the app for free or upgrade to a MyRecipes+ membership for more ways to save and exclusive premium features. - Save recipes from anyw…"
"6783742855","NeatEat - Meal Planner","United States","North America","21","777","4.86229","777","Tell NeatEat your store and your weekly food budget. Get a full week of simple meals and a costed shopping list that comes in under it — every time. No spreadsheets, no guesswork, no nasty surprise at the till. HOW IT WORKS (WITH NEATEAT PREMIUM) • Pick your supermarket and set a weekly budget • Get…"
"1352600944","Cooklist: Pantry Meals Recipes","United States","North America","22","11337","4.72779","11337","Cooklist introduces an entirely new way to think about your relationship with cooking and grocery shopping. It connects to your grocery store loyalty cards and automatically downloads all of your food purchases into a digital pantry. Over 1 million cooking recipes are then matched to the groceries y…"
"6736347122","Inspo - Recipes & Meal Planner","United States","North America","23","840","4.75237","840","All your favorite social media recipes in one place! Import recipes from Instagram, TikTok, Facebook and any website. Inspo uses AI to instantly extract ingredients, step-by-step instructions, nutrition facts, and more from any recipe link. Inspo makes cooking effortless — from saving to shopping to…"
"1215348056","Plan to Eat","United States","North America","24","6106","4.84278","6106","Meal planning doesn’t have to feel like an inconvenience. Store all your recipes in one place, auto-generate a shopping list for your week, and let Plan to Eat help you find joy in meal planning again. Plan to Eat is the meal planning app designed with the planner in mind. Try Plan to Eat FREE for 1…"
"959638683","Anova Culinary","United States","North America","25","25595","4.40438","25595","The Anova family of precision cookers allows everyone to cook like a pro! Paired with the Anova Culinary app, now perfectly cooked restaurant quality meals are as easy as the touch of a button. Browse the largest collection of sous vide recipes by Michelin star chefs and home cooks just like you. Th…"
"6714449541","Honeydew: Recipe & Cookbook AI","United States","North America","26","1665","4.76276","1665","TRANSFORM YOUR COOKING & MEAL PLANNING WITH HONEYDEW The smartest AI-powered recipe, grocery list, and meal planning app. Instantly import any recipe with one tap from: -Any social media including: -YouTube Cooking Videos -Facebook Reels & Instagram Reels -Screenshots, Notes, and Websites -Turn soci…"
"1518078585","Stashcook: Recipe Keeper","United States","North America","27","1801","4.69628","1801","Stashcook - Meal Planner & Recipe Keeper Stashcook is a simple, thoughtful recipe keeper and meal planner that brings your recipes, weekly plans and shopping into one place. Whether you’re saving ideas from social media or trying to stay organised through the week, Stashcook helps make cooking feel …"
"1470401164","Thermomix® Cookidoo® App","United States","North America","28","36325","4.88708","36325","The Official Thermomix® Cookidoo® App gives you access to the growing universe of mouth-watering Thermomix® Guided Cooking recipes. You pick and choose which recipes go with you wherever you are. Create an account and get cooking! SMART @ HEART Connect to Cookidoo® and access over 100,000 worldwide …"
"1059211083","Recipe Keeper Box - OrganizEat","United States","North America","29","8370","4.7853","8370","Streamline your cooking experience with OrganizEat Recipe Keeper. Our all-in-one app is your ultimate recipe organizer, cookbook, and keeper box, packed with features to simplify your culinary journey. Your All-in-One Recipe Organizer, Cookbook, and Keeper Box. No Typing! Snap Photos, Import, Tag, a…"
"1303222868","Paprika Recipe Manager 3","United States","North America","30","53977","4.89893","53977","Organize your recipes. Create grocery lists. Plan your meals. Download recipes from your favorite websites. Seamlessly sync to all your devices. Features • Recipes - Download recipes from your favorite websites, or add your own. • Grocery Lists - Create smart grocery lists that automatically combine…"
"6766358272","RecipeLab - Healthy Recipes","United States","North America","31","15","3.4","15","RecipeLab is the recipe app for people who want to eat healthier without making it complicated. RecipeLab is built around the idea that eating for your goals should feel good, taste great, and actually fit your life. Tell us a little about yourself and we'll match you with delicious recipes that cru…"
"1618589011","Pick Up Limes","United States","North America","32","1139","4.91747","1139","Plan your meals, feel nourished, and eat delicious plant-based food. The Pick Up Limes App brings together nourishing vegan recipes, personalized meal plans, grocery tools, nutrition support, and all your favourite online recipes in one place. Top features • 1800+ plant-based recipes, with new ones …"
"6443578246","Deglaze: Cooking, Simplified","United States","North America","33","3953","4.86921","3953","Deglaze is built for people that love to cook. It simplifies your life by making it easy to get all of your recipes in one place and to create organized grocery lists in seconds. A fully featured free version is included, and you can optionally upgrade to Deglaze Pro—an auto-renewing subscription th…"
"6736664843","Tastemade Cooking","United States","North America","34","1215","4.75061","1215","Meal planning, done for you. Personalized weekly plans and smart grocery lists—tailored to your taste. Let us build you a personalized weekly meal plan, or build a plan from recipes you love – plus a smart grocery list that comes together automatically. Set your taste preferences once so every recom…"
"6807514592","Chow: Meal Planner & Groceries","United States","North America","35","24","4.79167","24","You've tried meal planning before. It worked for a week, maybe two, and then a late night or a sick kid or plain Wednesday exhaustion broke it. The groceries rotted. The delivery app won. This moment — where the plan falls apart and takeout wins — isn't a failure of willpower. It's a design problem.…"
"1073341917","Recipe Keeper: CookBook","United States","North America","36","2660","4.77782","2660","Stop screenshotting dinner ideas. CookBook turns recipes from Instagram, TikTok, websites and photos into meals you can plan, shop and cook. CookBook is a smart recipe keeper loved by thousands of home cooks. Save recipes from anywhere, organize them into a private digital cookbook, plan meals, crea…"
"6736766728","Loaflo: Sourdough Starter","United States","North America","37","529","4.68431","529","Loaflo: Sourdough Starter is your all-in-one, AI-powered bread-baking companion. Track your starter, analyze your loaves, and perfect every bake—no sign-up required! · AI Analysis: Snap a photo of your loaf or starter and get instant feedback on crust, crumb, and overall bake quality. · Recipes: Lea…"
"1595938390","Zest: Meal Planner & Recipes","United States","North America","38","3771","4.70723","3771","Tired of cooking the same 3 meals on repeat? Zest integrates a mind-blowing cooking education into your routine. Learn to cook with us through step-by-step explanations of foundational cooking concepts in fewer than 10 minutes and dishes that bring the concept to life. Our recipes are created by two…"
"6478546136","Flavorish | Save Any Recipe","United States","North America","39","1672","4.74163","1672","Save recipes from Instagram, Facebook, TikTok, YouTube, websites, cookbooks, handwritten notes, and more, all in one app! Turn them into meal plans and grocery lists in seconds. With Flavorish, your go-to recipe app, organizing, saving, and cooking has never been easier. Save recipes from anywhere -…"
"1217456898","Tasty: Recipes, Cooking Videos","United States","North America","40","432837","4.908","432837","Welcome to the Tasty App – your ultimate cooking companion, featuring over 10,000 delicious recipes with video, step-by-step cooking mode, personalized recommendations, a thriving community of home chefs, and recipe shopping and seamless checkout. Tasty brings you the best of food and recipe discove…"
"340368403","Cookpad Recipes","United States","North America","41","4334","4.8431","4334","Not sure what to cook tonight? Cookpad recommends: search by ingredient or by dish across thousands of authentic recipes from a global community of home cooks — all verified by the people who have actually cooked them. WHAT SHOULD I COOK TONIGHT? Tell us what's in the fridge and we'll tell you what …"
"1568122827","The Doctor’s Kitchen","United States","North America","42","287","4.80836","287","Take the hassle out of cooking healthy, balanced meals and discover 1000s of doctor-approved, simple delicious, recipes to cook at home. Plan meals with tailored recipe recommendations, personalised to your dietary and health needs. Search high protein meals, freezable recipes and many more categori…"
"1540196240","BLW Meals: Starting Solids","United States","North America","43","321","4.66044","321","What parents are saying: Iluvpalmtrees Favorite BLW app ""So much free information and excellent examples of what you can feed your little one through all stages. Follow their IG as well for daily tips and videos."" MJ - first time mom Love this app! ""I absolutely love this app and the Instagram page.…"
"899058990","Real Plans - Meal Planner","United States","North America","44","2174","4.57176","2174","Real Plans is a meal planning app that helps you and your family consistently enjoy healthy, home-cooked food. Our award-winning meal planner is brimming with delicious recipes and is easily personalized for your unique tastes and lifestyle. We make it super simple to create a plan in minutes and sh…"
"6754413004","TGB: Meal Planner & Recipes","United States","North America","45","12","3.66667","12","Do you buy groceries with a plan, then still feel stuck at dinner time? TGB helps you map out the week first, then builds a grocery list from your plan. Your shopping matches your week menu, so you use what you buy. Save what works and move things around when plans change. Keep recipe ideas in one p…"
"6779701143","Daily Bite: Save Recipes","United States","North America","46","25","4.8","25","Every other recipe app starts empty. Start your free trial and Daily Bite opens with 500+ high-protein recipes from real chefs, ready to cook on day one. Then it saves every recipe you find, from Instagram, TikTok, a screenshot, or almost any site, so you finally cook the ones you have been saving. …"
"706367884","Recipe Keeper - Cook'n","United States","North America","47","3702","4.69989","3702","Tired of scrolling through 8 pages just to find the recipe? Cook’n pulls recipes from blogs, Pinterest & more—ad-free and clean. Save your first recipe in seconds—Try Cook’n free today! There’s a better way to save, organize, and cook your favorite recipes—ad-free, distraction-free, and frustration-…"
"1472765520","Sidekick by Sorted Food","United States","North America","48","299","4.48829","299","Sidekick - Your Personal Kitchen Sidekick Tired of the same old meals? Let Sidekick solve your dinner dilemma with exciting new recipes, smarter shopping and stress-free cooking. Over 4,000,000 dishes cooked so far… Sidekick is here to simplify your weekly meal planning, making cooking at home easie…"
"1461650987","Crouton: Recipe Manager","United States","North America","49","2866","4.81682","2866","Crouton is simple feature packed recipe organizer & meal planner. The best place to store your favorite recipes from where ever you find them, websites, cookbooks or a handwritten note from your Grandma. IMPORT ANYWHERE Crouton supports importing recipes from almost everywhere! Pull recipes automati…"
"1351412313","FullyRaw by Kristina","United States","North America","50","4475","4.77073","4475","Join the FullyRaw Revolution! FullyRaw by Kristina is the ultimate guide to living a cleaner and healthier lifestyle through the consumption of organic raw foods. Offering over 500 recipes (including juices, smoothies, salads, desserts, and main dishes) with instructional videos, grocery shopping li…"
"1598423213","Just the Recipe: Cook smarter","United States","North America","51","3522","4.88217","3522","Cook more, scroll less. JustTheRecipe pulls the recipe out of any page. No life stories, no ad walls, no endless scrolling. Just ingredients, steps, and the details you need to cook. PASTE OR SHARE A LINK Paste a URL or share straight from your browser, TikTok, Instagram, or any app with a share but…"
"6479693198","Eatr: Tasty Cooking Recipes","United States","North America","52","11231","4.57902","11231","Welcome to Eatr - the ultimate companion for everyone from cooking novices to seasoned chefs! Our app is designed to guide you through a culinary adventure tailored just for you. Whether you're pressed for time or looking to indulge in a leisurely cooking spree, Eatr has you covered. Time Management…"
"1574776971","Pestle: Recipe Manager","United States","North America","53","1815","4.72947","1815","Save recipes from Instagram, TikTok, Facebook, YouTube and more with Pestle. IMPORT FROM ANYWHERE Import recipes from anywhere on the internet to Pestle, and keep just the ingredients and steps. Just tap 'Share', and 'Save to my Cookbook'. GUIDED COOKING Turn any recipe into a step-by-step process w…"
"6450664772","Scoolinary: Learn & Cook","United States","North America","54","168","4.92262","168","Scoolinary is the culinary learning app for chefs, entrepreneurs, students, and passionate home cooks. Learn from the world’s best chefs, with 50+ Michelin stars, and access 400+ courses and 3,000 step-by-step video recipes. What you’ll learn •Professional cooking techniques applicable to any dish. …"
"403188971","Pepperplate Cooking Planner","United States","North America","55","54","2.98148","54","Pepperplate is the only app for serious cooks. It has all the tools you need to cook weeknight dinners or host a dinner party for 12. Manage your recipes, create menus, shop with ease and cook like a pro on your iPad and iPhone. Features: * Pepperplate seamlessly manages recipes, menus and shopping …"
"1673078434","AL DANTE: Recipes & Cooking","United States","North America","56","176","4.89773","176","Cook like a Chef together with AL DANTE - your perfect cooking app! Enjoy our collection of insanely delicious recipes, find new meal prep ideas, and transform everyday ingredients into exceptional dishes. Features: USE READY RECIPES: explore our step-by-step recipe text guides to discover the ingre…"
"6801582860","Vego: Vegan Meal Planner","United States","North America","57","57","4.64912","57","Vego turns ""what do I cook this week?"" into a swipe. Tell it your cravings and your budget, swipe the recipes you like, and get one grocery list where everything is already priced and sorted by aisle. Going plant-based rarely fails on willpower. It fails on logistics: the supermarket, the restaurant…"
"6749500813","RecipeSnap: Recipe Saver","United States","North America","58","627","4.79745","627","The number 1 recipe organizer. RecipeSnap keeps all your favorite recipes in one place, effortlessly importing from Instagram, TikTok, Facebook, YouTube, and the Web. As the ultimate recipe keeper, it allows you to create grocery lists, design meal plans, and even calculate calories for every dish y…"
"409157308","Annabel Karmel Kids Recipes","United States","North America","59","158","4.62657","158","Make feeding your baby, toddler and family easier with Annabel Karmel's multi award-winning recipe app. From first tastes and baby-led weaning to family meals, you'll find expert guidance, practical tools and over 1,500 nutritious recipes all in one place. Millions of families rely on Annabel's reci…"
"486811622","Cocktail Flow - Drink Recipes","United States","North America","60","21321","4.73045","21321","Cocktail Flow features beautifully presented cocktail recipes with step by step guides and is packed with features you’ll love whether you’re a novice bartender or a professional mixologist. YOUR BAR, YOUR CABINET Mark the cocktail ingredients you have at home in the cabinet page and see what drinks…"
"6793438980","Recipe Keeper & Food Planner","United States","North America","61","63","4.66667","63","Your smart recipe organizer, meal planner, and grocery list assistant — all in one place. Save recipes from videos, websites, blogs, screenshots, and social content in seconds. Organize your favorite meals, plan your week, create shopping lists, and keep every recipe easy to find whenever inspiratio…"
"6760693795","BakeWay: AI Baking Assistant","United States","North America","62","558","4.81182","558","Bake better. Understand every recipe. Never guess again. Baking shouldn’t feel like trial and error. But most recipes are incomplete, confusing, or hard to follow — especially from social media. BakeWay turns any recipe into something clear, structured, and easy to execute — with AI guiding you ever…"
"6758783243","RecipeVault: Recipe Keeper","United States","North America","63","72","4.61111","72","Save recipes from TikTok, Instagram, and YouTube in one tap then actually cook them. RecipeVault turns the chaos of bookmarked videos, screenshots, and browser tabs into one clean, searchable cookbook. → IMPORT FROM ANYWHERE - TikTok, Instagram Reels, YouTube & Shorts - Any website, blog, or recipe …"
"1488585822","Brewfather","United States","North America","64","753","4.91633","753","Powerful and easy to use tool for your brewing needs. Easily create and manage your recipes. Keep track of all the details in your batches and your ingredients inventory. Brewfather is made from the ground up to give you the best recipe design and brewing experience on both desktop and mobile device…"
"1505065609","Love, Manuela","United States","North America","65","177","4.31073","177","Love, Manuela is a baking app created by Norwegian baker Manuela Kjeilen, known as @passionforbaking. For more than a decade, Manuela has shared her love of baking with people around the world. She has published nine baking books, hosted her own baking show on TV in Sweden, and inspires more than 1.…"
"1280464759","Mixel - Cocktail Recipes","United States","North America","66","1537","4.75472","1537","What cocktails can you make right now? Tell Mixel what's in your bar, and instantly see every drink you can mix, from the classic to modern craft cocktails. Whether you're a home bartender, mixology enthusiast, or just hosting friends, Mixel turns your ingredients into perfectly crafted drinks. WHAT…"
"6777230233","Herbi: Meal Planner + Recipes","United States","North America","67","53","4.45282","53","Tired of deciding what to cook every night? Herbi makes weekly meal planning simple. Discover delicious recipes, save the ones you spot on TikTok and Instagram, build a personalised meal plan in minutes, and get a supermarket shopping list that's ready to go. Whether you're cooking for yourself, you…"
"1572826611","SO VEGAN: Healthy Recipes","United States","North America","68","293","4.70307","293","Do you want to transform your diet and eat more plants, but don’t know where to start? Welcome to the SO VEGAN App - a celebration of delicious plant-based cooking. With over 700 easy and healthy plant-based recipes, you’ll find something for everyone. Whether you’re searching for a quick lunch, a n…"
"6475587257","Mealia - AI Grocery Assistant","United States","North America","69","333","4.73874","333","Meet Mealia, your new grocery assistant here to help you save money and time on your weekly meals and grocery shopping from Walmart or Kroger. Why Mealia? Smarter Meal Planning Say goodbye to decision fatigue. Just tell Mealia what you’re in the mood for, and it takes care of the rest—from finding r…"
"1540604002","Pam Fitness & Food","United States","North America","70","1122","4.77718","1122","THE BASICS: 1.⁠ ⁠Yummy and healthy recipes, using natural ingredients. No artificial sweeteners, etc. 2.⁠ ⁠I love to replace „bad“ ingredients of classic recipes - for example cane sugar or white flour - with more healthy alternatives. Therefore we can still eat dessert. But we get important nutrien…"
"1133637674","Samsung Food: Meal Planner","United States","North America","71","6396","4.7808","6396","Samsung Food — The Most Powerful Free Meal Planning App What if your meal planner could do it all — for free? Samsung Food brings you everything you need to plan meals, save recipes, shop smarter, and cook better. All in one place. We help millions of home cooks — from beginners to pros — eat health…"
"6761655719","Balanced Roots Nutrition App","United States","North America","72","12","2.75","12","Stop counting calories. Start hitting your minimums. The Balanced Roots Nutrition App is a dietitian-designed meal planning app built around one simple method: the 90-30-50 method. At least 90g of protein, 30g of fiber and 50g of healthy anti-inflammatory fat every single day. When you consistently …"
"1593779280","ReciMe: Recipe Manager","Canada","North America","1","22702","4.69025","22702","ReciMe organizes all your favorite recipes in one place. Save recipes from Instagram, Pinterest, TikTok, and Facebook. Create grocery lists and meal plans. Calculate calories for every recipe. FEATURES - Save Recipes from Instagram, Pinterest, TikTok, Facebook – Download recipes from social media si…"
"6778126199","Whipp: Meal Planner & Recipes","Canada","North America","2","15","4.93333","15","With Whipp, no more 6pm ""what's for dinner?"" We sort your meals for the whole week, all in less than a minute Tell Whipp your budget and what you're into, and it plans the week and hands you the grocery list with the total already worked out. No third trip back for the one thing you forgot FEATURES …"
"911422904","NYT Cooking: Quick Tasty Meals","Canada","North America","3","29811","4.87441","29811","New York Times Cooking has thousands of easy recipes you’ll love to make, from easy weeknight dinners to holiday showstoppers. Editor-curated collections make it easy to find the right recipe, and helpful videos make them fun and simple to cook. With our digital Recipe Box, you can easily save favou…"
"6670216494","Mob: Meal Planner and Recipes","Canada","North America","4","283","4.20495","283","Join 4 million+ home cooks who've made weeknight cooking easy. Plan your week, build your shopping list in a tap, and never cook the same thing twice. Apple App of the Day and featured by Apple. Rated 4.5 stars by our community and loved in the press. Mob turns cooking from a daily scramble into the…"
"1164423781","Gronda: Recipes for Chefs","Canada","North America","5","1079","4.72382","1079","** Apple’s App of the Day in 120+ Countries ** ** Used by 2M+ Chefs Worldwide ** ""Unlimited amount of inspiration"" — Netflix Superstar Ana Roš Gronda is the #1 app for professional and home chefs. Learn from the world’s best, fine dining recipes, and connect with a global community of culinary exper…"
"6739286231","Osta: Save & Share Recipes","Canada","North America","6","823","4.66343","823","With Osta, you can save & import recipes from Instagram, websites, and TikTok. Organize and cook your favorite recipes in your own personalized recipe box. All your recipes in one place. • Import recipes instantly from Instagram, TikTok, or a website. • Cook using a simple recipe display with no clu…"
"6777471316","mise - meal planner","Canada","North America","7","102","4.39215","102","mise – meal planner Take the stress out of deciding what to eat. mise helps you generate personalised meal plans in seconds based on your dietary preferences, calorie goals, favourite UK supermarkets, budget, and the ingredients you already have at home. Whether you're meal prepping for the week, tr…"
"6811329112","Yuma: Weekly Meal Planner","Canada","North America","8","4","5","4","What's for dinner this week? Yuma plans it for you. Tell Yuma who you're cooking for, where you shop, what you love, what you avoid and what you want to spend. A few minutes later, your week of dinners is planned and your grocery list is ready, already priced. A WEEK OF DINNERS, YOUR WAY • Dinners f…"
"6753683618","GoomY: save your recipes","Canada","North America","9","93","4.75269","93","GoomY is the app that turns recipes spotted on social media into clear, ready-to-use recipe cards. Copy a link from your favorite platform and the app will automatically retrieve the recipe—no matter which social network it came from. With a single tap, file your recipes into themed folders, create …"
"6778760884","Potto - meal planner","Canada","North America","10","215","4.53953","215","Potto turns a few simple choices into a full week of meals — built around your supermarket, your budget, and the way you like to eat. No account, no fuss. Tell Potto your store, your weekly budget, your dietary needs and the gadgets in your kitchen, and it instantly creates a meal plan with recipes,…"
"6714449541","Honeydew: Recipe & Cookbook AI","Canada","North America","11","318","4.73585","318","TRANSFORM YOUR COOKING & MEAL PLANNING WITH HONEYDEW The smartest AI-powered recipe, grocery list and meal planning app. Instantly import any recipe with one tap from social media, YouTube cooking videos, Instagram and Facebook Reels, screenshots, notes and websites. Turn food trends into your next …"
"1568122827","The Doctor’s Kitchen","Canada","North America","12","64","4.73438","64","Take the hassle out of cooking healthy, balanced meals and discover 1000s of doctor-approved, simple delicious, recipes to cook at home. Plan meals with tailored recipe recommendations, personalised to your dietary and health needs. Search high protein meals, freezable recipes and many more categori…"
"1553130679","Your Secret Menu for Starbucks","Canada","North America","13","450","4.5911","450","Discover 500+ secret menu drinks, viral TikTok favorites, and creative custom recipes for your next coffee run. NEW RECIPES ADDED EVERY WEEK • 14,000+ FIVE-STAR REVIEWS See a drink all over your feed? Find out what’s in it, choose your size, and get clear, simple instructions for how to order it. Th…"
"6479693198","Eatr: AI Meals & Recipe keeper","Canada","North America","14","2554","4.3935","2554","Welcome to Eatr - the ultimate companion for everyone from cooking novices to seasoned chefs! Our app is designed to guide you through a culinary adventure tailored just for you. Whether you're pressed for time or looking to indulge in a leisurely cooking spree, Eatr has you covered. Time Management…"
"1249805978","MealPrepPro Planner & Recipes","Canada","North America","15","2099","4.56789","2099","Have your meals and groceries planned for you with MealPrepPro. MealPrepPro is a smart meal planner that adapts to your schedule, food preferences and goals. Reach your health goals No more counting calories. Meal plans are automatically adapted to your calorie and macro needs. #1 for Meal Prep Prep…"
"1365223384","America's Test Kitchen","Canada","North America","16","665","4.82406","665","The America's Test Kitchen app delivers the best-tasting recipes, cooking videos, product reviews, and more than 30 years of test kitchen discoveries! Get every rigorously tested recipe from America’s Test Kitchen, Cook’s Illustrated, and Cook’s Country. Recipe collections for every occasion: Weekni…"
"974683711","Recipe Keeper","Canada","North America","17","4479","4.80375","4479","Recipe Keeper is the easy to use, all-in-one recipe organizer, shopping list and meal planner available across all of your devices. ADD RECIPES QUICKLY AND EASILY Enter your recipes with as much or as little information as you like. Copy and paste recipes from your existing documents or apps. Catego…"
"1215348056","Plan to Eat","Canada","North America","18","410","4.79512","410","Meal planning doesn’t have to feel like an inconvenience. Store all your recipes in one place, auto-generate a shopping list for your week, and let Plan to Eat help you find joy in meal planning again. Plan to Eat is the meal planning app designed with the planner in mind. Try Plan to Eat FREE for 1…"
"6754413004","TGB: Meal Planner & Recipes","Canada","North America","19","3","2.66667","3","Do you buy groceries with a plan, then still feel stuck at dinner time? TGB helps you map out the week first, then builds a grocery list from your plan. Your shopping matches your week menu, so you use what you buy. Save what works and move things around when plans change. Keep recipe ideas in one p…"
"1433840494","RecipeBox - Save Your Recipes!","Canada","North America","20","1125","4.59199","1125","Cook with confidence and convenience. RecipeBox is the ultimate recipe organizer and meal planning companion for busy home chefs. Save all your favorite recipes from any website or app – from popular food blogs to Instagram and TikTok posts – and keep them organized in one place. Plan delicious meal…"
"1059211083","Recipe Keeper Box - OrganizEat","Canada","North America","21","1403","4.73913","1403","Streamline your cooking experience with OrganizEat Recipe Keeper. Our all-in-one app is your ultimate recipe organizer, cookbook, and keeper box, packed with features to simplify your culinary journey. Your All-in-One Recipe Organizer, Cookbook, and Keeper Box. No Typing! Snap Photos, Import, Tag, a…"
"1303222868","Paprika Recipe Manager 3","Canada","North America","22","7739","4.86523","7739","Organize your recipes. Create grocery lists. Plan your meals. Download recipes from your favorite websites. Seamlessly sync to all your devices. Features • Recipes - Download recipes from your favorite websites, or add your own. • Grocery Lists - Create smart grocery lists that automatically combine…"
"959638683","Anova Culinary","Canada","North America","23","3192","4.31078","3192","The Anova family of precision cookers allows everyone to cook like a pro! Paired with the Anova Culinary app, now perfectly cooked restaurant quality meals are as easy as the touch of a button. Browse the largest collection of sous vide recipes by Michelin star chefs and home cooks just like you. Th…"
"1472765520","Sidekick by Sorted Food","Canada","North America","24","69","4.30435","69","Sidekick - Your Personal Kitchen Sidekick Tired of the same old meals? Let Sidekick solve your dinner dilemma with exciting new recipes, smarter shopping and stress-free cooking. Over 4,000,000 dishes cooked so far… Sidekick is here to simplify your weekly meal planning, making cooking at home easie…"
"1518078585","Stashcook: Recipe Keeper","Canada","North America","25","169","4.43787","169","Stashcook - Meal Planner & Recipe Keeper Stashcook is a simple, thoughtful recipe keeper and meal planner that brings your recipes, weekly plans and shopping into one place. Whether you’re saving ideas from social media or trying to stay organised through the week, Stashcook helps make cooking feel …"
"1248495163","Prepear: Meal Planner","Canada","North America","26","47","4.51064","47","Bring your recipes, meal plans, and grocery list together. Prepear helps you organize the meals you want to cook and make a plan for the week. KEEP YOUR FAVORITES TOGETHER Save and import recipes for free, with no recipe limit. Create and organize unlimited cookbooks so your favorites are easy to fi…"
"312101965","Epicurious","Canada","North America","27","9530","4.6553","9530","Cook smarter with 50,000+ tested recipes from Epicurious, Bon Appétit, and more. Find easy dinners, healthy meals, and expert cooking guidance - all in one app. Subscribe to the Epicurious in the app, or if you’re already a subscriber, log in for unlimited access to recipes and so much more. THE EPI…"
"6766358272","RecipeLab - Healthy Recipes","Canada","North America","28","7","2.71429","7","RecipeLab is the recipe app for people who want to eat healthier without making it complicated. RecipeLab is built around the idea that eating for your goals should feel good, taste great, and actually fit your life. Tell us a little about yourself and we'll match you with delicious recipes that cru…"
"6783742855","NeatEat - Meal Planner","Canada","North America","29","4","5","4","Tell NeatEat your store and your weekly food budget. Get a full week of simple meals and a costed shopping list that comes in under it — every time. No spreadsheets, no guesswork, no nasty surprise at the till. HOW IT WORKS (WITH NEATEAT PREMIUM) • Pick your supermarket and set a weekly budget • Get…"
"1540196240","BLW Meals: Starting Solids","Canada","North America","30","111","4.68468","111","What parents are saying: Iluvpalmtrees Favorite BLW app ""So much free information and excellent examples of what you can feed your little one through all stages. Follow their IG as well for daily tips and videos."" MJ - first time mom Love this app! ""I absolutely love this app and the Instagram page.…"
"6752601333","Basta Batchcooking - meal prep","Canada","North America","31","34","4.85294","34","Et si tu cuisinais une seule fois pour toute la semaine ? Basta est l'app de batch cooking qui prépare ta semaine à ta place : un menu personnalisé selon tes goûts, ton régime et tes allergies, une liste de courses générée automatiquement, des recettes guidées pas à pas et des conseils de conservati…"
"6743496454","CookShelf: Search cookbooks","Canada","North America","32","65","4.32308","65","Do you love cookbooks? Us, too. That's why we created CookShelf, the app that helps you make the most of your cookbook collection, and cook from the books you already own. Got too much zucchini in the summer, and an excess of cabbage in winter? Or are you just trying to find that one Bolognese recip…"
"1618589011","Pick Up Limes","Canada","North America","33","307","4.94787","307","Plan your meals, feel nourished, and eat delicious plant-based food. The Pick Up Limes App brings together nourishing vegan recipes, personalized meal plans, grocery tools, nutrition support, and all your favourite online recipes in one place. Top features • 1800+ plant-based recipes, with new ones …"
"1505065609","Love, Manuela","Canada","North America","34","30","4.46666","30","Love, Manuela is a baking app created by Norwegian baker Manuela Kjeilen, known as @passionforbaking. For more than a decade, Manuela has shared her love of baking with people around the world. She has published nine baking books, hosted her own baking show on TV in Sweden, and inspires more than 1.…"
"1488585822","Brewfather","Canada","North America","35","169","4.92307","169","Powerful and easy to use tool for your brewing needs. Easily create and manage your recipes. Keep track of all the details in your batches and your ingredients inventory. Brewfather is made from the ground up to give you the best recipe design and brewing experience on both desktop and mobile device…"
"1461650987","Crouton: Recipe Manager","Canada","North America","36","456","4.7807","456","Crouton is feature packed recipe organizer & meal planner. The best place to store your favorite recipes from where ever you find them, websites, cookbooks or a handwritten note from your Grandma. IMPORT ANYWHERE Crouton supports importing recipes from almost everywhere! Pull recipes automatically o…"
"6477230784","101 before one","Canada","North America","37","8","4.625","8","Paid Membership to 101 before one required to use our app. Introduce 101 foods through baby-led weaning & family-style meals. Welcome to 101 before one! We are a team of pediatric experts here to help parents introduce solids to their baby through our signature Family Meals from the Start® program, …"
"6478546136","Flavorish | Save Any Recipe","Canada","North America","38","189","4.65608","189","Save recipes from Instagram, Facebook, TikTok, YouTube, websites, cookbooks, handwritten notes, and more, all in one app! Turn them into meal plans and grocery lists in seconds. With Flavorish, your go-to recipe app, organizing, saving, and cooking has never been easier. Save recipes from anywhere -…"
"1669762026","Baby Led Weaning App - BLW","Canada","North America","39","176","4.57955","176","Embark on a seamless Baby-Led Weaning Journey with our app: * Discover Baby-Led Weaning: Navigate the world of solids with confidence. Our app is your comprehensive guide, presenting the latest research findings, nutritional insights and tips for safe, joyful weaning. * 1000+ Foods & Recipes: Indulg…"
"6737542752","WeChef - Recipe Journal","Canada","North America","40","343","4.74343","343","DISCOVER WECHEF: YOUR ALL-IN-ONE RECIPE & MEAL COMPANION WeChef transforms the way you cook, plan, and explore new dishes. From turning leftovers into something exciting, to saving recipes from the web, or organizing meals for special occasions – WeChef makes cooking easier, more fun, and stress-fre…"
"6753148494","Youmeal: Recipe Keeper","Canada","North America","41","81","4.7284","81","All your favorite recipes, All your favorite recipes in one simple app Youmeal helps you save and organize every recipe you love — from Instagram, TikTok, Facebook, and more. Build grocery lists, plan your weekly meals, and get instant nutrition facts for any recipe. MAIN FEATURES Save recipes from …"
"6807514592","Chow: Meal Planner & Groceries","Canada","North America","42","1","5","1","You've tried meal planning before. It worked for a week, maybe two, and then a late night or a sick kid or plain Wednesday exhaustion broke it. The groceries rotted. The delivery app won. This moment — where the plan falls apart and takeout wins — isn't a failure of willpower. It's a design problem.…"
"1572826611","SO VEGAN: Healthy Recipes","Canada","North America","43","70","4.8","70","Do you want to transform your diet and eat more plants, but don’t know where to start? Welcome to the SO VEGAN App - a celebration of delicious plant-based cooking. With over 700 easy and healthy plant-based recipes, you’ll find something for everyone. Whether you’re searching for a quick lunch, a n…"
"6761489669","Kitchy - Cook Smarter","Canada","North America","44","3","2.33333","3","Kitchy – Cook Smarter Hungry and don’t know what to cook? Think Kitchy. Kitchy turns whatever you already have into real meals in seconds. Just tell Kitchy what you’re craving, scan your fridge, and instantly get personalized dish ideas you can cook right away. No more overthinking. No more scrollin…"
"6743317601","Recipe One: Recipe Keeper","Canada","North America","45","11","4.72727","11","Save recipes from any website, TikTok, Instagram, YouTube, photo, or PDF in one tap. Recipe One strips away ads, stories, and clutter so you get just the recipe in a clean, easy-to-follow format. IMPORT FROM ANYWHERE • Save recipes from websites, links, videos, images, and PDFs • Import from TikTok,…"
"6517349499","Eline's Table: Healthy Recipes","Canada","North America","46","198","4.87374","198","Chef Eline Bonnin has been sharing new plant-based recipes every week since 2015 on her blog, Eline's Table. On this intuitive app, you'll find over 1,100 plant-based recipes for every season: cozy autumn comfort food, festive Christmas feasts, refreshing summer salads, vibrant spring dishes, quick …"
"6739932023","Deal Dish: Grocery Deals","Canada","North America","47","57","4.15789","57","Deal Dish — Grocery Deals, Flyer Prices, Recipes & Meal Planning Deal Dish is a Canadian grocery app. It shows you what is on sale this week at the stores you already shop at. Then it turns those deals into recipes, meal plans and shopping lists. Most apps make you pick a recipe first and pay full p…"
"6775867492","GoFoodie: Learn to Cook","Canada","North America","48","0","0","0","Saved 100 recipes but ordered takeout again? GoFoodie turns the recipes you save into meals you actually cook — and teaches you real kitchen skills along the way. SAVE ANY RECIPE, FROM ANYWHERE Import recipes from websites, blogs, and social media in seconds. GoFoodie pulls out the ingredients, step…"
"6499280064","Coffee Journal - BeanBook","Canada","North America","49","3","5","3","BeanBook is a free coffee app for specialty coffee lovers. Keep a coffee journal, organize your beans with a coffee tracker, explore coffee recipes, and discover coffee deals from specialty roasters. Remember what made each cup great. Save your photos, tasting notes, grind settings and brewing detai…"
"1280464759","Mixel - Cocktail Recipes","Canada","North America","50","174","4.68966","174","What cocktails can you make right now? Tell Mixel what's in your bar, and instantly see every drink you can mix, from the classic to modern craft cocktails. Whether you're a home bartender, mixology enthusiast, or just hosting friends, Mixel turns your ingredients into perfectly crafted drinks. WHAT…"
"6747031054","PantryAI - Recipe Keeper","Canada","North America","51","15","4.4","15","Pantry AI helps you organize recipes, plan meals, and manage your food stock automatically. Import any recipe from the web or social, turn it into a grocery list, and generate meals based on what’s already in your kitchen. FEATURES - Recipe Keeper & Organizer – save recipes from TikTok, Instagram, Y…"
"6792559460","MealPot: Weekly Meal Planner","Canada","North America","52","1","1","1","MealPot turns a handful of quick questions into a complete week of meals — matched to where you shop, what you want to spend, and how your household eats. No account needed. Pick your supermarket, set a weekly budget, and tell MealPot about your dietary needs and allergies. MealPot builds a personal…"
"340368403","Cookpad Recipes","Canada","North America","53","569","4.79613","569","Not sure what to cook tonight? Cookpad recommends: search by ingredient or by dish across thousands of authentic recipes from a global community of home cooks — all verified by the people who have actually cooked them. WHAT SHOULD I COOK TONIGHT? Tell us what's in the fridge and we'll tell you what …"
"6740056091","Recipe Keeper - Recipe Bro","Canada","North America","54","11","4.90909","11","Take control of your kitchen with RecipeBro, your ultimate cooking companion. Effortlessly import recipes from anywhere, organize your personal cookbook, and discover exciting new dishes—all in one beautifully designed app. Why RecipeBro? Quick Recipe Import: Instantly import recipes from your favor…"
"1598423213","Just the Recipe: Cook smarter","Canada","North America","55","328","4.8628","328","Cook more, scroll less. JustTheRecipe pulls the recipe out of any page. No life stories, no ad walls, no endless scrolling. Just ingredients, steps, and the details you need to cook. PASTE OR SHARE A LINK Paste a URL or share straight from your browser, TikTok, Instagram, or any app with a share but…"
"1597523594","Umami - Recipe Manager","Canada","North America","56","45","4.88889","45","Umami is a beautifully designed app to collect, organize, and share recipes from any device. Collaborate Create a recipe book of your favorite family recipes and invite your family members to work on it with you. Or, start a recipe book with a friend so you can share the pastries and desserts you've…"
"6749602635","Provecho","Canada","North America","57","2","3","2","Warning: Downloading this app will make you never want to cook from a blog again. Provecho requires a paid subscription. Subscribe to unlock over 10,000 recipes from some of the most prolific chefs and cooking creators online including: @breadbakebeyond, @tylergrowthlife, @itsvegansis, @cheffinwithz…"
"1540604002","Pam Fitness & Food","Canada","North America","58","295","4.68136","295","THE BASICS: 1.⁠ ⁠Yummy and healthy recipes, using natural ingredients. No artificial sweeteners, etc. 2.⁠ ⁠I love to replace „bad“ ingredients of classic recipes - for example cane sugar or white flour - with more healthy alternatives. Therefore we can still eat dessert. But we get important nutrien…"
"1073341917","Recipe Keeper - CookBook","Canada","North America","59","637","4.76766","637","Stop screenshotting dinner ideas. CookBook turns recipes from Instagram, TikTok, websites and photos into meals you can plan, shop and cook. CookBook is a smart recipe keeper loved by thousands of home cooks. Save recipes from anywhere, organize them into a private digital cookbook, plan meals, crea…"
"1529870663","My Little Food Critic","Canada","North America","60","26","3.69231","26","The BEST SELLING My Little Food Critic App is your “go to” for feeding babies, toddlers, kids and the whole family! NEW RECIPES EVERY WEEK Fresh NEW recipes landing every week! Step by step recipe instructions, images and instructional recipe VIDEOS for selected recipes. Easily change cooking units …"
"714004506","Official Cookidoo App","Canada","North America","61","12768","4.83098","12768","The Official Thermomix® Cookidoo® App gives you access to the growing universe of mouth-watering Thermomix® Guided Cooking recipes. You pick and choose which recipes go with you wherever you are. Create an account and get cooking! SMART @ HEART Connect to Cookidoo® and access over 100,000 worldwide …"
"6779701143","Daily Bite: Save Recipes","Canada","North America","62","12","4.66667","12","Every other recipe app starts empty. Start your free trial and Daily Bite opens with 500+ high-protein recipes from real chefs, ready to cook on day one. Then it saves every recipe you find, from Instagram, TikTok, a screenshot, or almost any site, so you finally cook the ones you have been saving. …"
"409157308","Annabel Karmel Kids Recipes","Canada","North America","63","35","4.57143","35","Make feeding your baby, toddler and family easier with Annabel Karmel's multi award-winning recipe app. From first tastes and baby-led weaning to family meals, you'll find expert guidance, practical tools and over 1,500 nutritious recipes all in one place. Millions of families rely on Annabel's reci…"
"1575726528","Cuisinez pour bébé","Canada","North America","64","16","5","16","Recevez chaque semaine un nouveau menu pour faire le plein de découvertes culinaires avec votre bébé ! Dans cette application, il y a 2000 recettes pour bébé : - Des purées, - Des goûters, - Des desserts, - Des finger food, - Des batch cooking, - Et des recettes à partager en famille ! Quelle que so…"
"403188971","Pepperplate Cooking Planner","Canada","North America","65","7","3","7","Pepperplate is the only app for serious cooks. It has all the tools you need to cook weeknight dinners or host a dinner party for 12. Manage your recipes, create menus, shop with ease and cook like a pro on your iPad and iPhone. Features: * Pepperplate seamlessly manages recipes, menus and shopping …"
"1059134258","クラシル - 毎日の献立に！レシピ動画で料理がおいしく作れる","Canada","North America","66","313","4.73482","313","レシピプラットホーム『クラシル』 ◆クラシルとは クラシルは、アプリダウンロード数（※1）・平均レビュー評価（※2）・レシピ動画数（※3）のすべてにおいて国内No.1のレシピプラットホームです。2016年2月のサービス開始以降、「くらしを美味しく、あたたかく」をサービスコンセプトに掲げ、管理栄養士監修の「誰でも安全に・おいしい料理を作ることができるレシピ動画」を約50,000件以上提供してまいりました。おかげさまで、国内で最も利用されるレシピプラットフォームへと成長しました。 この度、クラシルはこれまで以上に便利で、楽しい料理体験を提供するプラットフォームへと進化します。 「レシピが見つかる場…"
"1661045349","Delish - Easy Dinner Recipes","Canada","North America","67","22","4.22727","22","Cooking just got easier. You don't have to be a trained chef to make insanely delicious food. Delish has all the easiest recipes, plus the coolest tricks and shortcuts to make cooking the most fun you've ever had. It help to find the perfect food and drink ideas for every ocassion, from weeknight di…"
"1548466041","Mela - Recipe Manager","Canada","North America","68","97","4.59794","97","Mela is a simple, elegant and modern recipe manager that syncs with iCloud. SYNC Sync your recipes with iCloud, either privately (default) or by sharing a recipe library with other iCloud users. IN-APP BROWSER WITH LIVE PREVIEW Quickly save a recipe while browsing: If Mela detects a recipe on the cu…"
"6460821436","Meal Plan & Weekly Menu","Canada","North America","69","321","4.71651","321","Did you know that meal planning can improve your health and mood? YouMealPlan is a beautiful all-in-one weekly meal planner that makes meal planning and preparation simple and fun. PLAN YOUR MEALS WITH A BEAUTIFUL DESIGN Create weekly meal plans, organise recipes and automatically generate grocery l…"
"1217456898","Tasty: Recipes, Cooking Videos","Canada","North America","70","51970","4.85998","51970","Welcome to the Tasty App – your ultimate cooking companion, featuring over 10,000 delicious recipes with video, step-by-step cooking mode, personalized recommendations, a thriving community of home chefs, and recipe shopping and seamless checkout. Tasty brings you the best of food and recipe discove…"
"6468674686","Guardian Feast: Daily Recipes","Canada","North America","71","406","4.78325","406","With over 7,000 recipes to choose from, find unique flavours, explore different cuisines and expand your usual repertoire, with a 14-day free trial of the Feast app. Or if you are already a Guardian subscriber, sign in to see if Feast is included in your subscription. The Feast app is filled with da…"
"6748003406","Yoomla・Recipe Keeper & Planner","Canada","North America","72","23","4.6087","23","Yoomla – Your Smart Recipe Keeper & Manager Discover, save, and organize all your favorite recipes in one place! Whether you're exploring new dishes or managing your go-to meals, Yoomla makes it easy to keep your culinary inspiration at your fingertips. SEARCH FOR RECIPES Smart Filters – Find recipe…"
"6443578246","Deglaze: Cooking, Simplified","Canada","North America","73","508","4.84252","508","Deglaze is built for people that love to cook. It simplifies your life by making it easy to get all of your recipes in one place and to create organized grocery lists in seconds. A fully featured free version is included, and you can optionally upgrade to Deglaze Pro—an auto-renewing subscription th…"
"6477910930","Pregnancy Diet - Food Guide","Canada","North America","74","19","4.42105","19","Tailored specifically for expectant mothers, our app offers a comprehensive selection of diet plans, recipes, and food safety tips that align with the latest nutritional guidelines for pregnancy. Discover delicious meals that cater to your cravings while ensuring the well-being of both you and your …"
"1157455937","Keto Diet Recipes App","Canada","North America","75","3039","4.64133","3039","Embark on a Transformative Keto Journey with Our App! *** Your Ultimate Keto Guide: Curious about the Keto Diet? Explore in-depth insights into Ketosis, different Keto approaches, benefits backed by science, overcoming Keto flu, and more! *** Comprehensive Food Lists: Discover vital lists for your K…"
"6759988866","AI Recipe & Meal Planner","Canada","North America","76","0","0","0","Turn food photos into recipes and plan your meals with ease. AI Recipe & Meal Planner helps you discover recipes from food photos, organize your weekly meals, and generate shopping lists automatically—so cooking becomes simple, organized, and enjoyable. Whether you're cooking for yourself, a partner…"
"1478347645","BLW Brasil - Alimentação bebês","Brazil","Latin America","1","2038","4.70658","2038","O que as pessoas estão falando do BLW Brasil: Isabelle Déa “Estou amando o app! Mostra a oferta de alimentos tanto em pedaços como amassadinhos, formas de preparo, etc. Ajuda muito, principalmente nós mães de primeira viagem” Iana Clara Amoras “Aplicativo excelente! Sem dúvida a melhor aquisição par…"
"1593779280","ReciMe: Receitas e Planejador","Brazil","Latin America","2","4094","4.84441","4094","O organizador de receitas nº 1. O ReciMe guarda todas as tuas receitas favoritas num só lugar, incluindo Instagram, Facebook, TikTok, YouTube e Pinterest. Cria listas de compras e planos de refeições com planner. Calcula as calorias de cada receita com nutrition calculator. Seja qual for a forma com…"
"1630738243","Garfinho: Alimentação infantil","Brazil","Latin America","3","356","4.9382","356","O que as pessoas estão falando do Garfinho: Isabel SSRG Fundamental!! “Esse app salvou a relação com a comida de toda família! Receitar práticas, cardápio incrível! Não fico sem!!” CamilaCMCV App maravilhoso!! “Sou mãe e nutricionista materno-infantil e amo esse app! Indico para todos os pacientes i…"
"6479693198","Eatr: IA Receitas, Cozinhar","Brazil","Latin America","4","4131","4.75333","4131","Bem-vindo ao Eatr – o companheiro perfeito para todos, desde iniciantes na cozinha até chefs experientes. Nosso aplicativo foi desenvolvido para guiá-lo em uma jornada culinária personalizada. Seja você alguém com pouco tempo ou que gosta de cozinhar com calma, o Eatr está ao seu lado. Gerenciamento…"
"1488585822","Brewfather","Brazil","Latin America","5","101","4.9703","101","Ferramenta poderosa e fácil de usar para suas necessidades cervejeiras. Crie e administre facilmente suas receitas. Acompanhe todos os detalhes de suas sessões e seu inventário de ingredientes. Brewfather é feito do zero para lhe dar o melhor planejamento de receitas e a melhor experiência de fabric…"
"1164423781","Gronda: Recipes for Chefs","Brazil","Latin America","6","463","4.82073","463","** Apple’s App of the Day in 120+ Countries ** ** Used by 2M+ Chefs Worldwide ** ""Unlimited amount of inspiration"" — Netflix Superstar Ana Roš Gronda is the #1 app for professional and home chefs. Learn from the world’s best, fine dining recipes, and connect with a global community of culinary exper…"
"6795911634","ReciDeck: Caderno de Receitas","Brazil","Latin America","7","3","5","3","Toda família tem um caderno de receitas. E todo mundo tem receita perdida nos salvos do Instagram. O ReciDeck junta as duas coisas num lugar só. Cada receita vira uma ficha limpa e pronta para cozinhar, com ingredientes, passos, porções e tempo. Um TikTok, um Reels, um vídeo do YouTube, um site, a f…"
"6469321012","Introdução Alimentar e BLW","Brazil","Latin America","8","22","5","22","Nosso aplicativo tem mais de 250 receitas deliciosas e saudáveis cuidadosamente preparadas para o seu bebê e um número ilimitado de receitas que você pode criar com inteligência artificial. Principais recursos do aplicativo: *Receitas: Mais de 250 receitas saudáveis e deliciosas cuidadosamente prepa…"
"1673078434","AL DANTE: Livro de Receitas","Brazil","Latin America","9","10","4.9","10","Cozinhe como um Chef junto com Al Dante - seu aplicativo de culinária perfeito! Aproveite nossa coleção de receitas insanamente deliciosas, encontre novas ideias para o preparo de refeições e transforme ingredientes comuns em pratos excepcionais. Recursos: USE RECEITAS PRONTAS: explore nossos guias …"
"911422904","NYT Cooking: Quick Tasty Meals","Brazil","Latin America","10","635","4.91811","635","New York Times Cooking has thousands of quick recipes you’ll love to make, from easy weeknight dinners to holiday showstoppers. Editor-curated collections make it easy to find the right recipe, and helpful videos make them fun and simple to cook. With our digital Recipe Box, you can easily save favo…"
"1514053992","Dieta na gravidez: o que comer","Brazil","Latin America","11","669","4.51719","669","O que comer durante a gravidez? Quais são as melhores receitas? Existe um lanche específico para o meu enjoo matinal? Encontre respostas sobre dieta e gravidez com este aplicativo muito completo. Todo o conteúdo escrito por nutricionistas certificados. Monitore sua dieta e encontre alternativas saud…"
"6760979962","Receitei: Receitas com IA","Brazil","Latin America","12","3","4.33333","3","Aquele reel do Instagram que você salvou pra cozinhar depois? Vira receita em segundos. O Receitei usa IA pra transformar qualquer link, foto ou texto em uma receita estruturada. Cole um reel do Instagram, um vídeo do TikTok, uma foto de livro de receita — e pronto. POR QUE RECEITEI • Importação por…"
"6714449541","Honeydew: Receitas e Cozinha","Brazil","Latin America","13","35","4.68571","35","TRANSFORME SUA COZINHA E SEU PLANEJAMENTO DE REFEIÇÕES COM O HONEYDEW O app mais inteligente de receitas, listas de compras e planejamento de refeições com IA. Importe qualquer receita com um toque a partir de redes sociais, vídeos do YouTube, Reels do Instagram e Facebook, capturas de tela, notas e…"
"6670216494","Mob: Meal Planner and Recipes","Brazil","Latin America","14","10","3.2","10","Join 4 million+ home cooks who've made weeknight cooking easy. Plan your week, build your shopping list in a tap, and never cook the same thing twice. Apple App of the Day and featured by Apple. Rated 4.5 stars by our community and loved in the press. Mob turns cooking from a daily scramble into the…"
"1157455937","Dieta cetogênica & receitas","Brazil","Latin America","15","320","4.47187","320","Embark on a Transformative Keto Journey with Our App! *** Your Ultimate Keto Guide: Curious about the Keto Diet? Explore in-depth insights into Ketosis, different Keto approaches, benefits backed by science, overcoming Keto flu, and more! *** Comprehensive Food Lists: Discover vital lists for your K…"
"1365223384","America's Test Kitchen","Brazil","Latin America","16","3","5","3","The America's Test Kitchen app delivers the best-tasting recipes, cooking videos, product reviews, and more than 30 years of test kitchen discoveries! Get every rigorously tested recipe from America’s Test Kitchen, Cook’s Illustrated, and Cook’s Country. Recipe collections for every occasion: Weekni…"
"585332633","Cookpad: Receitas Caseiras","Brazil","Latin America","17","195","4.88204","195","Não sabe o que cozinhar hoje? O Cookpad recomenda: busque por ingrediente ou por prato entre milhares de receitas autênticas de todo o mundo — todas verificadas por quem já as fez de verdade. O QUE FAZER HOJE? Diga o que você tem na geladeira e a gente diz o que fazer com isso. Um repolho, uma abobr…"
"6749602635","Provecho","Brazil","Latin America","18","0","0","0","Warning: Downloading this app will make you never want to cook from a blog again. Provecho requires a paid subscription. Subscribe to unlock over 10,000 recipes from some of the most prolific chefs and cooking creators online including: @breadbakebeyond, @tylergrowthlife, @itsvegansis, @cheffinwithz…"
"6748003406","Yoomla・Gestor de Receitas","Brazil","Latin America","19","35","4.74286","35","Yoomla – Seu Guarda-Recados Inteligente de Receitas Descubra, salve e organize todas as suas receitas favoritas em um só lugar! Seja explorando novos pratos ou organizando suas refeições do dia a dia, Yoomla facilita manter sua inspiração culinária sempre à mão. BUSCA DE RECEITAS Filtros Inteligente…"
"6790977063","Pitada: Salve Receitas","Brazil","Latin America","20","56","4.69643","56","Aquela receita que você viu no Reels não vai mais se perder. Compartilhe o vídeo com o Pitada e receba os ingredientes e o passo a passo organizados no seu caderninho — em segundos, sem digitar nada. SALVE DE QUALQUER LUGAR • De um vídeo: Instagram e TikTok. A gente assiste, escuta e anota pra você.…"
"340368403","レシピはクックパッド -No1節約料理や献立の検索アプリ","Brazil","Latin America","21","39","4.76923","39","◆クックパッドとは クックパッドは、利用者数 No.1のレシピサービス（iOSアプリ1日あたりのアクティブユーザー数 2024年7月〜9月 Data.ai より）です。料理中も見やすいレシピ、広告も一切なし、食材検索するだけで今日つくるものが決まります。またフォーマットに沿って材料や手順を入力するだけで、自分のレシピを簡単に書けます。 今日つくるものが決まる ・食材や料理名で検索するだけで、今日作りたいレシピが簡単に見つかる ・豊富なレシピ数で、定番からマンネリ解消レシピまで見ることができる 料理中も見やすいレシピ ・レシピにあるピンアイコンを押すと、今日つくりたいレシピをピン留めできる ・主…"
"959638683","Anova Culinary","Brazil","Latin America","22","239","4.37657","239","The Anova family of precision cookers allows everyone to cook like a pro! Paired with the Anova Culinary app, now perfectly cooked restaurant quality meals are as easy as the touch of a button. Browse the largest collection of sous vide recipes by Michelin star chefs and home cooks just like you. Th…"
"1187816119","IKAWA Home","Brazil","Latin America","23","0","0","0","THE IKAWA HOME ROASTING SYSTEM The IKAWA Home app forms an integral part of the roasting system by IKAWA Home and is designed only to be used with the IKAWA Home Roaster, our award winning and easy to use home coffee roasting machine. TAKE YOUR COFFEE TO THE NEXT LEVEL The IKAWA Home App serves as a…"
"6739286231","Osta: Save & Share Recipes","Brazil","Latin America","24","153","4.75817","153","With Osta, you can save & import recipes from Instagram, websites, and TikTok. Organize and cook your favorite recipes in your own personalized recipe box. All your recipes in one place. • Import recipes instantly from Instagram, TikTok, or a website. • Cook using a simple recipe display with no clu…"
"6759910814","Receiteria: Receitas Testadas","Brazil","Latin America","25","7","5","7","O melhor site de receitas do Brasil, agora num app. Receita testada é diferente de receita achada na internet. As mais de 7 mil receitas do Receiteria passaram pela mão de culinaristas antes de chegar aqui — e cada passo tem foto de verdade. RECEITAS COM PASSO A PASSO EM FOTO • Mais de 7 mil receita…"
"1280464759","Mixel - Cocktail Recipes","Brazil","Latin America","26","36","4.88889","36","What cocktails can you make right now? Tell Mixel what's in your bar, and instantly see every drink you can mix, from the classic to modern craft cocktails. Whether you're a home bartender, mixology enthusiast, or just hosting friends, Mixel turns your ingredients into perfectly crafted drinks. WHAT…"
"6753683618","GoomY: salve suas receitas","Brazil","Latin America","27","11","4.72727","11","GoomY é a app que transforma receitas encontradas nas redes sociais em fichas claras e prontas a usar. Copie um link da sua plataforma favorita e recupere automaticamente a receita na app, independentemente da rede social de origem. Com um só toque, organize as suas receitas em pastas temáticas, cri…"
"1479897492","EatMorePlants – Vegan Recipes","Brazil","Latin America","28","1","5","1","Weekly updated with new tasty, nutritious and easy recipes that hopefully will help inspire a healthy and sustainable way of eating! Welcome to my app! My name is Jenny, and I am the creator of the EatMorePlants app. My own journey towards a plant-based diet started some years ago. I was suffering f…"
"1618589011","Pick Up Limes","Brazil","Latin America","29","9","5","9","Plan your meals, feel nourished, and eat delicious plant-based food. The Pick Up Limes App brings together nourishing vegan recipes, personalized meal plans, grocery tools, nutrition support, and all your favourite online recipes in one place. Top features • 1800+ plant-based recipes, with new ones …"
"1563767649","RecipeChef - Minhas Receitas","Brazil","Latin America","30","19","4.31579","19","Armazene todas as suas receitas favoritas em um só lugar! Adicione suas próprias receitas e fotos, encontre a receita perfeita, adicione ingredientes à sua lista de compras, planeje suas refeições para a semana e muito mais! ADICIONE SUAS RECEITAS FAVORITAS RecipeChef é um gerenciador de receitas. É…"
"1571947269","Aquela Receita","Brazil","Latin America","31","65","4.72308","65","Aquela Receita é um app que reúne gastronomia à simplicidade, com o intuito de levar ao público através de nossas receitas uma forma mais prática, fácil e gostosa de cozinhar, ilustradas por vídeos e produção fotográfica. Política de privacidade: https://aquelareceita.com.br/politica-de-privacidade/…"
"1434244144","iCook: Receitas/Dieta saudável","Brazil","Latin America","32","5","4.59999","5","MAIS DE 1000 RECEITAS SAUDÁVEIS PARA TODA A FAMÍLIA, PLANEJADOR INTELIGENTE DE REFEIÇÕES E SEU ASSISTENTE PESSOAL DE NUTRIÇÃO COM IA — TUDO EM UM ÚNICO APLICATIVO! RECEITAS SAUDÁVEIS PARA TODA A FAMÍLIA — RÁPIDAS, SIMPLES E BASEADAS NA CIÊNCIA. iCook ajuda você a manter uma alimentação equilibrada f…"
"6755971582","Introdução Alimentar: Comidas","Brazil","Latin America","33","9","4.77778","9","# Primeiros Alimentos do Bebê: Primeiros Produtos, Opções Seguras de Servir e Planejamento de Refeições Conveniente O início da alimentação complementar é uma etapa importante no desenvolvimento da criança. Cada pai quer introduzir novos alimentos com calma, segurança e com a confiança de que a comi…"
"1568122827","The Doctor’s Kitchen","Brazil","Latin America","34","1","5","1","Take the hassle out of cooking healthy, balanced meals and discover 1000s of doctor-approved, simple delicious, recipes to cook at home. Plan meals with tailored recipe recommendations, personalised to your dietary and health needs. Search high protein meals, freezable recipes and many more categori…"
"6792960783","PAIR: Food & Flavor Pairing","Brazil","Latin America","35","0","0","0","PAIR is an encyclopedia of food and drink, and an engine that works out what goes with what. Put ingredients on a plate and PAIR draws the web between them, scoring every link on the aroma compounds they actually share. Point it at a dish and it ranks the wines, beers and cocktails against it, and t…"
"6777471316","mise - meal planner","Brazil","Latin America","36","31","4.70967","31","mise – meal planner Take the stress out of deciding what to eat. mise helps you generate personalised meal plans in seconds based on your dietary preferences, calorie goals, favourite UK supermarkets, budget, and the ingredients you already have at home. Whether you're meal prepping for the week, tr…"
"714004506","Bimby®, Cookidoo®","Brazil","Latin America","37","1420","4.92183","1420","A aplicação oficial Bimby® Cookidoo® dá-lhe acesso a milhares de receitas guiadas Bimby® , com sucesso garantido. Aceda às receitas onde quer que vá. Crie uma conta e comece a cozinhar Ao ritmo do coração Aceda a mais de 100 mil receitas de todo o mundo no Cookidoo®, através da aplicação e através d…"
"1553130679","Your Secret Menu for Starbucks","Brazil","Latin America","38","8","4.5","8","Discover 500+ secret menu drinks, viral TikTok favorites, and creative custom recipes for your next coffee run. NEW RECIPES ADDED EVERY WEEK • 14,000+ FIVE-STAR REVIEWS See a drink all over your feed? Find out what’s in it, choose your size, and get clear, simple instructions for how to order it. Th…"
"1303222868","Gestor de Receitas Paprika 3","Brazil","Latin America","39","70","4.85714","70","Organize suas receitas. Crie listas de compras. Planeje suas refeições. Baixe receitas a partir dos seus sites favoritos. Sincronize com perfeição entre todos os seus dispositivos. Recursos • Receitas - Baixe receitas a partir dos seus sites favoritos ou adicione suas próprias receitas. • Listas de …"
"6761039545","Gastronomium","Brazil","Latin America","40","26","4.73076","26","O Guia Gastronomium é o guia gastronômico definitivo de São Paulo, com mais de 1500 restaurantes avaliados. Encontre o restaurante ideal para cada ocasião com avaliações detalhadas, notas por categoria, fotos reais e localização no mapa. Explore por bairro, tipo de cozinha ou busque pelo nome do res…"
"1619509620","Cardápio Semanal","Brazil","Latin America","41","389","4.71722","389","Cardápio Semanal da Jojo Apps é um organizador de cardápios completo, gerador inteligente de refeições e livro de receitas. Economize tempo, economize dinheiro e coma de forma mais saudável criando planos de refeições personalizados (dietas, alergias) baseados nos ingredientes que você já tem em cas…"
"1059211083","Save Recipes - OrganizEat","Brazil","Latin America","42","222","4.67568","222","Elimine essas pilhas de livros culinários e organizadores de receitas da sua cozinha, quando começar a guardar as suas receitas favoritas com o OrganizEat Organizador de Receitas. Esta útil aplicação deixa o guardar as suas receitas favoritas organizadas diretamente no seu iPhone. Utilize esta aplic…"
"409157308","Annabel Karmel Kids Recipes","Brazil","Latin America","43","0","0","0","Make feeding your baby, toddler and family easier with Annabel Karmel's multi award-winning recipe app. From first tastes and baby-led weaning to family meals, you'll find expert guidance, practical tools and over 1,500 nutritious recipes all in one place. Millions of families rely on Annabel's reci…"
"1150921819","Filtru Coffee: Best Brew Guide","Brazil","Latin America","44","323","4.86997","323","O café é mais do que um hábito matinal. Com Filtru, você pode preparar um café melhor em casa, aprender cada método passo a passo e repetir suas receitas favoritas com confiança. Filtru orienta você através do Espresso, AeroPress, Chemex, Hario V60, Kalita Wave, Moka Pot, French Press, Siphon, Cezve…"
"1519905670","FourSix Coffee Timer","Brazil","Latin America","45","14","4.92856","14","FourSix makes brewing pour over coffee easy. There are countless ways to brew coffee. For coffee enthusiasts, sometimes these methods can get... complicated. And following a more complex recipe can be difficult, especially in the morning when you haven't had your coffee yet. Part calculator, part ti…"
"1548466041","Mela - Recipe Manager","Brazil","Latin America","46","11","3.81818","11","Mela is a simple, elegant and modern recipe manager that syncs with iCloud. SYNC Sync your recipes with iCloud, either privately (default) or by sharing a recipe library with other iCloud users. IN-APP BROWSER WITH LIVE PREVIEW Quickly save a recipe while browsing: If Mela detects a recipe on the cu…"
"1574776971","Pestle: Recipe Manager","Brazil","Latin America","47","15","4.46666","15","Save recipes from Instagram, TikTok, Facebook, YouTube and more with Pestle. IMPORT FROM ANYWHERE Import recipes from anywhere on the internet to Pestle, and keep just the ingredients and steps. Just tap 'Share', and 'Save to my Cookbook'. GUIDED COOKING Turn any recipe into a step-by-step process w…"
"6670431055","Tradutor de Cardápio","Brazil","Latin America","48","5","5","5","Transforme seu smartphone na ferramenta definitiva para explorar a culinária de qualquer restaurante, em qualquer lugar do mundo. Tradutor de Cardápio oferece traduções instantâneas e explicações detalhadas de pratos em mais de 80 idiomas — tudo com uma simples foto. **Como funciona:** Aponte sua câ…"
"974683711","Recipe Keeper","Brazil","Latin America","49","70","4.64286","70","Recipe Keeper é o organizador de receitas, lista de compras e planejador de refeições fácil de usar e completo, disponível em todos os seus dispositivos. ADICIONE RECEITAS RAPIDAMENTE E FACILMENTE Insira suas receitas com a quantidade de informações que desejar. Copie e cole receitas de seus documen…"
"1529870663","My Little Food Critic","Brazil","Latin America","50","0","0","0","The BEST SELLING My Little Food Critic App is your “go to” for feeding babies, toddlers, kids and the whole family! NEW RECIPES EVERY WEEK Fresh NEW recipes landing every week! Step by step recipe instructions, images and instructional recipe VIDEOS for selected recipes. Easily change cooking units …"
"6747908579","Receitas - Quanto Cobrar","Brazil","Latin America","51","399","4.88722","399","Calcule o valor de venda de suas receitas com o app Receitas - Quanto Cobrar. Saiba quanto cobrar por suas receitas de acordo com os materiais usados. Ganhe tempo ao calcular o custo de suas receitas. Esse app mostra o custo total e por quanto vender suas receitas. Saiba quanto cobrar de forma rápid…"
"1540604002","Pam Fitness & Food","Brazil","Latin America","52","90","4.94444","90","THE BASICS: 1.⁠ ⁠Yummy and healthy recipes, using natural ingredients. No artificial sweeteners, etc. 2.⁠ ⁠I love to replace „bad“ ingredients of classic recipes - for example cane sugar or white flour - with more healthy alternatives. Therefore we can still eat dessert. But we get important nutrien…"
"1509960397","Decanto - Wine & Food Pairing","Brazil","Latin America","53","0","0","0","Encontra o vinho perfeito para tuas deliciosas receitas. Não existe vinho perfeito, apenas combinações perfeitas. O Decanto te ajuda a harmonizar comida e vinho de forma profissional, a partir das suas receitas ou das garrafas disponíveis na sua adega. A complicada arte do harmonização não será mais…"
"1454663016","World of Mouth","Brazil","Latin America","54","11","5","11","World of Mouth connects you with the world’s best restaurants, recommended by top chefs, food writers, and sommeliers. Whether you’re traveling to a new city or exploring your hometown, discover trusted, insider picks for every meal. LET TOP CHEFS AND FOOD WRITERS GUIDE YOU Over 800 carefully select…"
"1533933692","Receitas de café: Secret Menu","Brazil","Latin America","55","85","4.65882","85","Transforme sua cozinha na sua cafeteria favorita. Já viu uma bebida colorida em uma cafeteria e ficou curioso para saber o que ela leva? Secret Menu: Coffee Recipes coloca mais de 600 receitas criativas de bebidas na palma da sua mão para você descobrir novos sabores e preparar suas favoritas em cas…"
"6741486886","CookNest・Guarde suas receitas","Brazil","Latin America","56","4","5","4","Bem-vindo ao CookNest, o app para salvar receitas de qualquer lugar, planejar refeições e criar listas de compras de forma fácil. Importe receitas do Instagram, TikTok, YouTube ou de sites e deixe o app extrair ingredientes, passos, calorias e macronutrientes. Transforme suas receitas em listas de c…"
"6777233315","Pastri: Custos de receitas","Brazil","Latin America","57","0","0","0","Feito para confeiteiros. Pronto para qualquer receita. Pastri é uma calculadora de custos de receitas para confeiteiros independentes, padeiros, chefs, profissionais de buffet e pequenos negócios de alimentação. De bolos e biscoitos a pães, molhos, bebidas e pratos salgados, Pastri ajuda você a desc…"
"1133637674","Samsung Food: Meal Planner","Brazil","Latin America","58","11","4","11","Samsung Food — The Most Powerful Free Meal Planning App What if your meal planner could do it all — for free? Samsung Food brings you everything you need to plan meals, save recipes, shop smarter, and cook better. All in one place. We help millions of home cooks — from beginners to pros — eat health…"
"6478546136","Flavorish | Save Any Recipe","Brazil","Latin America","59","3","4.66667","3","Save recipes from Instagram, Facebook, TikTok, YouTube, websites, cookbooks, handwritten notes, and more, all in one app! Turn them into meal plans and grocery lists in seconds. With Flavorish, your go-to recipe app, organizing, saving, and cooking has never been easier. Save recipes from anywhere -…"
"1446327089","Home Chefs","Brazil","Latin America","60","10","1.5","10","Cozinhar se tornou um peso na sua rotina? Agilize a sua vida na cozinha e torne as suas refeições mais diversificadas e saudáveis com a Home Chefs! Receba cardápios planejados para o seu café, almoço e jantar diários, com receitas de no máximo 30 minutos e sugestões 100% personalizadas, por meio de …"
"6749379823","TinyRecipe: Receitas IA","Brazil","Latin America","61","0","0","0","Chega de se perguntar ""O que vamos comer hoje?"" e comece a cozinhar com o TinyRecipe. O TinyRecipe é o seu gerador de receitas com IA, planejador de refeições e lista de compras inteligente tudo-em-um. Transforme os ingredientes da sua despensa em pratos deliciosos, salve receitas de qualquer lugar …"
"6783742855","NeatEat - Meal Planner","Brazil","Latin America","62","13","4.38462","13","Tell NeatEat your store and your weekly food budget. Get a full week of simple meals and a costed shopping list that comes in under it — every time. No spreadsheets, no guesswork, no nasty surprise at the till. HOW IT WORKS (WITH NEATEAT PREMIUM) • Pick your supermarket and set a weekly budget • Get…"
"6740056091","Guia de Receitas - Recipe Bro","Brazil","Latin America","63","1","5","1","Cansado de perder receitas importantes no TudoGostoso, YouTube, Instagram ou em cadernos rabiscados? Com o RecipeBro, você assume o controle da sua cozinha! Importe receitas sem esforço de qualquer lugar, organize seu livro de receitas pessoal e descubra pratos novos e emocionantes—tudo em um app co…"
"6771656155","Eat Matters: Minhas receitas","Brazil","Latin America","64","0","0","0","Salve uma receita de um vídeo, um link ou a foto de uma página manuscrita. Eat Matters transforma em uma ficha: ingredientes, quantidades, passos e nutrição. Reels nos salvos. Vídeos em ""Assistir mais tarde"". Prints na galeria. Links nas notas. O caderno da avó na estante. Você guardou centenas de r…"
"1541820377","Make Me A Cocktail","Brazil","Latin America","65","34","4.91176","34","Make A Cocktail is the official app from Make Me A Cocktail — the world's greatest online cocktail resource, with over 3,500 recipes and a global community of home bar enthusiasts. Now with hands-free, step-by-step voice guidance, photo-scan your bar, and live AI advice from Cocktail Colin & Cocktai…"
"6450664772","Scoolinary: Learn & Cook","Brazil","Latin America","66","5","5","5","Scoolinary is the culinary learning app for chefs, entrepreneurs, students, and passionate home cooks. Learn from the world’s best chefs, with 50+ Michelin stars, and access 400+ courses and 3,000 step-by-step video recipes. What you’ll learn •Professional cooking techniques applicable to any dish. …"
"1531156635","Pantrist - Lista de Compras","Brazil","Latin America","67","1","5","1","O Pantrist mantém sua despensa abastecida e suas compras organizadas – de forma automática. O app controla seus estoques, lembra o que você precisa comprar e permite compartilhar uma lista de compras ao vivo com toda a sua casa. Seja para compras a dois ou para gerenciar as compras de uma família in…"
"1481818660","CibouScan - Comida e beleza","Brazil","Latin America","68","184","4.70109","184","CIBOUSCAN: Digitaliza os teus produtos de BELEZA & ALIMENTAÇÃO Pontuação de Saúde, Nutri-Score, NOVA, Calorias & Receitas CIBOUSCAN é a aplicação tudo-em-um para cuidares da tua saúde, pele, nutrição e do planeta. Digitaliza produtos de beleza e alimentação em segundos para entenderes o que usas e c…"
"1593779280","Cocina recetas caseras: ReciMe","Mexico","Latin America","1","4507","4.83803","4507","El organizador de recetas número 1. ReciMe guarda todas tus recetas favoritas en un solo lugar, incluidas las de Instagram, Facebook, TikTok, YouTube y Pinterest. Crea listas de compras y planes de comidas. Calcula las calorías de cada receta. Cocines como cocines, ReciMe te ayuda a hacerlo mejor. F…"
"1164423781","Gronda: Recetas para Chefs","Mexico","Latin America","2","952","4.87185","952","** App del Día de Apple en más de 120 países ** ** Usada por más de 2 millones de chefs en todo el mundo ** ""Inspiración sin límites"" — Ana Roš, estrella de Netflix Gronda es la app número 1 para chefs profesionales y aficionados a la cocina. Aprende de los mejores, encuentra recetas de alta cocina …"
"6450664772","Scoolinary: Aprende & Cocina","Mexico","Latin America","3","138","4.81159","138","Scoolinary es la app de aprendizaje gastronómico para chefs, emprendedores, estudiantes y apasionados de la cocina. Aprende con los mejores chefs del mundo, con 50+ estrellas Michelin, y accede a 400+ cursos y 3.000 recetas en video paso a paso. Lo que aprenderás: • Técnicas de cocina profesional ap…"
"911422904","NYT Cooking: Recipes & Tips","Mexico","Latin America","4","1289","4.95423","1289","Haz que tu tiempo en la cocina sea más fácil con la aplicación NYT Cooking. Busca entre miles de recetas del New York Times y organiza tus favoritas para que puedas cocinar para cualquier persona, en cualquier momento. Suscríbete en la aplicación o, si ya eres suscriptor de NYT Cooking, inicia sesió…"
"6477639407","Voraa","Mexico","Latin America","5","264","4.72727","264","DESCUBRE LOS MEJORES LUGARES DE LA CIUDAD: RESTAURANTES, BARES, CAFETERÍAS Sumérgete en nuestra selección exclusiva de lugares elegidos por su deliciosa cocina, ubicación conveniente o ambiente único. Ya sea que busques auténtica pasta italiana o un lugar acogedor para brunch, Voraa te facilita enco…"
"6479693198","Eatr: Macros meals organizer","Mexico","Latin America","6","1568","4.713","1568","Bienvenido a Eatr: el compañero perfecto para todos, desde principiantes en la cocina hasta chefs expertos. Nuestra aplicación está diseñada para guiarte en una aventura culinaria personalizada. Ya sea que tengas poco tiempo o quieras disfrutar de largas sesiones de cocina, Eatr está a tu lado. Gest…"
"1497047085","BLW Ideas - Recetas para bebé","Mexico","Latin America","7","43","4.13953","43","Opiniones sobre la app: Elizabethminch Una muy buena inversión. Te salva la vida cuando empiezas con la alimentación complementaria desde qué necesitas y consejos para el inicio, ingredientes, edad, recetas, menús, cómo ofrecer, etc. Me la habían recomendado otras mamis y yo la recomiendo mil veces,…"
"6794049757","Anychef - Meal Plans & Recipes","Mexico","Latin America","8","0","0","0","Save recipes from anywhere, create meal plans, get grocery lists for your recipes, and cook with simple step-by-step instructions. SAVE RECIPES FROM ANYWHERE • Import recipes you find on TikTok, Instagram, Pinterest, Facebook, YouTube, and more • Turn recipes from social media into clean, easy-to-us…"
"6670216494","Mob: Meal Planner and Recipes","Mexico","Latin America","9","22","3.36364","22","Join 4 million+ home cooks who've made weeknight cooking easy. Plan your week, build your shopping list in a tap, and never cook the same thing twice. Apple App of the Day and featured by Apple. Rated 4.5 stars by our community and loved in the press. Mob turns cooking from a daily scramble into the…"
"6447921573","Dieta para embarazadas, platos","Mexico","Latin America","10","8","5","8","Presentamos Dieta para embarazadas, ¡la aplicación definitiva para recetas, alimentos, ingredientes y consejos para el embarazo! ¿Es usted una futura mamá que busca ideas de comidas deliciosas y saludables para ayudar a su bebé en crecimiento? No busque más, nuestra app está diseñada específicamente…"
"680885433","Recetas Kiwilimón","Mexico","Latin America","11","21074","4.83164","21074","¡La app de kiwilimón tiene más de 21,000 recetas para que armes tu menú! Descárgala gratis y empieza a cocinar recetas fáciles, postres, bebidas, comida mexicana y más. Kiwilimón está aquí para enseñarte a cocinar con miles de recetas y convertirte en el mejor chef de todos. Guarda tus recetas favor…"
"6798486261","Recipy: Planificador y Recetas","Mexico","Latin America","12","73","3.31507","73","Recipy - Planificador y Recetas ¿Cansado de abrir el refrigerador y preguntarte “¿qué cocino hoy?” Recipy convierte ese caos diario en un sistema simple y organizado que realmente vas a usar. Lo que te va a encantar: Crea planes de comidas semanales en minutos Guarda tus recetas favoritas o descubre…"
"1157455937","Dietas Keto para perder peso","Mexico","Latin America","13","1023","4.75171","1023","Embark on a Transformative Keto Journey with Our App! *** Your Ultimate Keto Guide: Curious about the Keto Diet? Explore in-depth insights into Ketosis, different Keto approaches, benefits backed by science, overcoming Keto flu, and more! *** Comprehensive Food Lists: Discover vital lists for your K…"
"1553001581","Aeromatic","Mexico","Latin America","14","9","4.66667","9","Aeromatic es el asistente supremo para infusionar café con tu AeroPress. Ofrece 60+ recetas seleccionadas por baristas, tostadores y ganadores de campeonatos. Experimentar es fácil con instrucciones paso a paso, un cronómetro incorporado y tutoriales en video. También puedes agregar notas o intentar…"
"6748003406","Yoomla: Recetas de Cocina","Mexico","Latin America","15","116","4.55172","116","Yoomla – Tu Guardián Inteligente de Recetas Descubre, guarda y organiza todas tus recetas favoritas en un solo lugar. Ya sea que explores nuevos platos o administres tus comidas del día a día, Yoomla facilita mantener tu inspiración culinaria siempre a mano. BÚSQUEDA DE RECETAS Filtros Inteligentes …"
"585332633","Cookpad recetas, cocina casera","Mexico","Latin America","16","1302","4.89017","1302","¿Qué cocino hoy de almuerzo? Cookpad te recomienda: busca por ingrediente o por plato entre miles de recetas auténticas de todo el mundo, todas verificadas por quienes ya las cocinaron de verdad. ¿QUÉ PUEDO COCINAR HOY DE ALMUERZO? Dinos qué tienes en casa y te decimos qué hacer con eso. Unas pechug…"
"6450946582","BabyLion Recetas","Mexico","Latin America","17","0","0","0","Recetas BLW mexicanas para bebés de 6 meses en adelante, organizadas por etapa (+6, +9 y +12 meses), con guías de seguridad y alérgenos, plan semanal, lista de compras y un diario de primeros alimentos. Sin sal ni azúcar añadida. BabyLion nació en babylion.com.mx, donde más de 160,000 familias han c…"
"1550827637","Starbucks Secret Menu","Mexico","Latin America","18","34","4.47058","34","Have you ever wanted to try something new at your favorite coffee shop? Unlock 480+ secret menu recipes including the latest additions like 'Lemon Bar Freeze', 'Red Velvet Cold Brew', 'Salted Caramel Praline Cold Brew', 'Pumpkin Caramel Macchiato', 'Unicorn Dreams', 'Honeycomb Macchiato', 'Toasted M…"
"6749602635","Provecho","Mexico","Latin America","19","0","0","0","Warning: Downloading this app will make you never want to cook from a blog again. Provecho requires a paid subscription. Subscribe to unlock over 10,000 recipes from some of the most prolific chefs and cooking creators online including: @breadbakebeyond, @tylergrowthlife, @itsvegansis, @cheffinwithz…"
"1481818660","CibouScan - Comida y belleza","Mexico","Latin America","20","353","4.6204","353","CIBOUSCAN: Escanea tus productos de BELLEZA y ALIMENTOS Puntuación de salud, Nutri-Score, NOVA, Calorías y Recetas CIBOUSCAN es la app todo en uno para cuidar tu salud, piel, nutrición y el planeta. Escanea productos de belleza y alimentos en segundos para entender lo que usas y comes - ingredientes…"
"6741486886","CookNest・Guarda tus recetas","Mexico","Latin America","21","134","4.69402","134","Bienvenido a CookNest, la app para guardar recetas desde cualquier lugar, planear tus comidas y crear listas del súper de forma fácil. Importa recetas desde Instagram, TikTok, YouTube o cualquier sitio web y deja que la app extraiga ingredientes, pasos, calorías y macronutrientes. Convierte tus rece…"
"6778927540","Plantry: AI Meal Planner","Mexico","Latin America","22","0","0","0","Plantry plans your whole week of meals in 60 seconds — breakfast, lunch and dinner — around your budget, your supermarket and what's already in your fridge. Then it writes your grocery list for you, sorted by aisle and priced for your store. Meet Pip, your little meal-planning sidekick. Tell Pip who…"
"1583957001","Biotiful App: tu cocina fácil","Mexico","Latin America","23","0","0","0","Biotiful App es la cocina que se adapta a ti. No es solo recetas: es alivio mental y acompañamiento en la cocina. Recetas fáciles, menús flexibles y herramientas que hacen que cocinar no se sienta como una tarea más. Ideas cuando te faltan, estructura cuando la necesitas y flexibilidad siempre. Pens…"
"1514053992","Alimentación para embarazadas","Mexico","Latin America","24","189","4.53439","189","¿Qué debes comer en el embarazo? ¿Cuáles son las mejores recetas? ¿Hay algún tentempié en particular para los mareos por la mañana? Encuentra respuestas sobre la dieta durante el embarazo con esta completa app. Nutricionistas certificados han escrito todo el contenido. Vigila tu dieta y encuentra al…"
"312101965","Epicurious","Mexico","Latin America","25","618","4.90291","618","Cook smarter with 50,000+ tested recipes from Epicurious, Bon Appétit, and more. Find easy dinners, healthy meals, and expert cooking guidance - all in one app. Subscribe to the Epicurious in the app, or if you’re already a subscriber, log in for unlimited access to recipes and so much more. THE EPI…"
"6756336960","Emplatado de comida con AI","Mexico","Latin America","26","0","0","0","Turn everyday meals into visually stunning dishes with AI Food Plating. Whether you are a home cook, food creator, chef, or simply love beautiful food, this app helps you improve your food presentation instantly using the power of artificial intelligence. Select ingredients from your pantry, upload …"
"6714449541","Honeydew: Recetas y Cocina","Mexico","Latin America","27","63","4.69841","63","TRANSFORMA TU COCINA Y TU PLANEACIÓN DE COMIDAS CON HONEYDEW La app más inteligente de recetas, listas de compras y planeación de comidas con IA. Importa cualquier receta con un toque desde redes sociales, videos de YouTube, Reels de Instagram y Facebook, capturas, notas y sitios web. Convierte las …"
"1619509620","Menú Semanal Planificador","Mexico","Latin America","28","282","4.74113","282","Menú Semanal Planificador de Jojo Apps es un organizador de menús todo en uno, un generador inteligente de comidas y un recetario. Ahorra tiempo, ahorra dinero y come más sano creando planes de comidas personalizados (dietas, alergias) basados en los ingredientes que ya tienes en casa. QUÉ HACE Y PA…"
"1673078434","Recetas de Cocina: AL DANTE","Mexico","Latin America","29","15","4.93333","15","¡Cocina como un chef junto con Al Dante, tu aplicación de cocina perfecta! Disfruta de nuestra colección de recetas increíblemente deliciosas, encuentra nuevas ideas para la preparación de comidas y transforma ingredientes cotidianos en platos excepcionales. Funciones: USA RECETAS LISTAS: explora nu…"
"839914467","Secret Menu Coffee Recipes","Mexico","Latin America","30","137","4.64964","137","Secret Menu is an independent, unofficial guide. Not affiliated with, endorsed by, or sponsored by Starbucks Corporation. STARBUCKS is a registered trademark of Starbucks Corporation. Discover 200+ cafe-style drink recipes — with step-by-step ordering and at-home instructions so you get it right eve…"
"1618589011","Pick Up Limes","Mexico","Latin America","31","16","5","16","Plan your meals, feel nourished, and eat delicious plant-based food. The Pick Up Limes App brings together nourishing vegan recipes, personalized meal plans, grocery tools, nutrition support, and all your favourite online recipes in one place. Top features • 1800+ plant-based recipes, with new ones …"
"1553130679","Your Secret Menu for Starbucks","Mexico","Latin America","32","29","4.82759","29","Descubre más de 500 bebidas del menú secreto, favoritos virales de TikTok y recetas creativas para probar la próxima vez que vayas por café Nuevas recetas cada semana • Más de 14,000 ratings de 5 estrellas ¿Viste una bebida por todo tu feed? Descubre qué lleva, elige tu tamaño y sigue instrucciones …"
"1525239805","Gluten Morgen","Mexico","Latin America","33","395","4.73923","395","Gluten Morgen es la app definitiva para panaderos caseros y profesionales. Calcula porcentajes de panadero, organiza tus recetas y aprende con la comunidad de masa madre más grande en español. Creada por Ramón Garriga (Gluten Morgen), referente mundial de la panadería artesanal y coautor del libro M…"
"6758655289","Recetas de Cócteles y Tragos","Mexico","Latin America","34","4","4.75","4","Prepara cócteles y tragos con los ingredientes que ya tienes. ¿Buscas recetas de cócteles que puedas preparar ahora mismo? Recetas de Cócteles y Tragos es una app rápida y sencilla para encontrar bebidas según los ingredientes que tienes en casa. Elige tus licores, mezcladores y extras, y descubre q…"
"6469321012","Recetas Bebé: BLW y Papillas","Mexico","Latin America","35","47","4.78723","47","Nuestra aplicación cuenta con más de 250 recetas deliciosas y saludables cuidadosamente preparadas para tu bebé y un número ilimitado de recetas que puedes crear con inteligencia artificial. Principales características de la aplicación: *Recetas: Más de 250 recetas saludables y deliciosas cuidadosam…"
"1454663016","World of Mouth","Mexico","Latin America","36","17","4.94118","17","World of Mouth connects you with the world’s best restaurants, recommended by top chefs, food writers, and sommeliers. Whether you’re traveling to a new city or exploring your hometown, discover trusted, insider picks for every meal. LET TOP CHEFS AND FOOD WRITERS GUIDE YOU Over 800 carefully select…"
"6742485790","All My Meals - Guardar recetas","Mexico","Latin America","37","67","4.77611","67","¡Tu recetario para guardar recetas de las redes sociales! Bienvenido a All My Meals, tu aplicación de recetas inteligente que te permite guardar las recetas virales de tus redes sociales y organizar tu cocina en un solo lugar. Despídete del eterno dilema diario: ""¿Qué comemos hoy?"". - 4,7 estrellas …"
"959638683","Anova Culinary","Mexico","Latin America","38","190","4.62105","190","The Anova family of precision cookers allows everyone to cook like a pro! Paired with the Anova Culinary app, now perfectly cooked restaurant quality meals are as easy as the touch of a button. Browse the largest collection of sous vide recipes by Michelin star chefs and home cooks just like you. Th…"
"6739286231","Osta: Guardar recetas","Mexico","Latin America","39","674","4.84718","674","Con Osta puedes guardar e importar recetas de Instagram, sitios web y TikTok. Organiza y cocina tus recetas favoritas en tu propia caja de recetas personalizada. Todas tus recetas en un solo lugar. • Importa recetas al instante desde Instagram, TikTok o una web. • Cocina con una vista de receta simp…"
"6756547169","Cookara: Coste de Recetas","Mexico","Latin America","40","12","5","12","Cocinas cada día. Pero las cuentas no terminan nunca. Cookara sustituye las hojas de cálculo, los cuadernos y la carga mental con un solo lugar que hace los números por ti. Añade tus recetas una vez. Cookara se encarga de las cuentas desde ahí. Cookara ayuda a panaderos, pasteleros, cocineros y pequ…"
"6742724911","Mixly: Barman IA y Cócteles","Mexico","Latin America","41","2","5","2","Conoce a tu barman IA. Dile a Mixly qué tienes en tu barra y pídele lo que quieras: ""Tengo tequila y limón, ¿qué preparo?"" o ""Algo ahumado con mezcal para esta noche"". En segundos recibes una receta real, medida para tu vaso, de una biblioteca con más de 1000 cócteles y bebidas sin alcohol. ¿QUÉ PUE…"
"340368403","レシピはクックパッド -No1節約料理や献立の検索アプリ","Mexico","Latin America","42","34","4.85294","34","◆クックパッドとは クックパッドは、利用者数 No.1のレシピサービス（iOSアプリ1日あたりのアクティブユーザー数 2024年7月〜9月 Data.ai より）です。料理中も見やすいレシピ、広告も一切なし、食材検索するだけで今日つくるものが決まります。またフォーマットに沿って材料や手順を入力するだけで、自分のレシピを簡単に書けます。 今日つくるものが決まる ・食材や料理名で検索するだけで、今日作りたいレシピが簡単に見つかる ・豊富なレシピ数で、定番からマンネリ解消レシピまで見ることができる 料理中も見やすいレシピ ・レシピにあるピンアイコンを押すと、今日つくりたいレシピをピン留めできる ・主…"
"6782875153","Creador de Menús: Menú Digital","Mexico","Latin America","43","7","4.28571","7","Creador de Menús: Menú Digital App ofrece a restaurantes, cafeterías, panaderías, camiones de comida y pequeñas empresas todo lo necesario para crear menús profesionales y digitalizarse. Con más de 5000 plantillas listas para usar, un creador de menús con código QR integrado y herramientas de edició…"
"1472765520","Sidekick by Sorted Food","Mexico","Latin America","44","1","5","1","Sidekick - Your Personal Kitchen Sidekick Tired of the same old meals? Let Sidekick solve your dinner dilemma with exciting new recipes, smarter shopping and stress-free cooking. Over 4,000,000 dishes cooked so far… Sidekick is here to simplify your weekly meal planning, making cooking at home easie…"
"6566183422","Taste Ai","Mexico","Latin America","45","14","4","14","Meet your new kitchen helper, Taste Ai ! This app uses artificial intelligence (AI) to deliver recipes customized to your unique preferences and needs. Key Features: - Customized Recipe Creation. Select your preferred cuisine, meal type, difficulty, preparation time, number of servings, desired ingr…"
"1150921819","Filtru Coffee: Best Brew Guide","Mexico","Latin America","46","356","4.91292","356","El café es más que un hábito matutino. Con Filtru, puedes preparar un mejor café en casa, aprender cada método paso a paso y repetir tus recetas favoritas con confianza. Filtru lo guía a través de Espresso, AeroPress, Chemex, Hario V60, Kalita Wave, Moka Pot, French Press, Syphon, Cezve, Phin vietna…"
"1572670746","Little Lunches-Menú para Niños","Mexico","Latin America","47","178","4.80337","178","Little Lunches ayuda a las familias a ahorrar tiempo, reducir el estrés a la hora de comer y alimentar a sus hijos con confianza gracias a planes de comidas personalizados, recetas para niños, ideas para loncheras y orientación alimentaria creada por expertos en nutrición pediátrica. CON LA CONFIANZ…"
"1488585822","Brewfather","Mexico","Latin America","48","17","5","17","Powerful and easy to use tool for your brewing needs. Easily create and manage your recipes. Keep track of all the details in your batches and your ingredients inventory. Brewfather is made from the ground up to give you the best recipe design and brewing experience on both desktop and mobile device…"
"6757681641","Gelato Lab App","Mexico","Latin America","49","0","0","0","Gelato Lab es la herramienta de formulación definitiva para productores de gelato artesanal y helados. Ya seas un maestro gelatiere profesional o un apasionado de la elaboración casera, equilibra tus recetas como un experto con precisión científica. CARACTERÍSTICAS: • Equilibrio Inteligente - Calcul…"
"6760556558","Clipzi — Video a receta","Mexico","Latin America","50","0","0","0","Convierte videos de cocina en recetas reales. Deja de guardar videos que nunca volverás a ver. Pega un enlace y obtén la receta completa: ingredientes, pasos y temporizadores. Clipzi toma cualquier video que ya tengas y lo convierte en algo que de verdad puedes cocinar. Lo que obtienes: • Receta com…"
"6778760884","Potto - meal planner","Mexico","Latin America","51","3","5","3","Potto turns a few simple choices into a full week of meals — built around your supermarket, your budget, and the way you like to eat. No account, no fuss. Tell Potto your store, your weekly budget, your dietary needs and the gadgets in your kitchen, and it instantly creates a meal plan with recipes,…"
"6760729049","ReciBites: Guarda Recetas","Mexico","Latin America","52","7","5","7","Guarda cualquier receta de TikTok, Instagram o de cualquier web con un toque. ReciBites la convierte en un menú semanal y en una lista de compras por pasillos. La mayoría de las apps de recetas son una carpeta que acabas olvidando. Esta es una cocina: cada receta que guardas conoce tu dieta, tus ale…"
"6766358272","RecipeLab - Healthy Recipes","Mexico","Latin America","53","0","0","0","RecipeLab is the recipe app for people who want to eat healthier without making it complicated. RecipeLab is built around the idea that eating for your goals should feel good, taste great, and actually fit your life. Tell us a little about yourself and we'll match you with delicious recipes that cru…"
"6779308914","Menú y Lista Compra - Super","Mexico","Latin America","54","0","0","0","Todas las funcionalidades requieren suscripción. 7 días de prueba gratuita, después 44,99€/año. Deja de improvisar en el supermercado y de llegar a casa sin saber qué cocinar. Super genera tu menú semanal personalizado en segundos y te da la lista de la compra lista para usar. ASÍ FUNCIONA Completas…"
"6805666115","NefroChef: Dieta y Recetas","Mexico","Latin America","55","1","5","1","Comer bien cuando tienes una enfermedad crónica no debería ser un rompecabezas. NefroChef calcula tus límites diarios según TU caso y te muestra solo las recetas que puedes comer. Cada una está revisada por una nefróloga. PARA TU CONDICIÓN • Enfermedad renal crónica, diálisis, trasplante • Diabetes …"
"1598423213","Just the Recipe: Cook smarter","Mexico","Latin America","56","2","5","2","Cook more, scroll less. JustTheRecipe pulls the recipe out of any page. No life stories, no ad walls, no endless scrolling. Just ingredients, steps, and the details you need to cook. PASTE OR SHARE A LINK Paste a URL or share straight from your browser, TikTok, Instagram, or any app with a share but…"
"1540604002","Pam Fitness & Food","Mexico","Latin America","57","165","4.89696","165","THE BASICS: 1.⁠ ⁠Yummy and healthy recipes, using natural ingredients. No artificial sweeteners, etc. 2.⁠ ⁠I love to replace „bad“ ingredients of classic recipes - for example cane sugar or white flour - with more healthy alternatives. Therefore we can still eat dessert. But we get important nutrien…"
"6767023560","CoffeeMan: Registro Espresso","Mexico","Latin America","58","1","5","1","CoffeeMan ayuda a los baristas caseros a sacar un mejor espresso, shot a shot. Calibra tu molinillo, usa el temporizador de extracción integrado y anota cada shot: dosis, rendimiento, ratio, tiempo y cata. Cuando un shot sale ácido, amargo o simplemente raro, el diagnóstico en el dispositivo te dice…"
"1575726528","Cuisinez pour bébé","Mexico","Latin America","59","0","0","0","Recevez chaque semaine un nouveau menu pour faire le plein de découvertes culinaires avec votre bébé ! Dans cette application, il y a 2000 recettes pour bébé : - Des purées, - Des goûters, - Des desserts, - Des finger food, - Des batch cooking, - Et des recettes à partager en famille ! Quelle que so…"
"1303222868","Gestor de recetas Paprika 3","Mexico","Latin America","60","86","4.77907","86","Organiza tus recetas. Crea listas de la compra. Planifica tus comidas. Descárgate recetas de tus sitios web favoritos. Sincronización perfecta con todos tus dispositivos. Funciones • Recetas: descárgate recetas de tus sitios web favoritos o añade las tuyas propias. • Listas de la compra: crea listas…"
"6764177904","Ritual Café","Mexico","Latin America","61","1","5","1","Ritual Café es la forma más simple de preparar café bien. Diseñada para eliminar la fricción del proceso, te permite enfocarte en lo importante: el ritual. Sigue el proceso paso a paso Cada receta te guía con tiempos claros y acciones precisas para preparar café sin pensar. Usa café o agua como refe…"
"1529870663","My Little Food Critic","Mexico","Latin America","62","2","1","2","The BEST SELLING My Little Food Critic App is your “go to” for feeding babies, toddlers, kids and the whole family! NEW RECIPES EVERY WEEK Fresh NEW recipes landing every week! Step by step recipe instructions, images and instructional recipe VIDEOS for selected recipes. Easily change cooking units …"
"6449238016","Mixology AI","Mexico","Latin America","63","1","5","1","Mixology AI — the bartender for what you already have. Tell Mixology AI what's on your shelf, the kind of night you're having, or just what you feel like drinking — and it crafts a recipe built around your ingredients, not someone else's. Built around your shelf Type or speak the spirits, mixers, an…"
"1555897547","CakeCost","Mexico","Latin America","64","0","0","0","Are you struggling to figure out what to charge for your cakes and baking services? - CakeCost is designed for bakers and cake decorators, and makes recipe pricing easy. Are you unsure if you are charging enough for your baking? - CakeCost removes uncertainty by calculating prices including ingredie…"
"1249805978","MealPrepPro Planner & Recipes","Mexico","Latin America","65","130","4.72308","130","Have your meals and groceries planned for you with MealPrepPro. MealPrepPro is a smart meal planner that adapts to your schedule, food preferences and goals. Reach your health goals No more counting calories. Meal plans are automatically adapted to your calorie and macro needs. #1 for Meal Prep Prep…"
"6444451468","Peque Ideas nutrición infantil","Mexico","Latin America","66","1","3","1","Lo que la gente dice sobre la app: Vanepruiz Es súper completa y muy concisa “Está muy bien enfocada, las cosas están explicadas con mucha claridad y un buen enfoque, y hay muchas recetas muy prácticas. Estoy muy contenta, tengo una hija con selectividad alimentaria y necesito ideas.” Audrey_LaFleur…"
"6479545461","Seeya","Mexico","Latin America","67","16","4.875","16","Seeya - A tantalizing journey around the globe Embark on a tantalizing journey around the globe with Seeya, the ultimate app for food enthusiasts and culinary adventurers. Whether you’re a curious gourmand or simply someone who loves good food, Seeya is designed to inspire your culinary creativity a…"
"6777471316","mise - meal planner","Mexico","Latin America","68","22","3.90909","22","mise – meal planner Take the stress out of deciding what to eat. mise helps you generate personalised meal plans in seconds based on your dietary preferences, calorie goals, favourite UK supermarkets, budget, and the ingredients you already have at home. Whether you're meal prepping for the week, tr…"
"6738705065","Recipe Hub: MeAl Planner Pro","Mexico","Latin America","69","0","0","0","Ya seas un profesional ocupado, una familia que busca comidas sin estrés o simplemente alguien que quiere comer más sano, nuestros planes de comida personalizados y nuestra extensa colección de recetas harán que la planificación de tus comidas sea pan comido. Con cientos de recetas saludables y deli…"
"6741418664","Cocktails Guru - Cocktail App","Mexico","Latin America","70","8","5","8","¿Buscas una app de cócteles premium? Bienvenido a Cocktails Guru, tu compañero digital de mixología y recetario para el bar en casa. Tanto si quieres preparar un Old Fashioned clásico, consultar cócteles oficiales de la IBA o descubrir bebidas refrescantes sin alcohol, nuestra app profesional pone e…"
"6738133941","Whisk: Recipe Keeper & Planner","Mexico","Latin America","71","3","5","3","The best app to save recipes from Instagram, TikTok, Facebook, YouTube, blogs & more! Whisk is your all-in-one recipe manager that makes cooking easier, faster, and more fun. Save recipes from social media, websites, or your own photos, and turn them into clear, step-by-step cooking instructions. In…"
"1365223384","ATK: Equipment Reviews App","Mexico","Latin America","72","7","5","7","The America's Test Kitchen app delivers the best-tasting recipes, how to cook videos and more! Recipes are all in one place - get every failproof recipe from America’s Test Kitchen, Cook’s Illustrated, and Cook’s Country. Comment on recipes to share your tips and tricks! Cooking recipes has never be…"
"1445614297","FODMAP - recetas de IA","Mexico","Latin America","73","102","4.66667","102","¿Estás cansado de sufrir los síntomas del Síndrome del Intestino Irritable (IBS)? ¡La dieta FODMAP es un método probado para reducir o eliminar estos síntomas, y nuestra aplicación hace que sea fácil seguirlo! Desarrollada por investigadores australianos en 2005, la dieta FODMAP implica eliminar cie…"
"1553672973","Fork Ranger - sustainable food","Mexico","Latin America","74","8","4.75","8","Fork Ranger helps you answer two tricky questions: ‘What can I do about climate change?’ & ‘What’s for dinner?’ WHAT YOU GET: - A new story every day about sustainable food, with a short climate quiz - Infographics about the food system that you unlock as you go - Easy, vegetarian recipes with adjus…"
"6753148494","Youmeal: Organizador Recetas","Mexico","Latin America","75","973","4.71634","973","Todas tus recetas favoritas, todas en una sola app sencilla Youmeal te ayuda a guardar y organizar todas las recetas que te encantan — de Instagram, TikTok, Facebook y más. Crea listas de compras, planifica tus comidas semanales y obtén al instante la información nutricional de cualquier receta. FUN…"
"6747031054","PantryAI - Recetario","Mexico","Latin America","76","0","0","0","Pantry AI te ayuda a organizar recetas, planificar comidas y gestionar tus existencias de alimentos automáticamente. Importa cualquier receta de la web o redes sociales, conviértela en una lista de compras y genera comidas basadas en lo que ya tienes en tu cocina. FUNCIONES - Gestor y organizador de…"
"1164423781","Gronda: Recetas para Chefs","Colombia","Latin America","1","400","4.8975","400","** App del Día de Apple en más de 120 países ** ** Usada por más de 2 millones de chefs en todo el mundo ** ""Inspiración sin límites"" — Ana Roš, estrella de Netflix Gronda es la app número 1 para chefs profesionales y aficionados a la cocina. Aprende de los mejores, encuentra recetas de alta cocina …"
"6450664772","Scoolinary: Aprende & Cocina","Colombia","Latin America","2","47","4.95744","47","Scoolinary es la app de aprendizaje gastronómico para chefs, emprendedores, estudiantes y apasionados de la cocina. Aprende con los mejores chefs del mundo, con 50+ estrellas Michelin, y accede a 400+ cursos y 3.000 recetas en video paso a paso. Lo que aprenderás: • Técnicas de cocina profesional ap…"
"6798486261","Recipy: Planificador y Recetas","Colombia","Latin America","3","8","2.5","8","Recipy - Planificador y Recetas ¿Cansado de abrir el refrigerador y preguntarte “¿qué cocino hoy?” Recipy convierte ese caos diario en un sistema simple y organizado que realmente vas a usar. Lo que te va a encantar: Crea planes de comidas semanales en minutos Guarda tus recetas favoritas o descubre…"
"1593779280","Cocina recetas caseras: ReciMe","Colombia","Latin America","4","1424","4.8483","1424","El organizador de recetas número 1. ReciMe guarda todas tus recetas favoritas en un solo lugar, incluidas las de Instagram, Facebook, TikTok, YouTube y Pinterest. Crea listas de compras y planes de comidas. Calcula las calorías de cada receta. Cocines como cocines, ReciMe te ayuda a hacerlo mejor. F…"
"911422904","NYT Cooking: Recipes & Tips","Colombia","Latin America","5","360","4.94167","360","Haz que tu tiempo en la cocina sea más fácil con la aplicación NYT Cooking. Busca entre miles de recetas del New York Times y organiza tus favoritas para que puedas cocinar para cualquier persona, en cualquier momento. Suscríbete en la aplicación o, si ya eres suscriptor de NYT Cooking, inicia sesió…"
"6479693198","Eatr: Macros meals organizer","Colombia","Latin America","6","462","4.65151","462","Bienvenido a Eatr: el compañero perfecto para todos, desde principiantes en la cocina hasta chefs expertos. Nuestra aplicación está diseñada para guiarte en una aventura culinaria personalizada. Ya sea que tengas poco tiempo o quieras disfrutar de largas sesiones de cocina, Eatr está a tu lado. Gest…"
"1497047085","BLW Ideas - Recetas para bebé","Colombia","Latin America","7","31","3.90323","31","Opiniones sobre la app: Elizabethminch Una muy buena inversión. Te salva la vida cuando empiezas con la alimentación complementaria desde qué necesitas y consejos para el inicio, ingredientes, edad, recetas, menús, cómo ofrecer, etc. Me la habían recomendado otras mamis y yo la recomiendo mil veces,…"
"6796333089","Mercalist: Lista de mercado","Colombia","Latin America","8","1","5","1","Mercalist es la lista de mercado que se escribe sola. FOTOGRAFÍA EL PRODUCTO Y LISTO Apúntale a la portada de cualquier producto y la AI lo identifica: nombre, marca, contenido neto y hasta el precio de la etiqueta de la góndola. Sin teclear nada en mitad del pasillo. TU DESPENSA, SIEMPRE AL DÍA Cad…"
"6670216494","Mob: Meal Planner and Recipes","Colombia","Latin America","9","5","4.2","5","Join 4 million+ home cooks who've made weeknight cooking easy. Plan your week, build your shopping list in a tap, and never cook the same thing twice. Apple App of the Day and featured by Apple. Rated 4.5 stars by our community and loved in the press. Mob turns cooking from a daily scramble into the…"
"585332633","Cookpad recetas, cocina casera","Colombia","Latin America","10","542","4.869","542","¿Qué cocino hoy de almuerzo? Cookpad te recomienda: busca por ingrediente o por plato entre miles de recetas auténticas de todo el mundo, todas verificadas por quienes ya las cocinaron de verdad. ¿QUÉ PUEDO COCINAR HOY DE ALMUERZO? Dinos qué tienes en casa y te decimos qué hacer con eso. Unas pechug…"
"1445614297","FODMAP - recetas de IA","Colombia","Latin America","11","28","4.78571","28","¿Estás cansado de sufrir los síntomas del Síndrome del Intestino Irritable (IBS)? ¡La dieta FODMAP es un método probado para reducir o eliminar estos síntomas, y nuestra aplicación hace que sea fácil seguirlo! Desarrollada por investigadores australianos en 2005, la dieta FODMAP implica eliminar cie…"
"1529870663","My Little Food Critic","Colombia","Latin America","12","0","0","0","The BEST SELLING My Little Food Critic App is your “go to” for feeding babies, toddlers, kids and the whole family! NEW RECIPES EVERY WEEK Fresh NEW recipes landing every week! Step by step recipe instructions, images and instructional recipe VIDEOS for selected recipes. Easily change cooking units …"
"1514053992","Alimentación para embarazadas","Colombia","Latin America","13","84","4.61904","84","¿Qué debes comer en el embarazo? ¿Cuáles son las mejores recetas? ¿Hay algún tentempié en particular para los mareos por la mañana? Encuentra respuestas sobre la dieta durante el embarazo con esta completa app. Nutricionistas certificados han escrito todo el contenido. Vigila tu dieta y encuentra al…"
"1525239805","Gluten Morgen","Colombia","Latin America","14","144","4.79167","144","Gluten Morgen es la app definitiva para panaderos caseros y profesionales. Calcula porcentajes de panadero, organiza tus recetas y aprende con la comunidad de masa madre más grande en español. Creada por Ramón Garriga (Gluten Morgen), referente mundial de la panadería artesanal y coautor del libro M…"
"6444451468","Peque Ideas nutrición infantil","Colombia","Latin America","15","2","5","2","Lo que la gente dice sobre la app: Vanepruiz Es súper completa y muy concisa “Está muy bien enfocada, las cosas están explicadas con mucha claridad y un buen enfoque, y hay muchas recetas muy prácticas. Estoy muy contenta, tengo una hija con selectividad alimentaria y necesito ideas.” Audrey_LaFleur…"
"6739286231","Osta: Guardar recetas","Colombia","Latin America","16","159","4.79244","159","Con Osta puedes guardar e importar recetas de Instagram, sitios web y TikTok. Organiza y cocina tus recetas favoritas en tu propia caja de recetas personalizada. Todas tus recetas en un solo lugar. • Importa recetas al instante desde Instagram, TikTok o una web. • Cocina con una vista de receta simp…"
"1505065609","Love, Manuela","Colombia","Latin America","17","4","2","4","Love, Manuela is a baking app created by Norwegian baker Manuela Kjeilen, known as @passionforbaking. For more than a decade, Manuela has shared her love of baking with people around the world. She has published nine baking books, hosted her own baking show on TV in Sweden, and inspires more than 1.…"
"6747031054","PantryAI - Recetario","Colombia","Latin America","18","0","0","0","Pantry AI te ayuda a organizar recetas, planificar comidas y gestionar tus existencias de alimentos automáticamente. Importa cualquier receta de la web o redes sociales, conviértela en una lista de compras y genera comidas basadas en lo que ya tienes en tu cocina. FUNCIONES - Gestor y organizador de…"
"1540604002","Pam Fitness & Food","Colombia","Latin America","19","41","4.9756","41","THE BASICS: 1.⁠ ⁠Yummy and healthy recipes, using natural ingredients. No artificial sweeteners, etc. 2.⁠ ⁠I love to replace „bad“ ingredients of classic recipes - for example cane sugar or white flour - with more healthy alternatives. Therefore we can still eat dessert. But we get important nutrien…"
"1461650987","Crouton: Recipe Manager","Colombia","Latin America","20","11","4.81818","11","Crouton is simple feature packed recipe organizer & meal planner. The best place to store your favorite recipes from where ever you find them, websites, cookbooks or a handwritten note from your Grandma. IMPORT ANYWHERE Crouton supports importing recipes from almost everywhere! Pull recipes automati…"
"409157308","Annabel Karmel Kids Recipes","Colombia","Latin America","21","1","5","1","Make feeding your baby, toddler and family easier with Annabel Karmel's multi award-winning recipe app. From first tastes and baby-led weaning to family meals, you'll find expert guidance, practical tools and over 1,500 nutritious recipes all in one place. Millions of families rely on Annabel's reci…"
"6757105458","Feedr - Recipe Organizer","Colombia","Latin America","22","1","5","1","Tired of scrolling back through months of posts trying to find that one pasta recipe you saw? Recipe Keeper automatically pulls ingredients, instructions, and cooking times from posts across Instagram, TikTok, Facebook, Pinterest, and more—no more screenshots cluttering your camera roll. How it work…"
"6757369631","Recipes & Meal Plan - Receply","Colombia","Latin America","23","1","5","1","Receply is a free recipe manager and meal planner with no ads. Organize your favorite recipes, create new ones, plan meals by week or month, and generate smart shopping lists - all in one beautifully simple app. Receply makes cooking easier, whether you're meal prepping, eating healthier, or just tr…"
"6742724911","Mixly: Barman IA y Cócteles","Colombia","Latin America","24","0","0","0","Conoce a tu barman IA. Dile a Mixly qué tienes en tu barra y pídele lo que quieras: ""Tengo tequila y limón, ¿qué preparo?"" o ""Algo ahumado con mezcal para esta noche"". En segundos recibes una receta real, medida para tu vaso, de una biblioteca con más de 1000 cócteles y bebidas sin alcohol. ¿QUÉ PUE…"
"486811622","Cocktail Flow","Colombia","Latin America","25","314","4.87261","314","Cocktail Flow presenta recetas de cócteles maravillosamente detalladas con guías paso a paso e incluye características que te encantarán tanto si eres un barman principiante como si eres un mixólogo profesional. TU BAR, TU GABINETE Marca los ingredientes de cóctel que tienes en casa en la página de …"
"1157455937","Dietas Keto para perder peso","Colombia","Latin America","26","218","4.56422","218","Embark on a Transformative Keto Journey with Our App! *** Your Ultimate Keto Guide: Curious about the Keto Diet? Explore in-depth insights into Ketosis, different Keto approaches, benefits backed by science, overcoming Keto flu, and more! *** Comprehensive Food Lists: Discover vital lists for your K…"
"6754534120","Gestor de Recetas – Recipy","Colombia","Latin America","27","0","0","0","Gestor de Recetas – Recipy hace que sea increíblemente fácil guardar, organizar y cocinar tus platos favoritos en un solo lugar. Olvídate de capturas desordenadas, notas dispersas y búsquedas interminables. Ya sea que descubras una receta en Instagram, TikTok, YouTube o cualquier sitio web, la app l…"
"6479545461","Seeya","Colombia","Latin America","28","16","4.0625","16","Seeya - A tantalizing journey around the globe Embark on a tantalizing journey around the globe with Seeya, the ultimate app for food enthusiasts and culinary adventurers. Whether you’re a curious gourmand or simply someone who loves good food, Seeya is designed to inspire your culinary creativity a…"
"1553001581","Aeromatic","Colombia","Latin America","29","0","0","0","Aeromatic es el asistente supremo para infusionar café con tu AeroPress. Ofrece 60+ recetas seleccionadas por baristas, tostadores y ganadores de campeonatos. Experimentar es fácil con instrucciones paso a paso, un cronómetro incorporado y tutoriales en video. También puedes agregar notas o intentar…"
"980368562","FitMenCook - Recetas Sanas","Colombia","Latin America","30","77","4.93506","77","Recetas saludables, sin complicaciones y que cuidan tu bolsillo. Así de sencillo. Este mensaje ha llevado a más de un millón de personas a seguir a FitMenCook en redes sociales. Seamos honestos, ¿alguna vez has escuchado estas quejas sobre comer saludable? - “¡Comer saludable es demasiado caro!” - “…"
"1572670746","Little Lunches-Menú para Niños","Colombia","Latin America","31","71","4.64789","71","Little Lunches ayuda a las familias a ahorrar tiempo, reducir el estrés a la hora de comer y alimentar a sus hijos con confianza gracias a planes de comidas personalizados, recetas para niños, ideas para loncheras y orientación alimentaria creada por expertos en nutrición pediátrica. CON LA CONFIANZ…"
"1481818660","CibouScan - Comida y belleza","Colombia","Latin America","32","669","4.46786","669","CIBOUSCAN: Escanea tus productos de BELLEZA y ALIMENTOS Puntuación de salud, Nutri-Score, NOVA, Calorías y Recetas CIBOUSCAN es la app todo en uno para cuidar tu salud, piel, nutrición y el planeta. Escanea productos de belleza y alimentos en segundos para entender lo que usas y comes - ingredientes…"
"6469321012","Recetas Bebé: BLW y Papillas","Colombia","Latin America","33","25","4.76","25","Nuestra aplicación cuenta con más de 250 recetas deliciosas y saludables cuidadosamente preparadas para tu bebé y un número ilimitado de recetas que puedes crear con inteligencia artificial. Principales características de la aplicación: *Recetas: Más de 250 recetas saludables y deliciosas cuidadosam…"
"1249805978","MealPrepPro Planner & Recipes","Colombia","Latin America","34","45","4.53333","45","Have your meals and groceries planned for you with MealPrepPro. MealPrepPro is a smart meal planner that adapts to your schedule, food preferences and goals. Reach your health goals No more counting calories. Meal plans are automatically adapted to your calorie and macro needs. #1 for Meal Prep Prep…"
"959638683","Anova Culinary","Colombia","Latin America","35","91","4.82418","91","The Anova family of precision cookers allows everyone to cook like a pro! Paired with the Anova Culinary app, now perfectly cooked restaurant quality meals are as easy as the touch of a button. Browse the largest collection of sous vide recipes by Michelin star chefs and home cooks just like you. Th…"
"1499044130","Dieta Keto- Contador de carbos","Colombia","Latin America","36","68","4.67647","68","Transforma tu salud con Keto Diet, la aplicación definitiva para seguir la dieta cetogénica de forma sencilla y efectiva. Controla tus carbohidratos, descubre recetas deliciosas y alcanza tus objetivos de pérdida de peso con un plan personalizado diseñado para tu estilo de vida. ¿CANSADO DE DIETAS C…"
"714004506","Official Cookidoo App","Colombia","Latin America","37","884","4.93326","884","La aplicación oficial de Thermomix® Cookidoo® te da acceso al enorme universo de deliciosas recetas en Cocina Guiada de Thermomix®. Tú eliges las recetas que te acompañan donde quiera que estés. ¡Abre una cuenta y empieza a cocinar! SMART @ HEART Conéctate a Cookidoo® y accede a más de 100 000 recet…"
"6755197499","GF Gluten Scanner Restaurantes","Colombia","Latin America","38","0","0","0","Ser celíaco no debería significar dejar de disfrutar de la comida. Bienvenido a Gluten Free , la aplicación ""Todo en Uno"" diseñada para devolverte la tranquilidad al comer. Tanto si eres celíaco, tienes alergia al trigo o sensibilidad al gluten, estamos aquí para ayudarte a navegar por supermercados…"
"6473278962","Brew Timer : Haz Un Gran Café.","Colombia","Latin America","39","35","4.94285","35","Hacer una gran taza de café con absoluta precisión.Explora las mejores recetas de café. Ya sea con Aeropress, Hario V60, Coffee Coffee, Clever Dripper, Chemex, French Press, Kalita Wave,Delter Press, Siphon Coffee, Percolator, Mellita, Bonavita Dripper, Blue Bottle Dripper, Moka Pot u otros métodos …"
"1618589011","Pick Up Limes","Colombia","Latin America","40","11","5","11","Plan your meals, feel nourished, and eat delicious plant-based food. The Pick Up Limes App brings together nourishing vegan recipes, personalized meal plans, grocery tools, nutrition support, and all your favourite online recipes in one place. Top features • 1800+ plant-based recipes, with new ones …"
"1488585822","Brewfather","Colombia","Latin America","41","5","5","5","Powerful and easy to use tool for your brewing needs. Easily create and manage your recipes. Keep track of all the details in your batches and your ingredients inventory. Brewfather is made from the ground up to give you the best recipe design and brewing experience on both desktop and mobile device…"
"1303222868","Gestor de recetas Paprika 3","Colombia","Latin America","42","16","4.9375","16","Organiza tus recetas. Crea listas de la compra. Planifica tus comidas. Descárgate recetas de tus sitios web favoritos. Sincronización perfecta con todos tus dispositivos. Funciones • Recetas: descárgate recetas de tus sitios web favoritos o añade las tuyas propias. • Listas de la compra: crea listas…"
"312101965","Epicurious","Colombia","Latin America","43","140","4.88571","140","Cook smarter with 50,000+ tested recipes from Epicurious, Bon Appétit, and more. Find easy dinners, healthy meals, and expert cooking guidance - all in one app. Subscribe to the Epicurious in the app, or if you’re already a subscriber, log in for unlimited access to recipes and so much more. THE EPI…"
"1540196240","BLW Meals: Starting Solids","Colombia","Latin America","44","0","0","0","What parents are saying: Iluvpalmtrees Favorite BLW app ""So much free information and excellent examples of what you can feed your little one through all stages. Follow their IG as well for daily tips and videos."" MJ - first time mom Love this app! ""I absolutely love this app and the Instagram page.…"
"1583957001","Biotiful App: tu cocina fácil","Colombia","Latin America","45","1","1","1","Biotiful App es la cocina que se adapta a ti. No es solo recetas: es alivio mental y acompañamiento en la cocina. Recetas fáciles, menús flexibles y herramientas que hacen que cocinar no se sienta como una tarea más. Ideas cuando te faltan, estructura cuando la necesitas y flexibilidad siempre. Pens…"
"6753148494","Youmeal: Organizador Recetas","Colombia","Latin America","46","319","4.60501","319","Todas tus recetas favoritas, todas en una sola app sencilla Youmeal te ayuda a guardar y organizar todas las recetas que te encantan — de Instagram, TikTok, Facebook y más. Crea listas de compras, planifica tus comidas semanales y obtén al instante la información nutricional de cualquier receta. FUN…"
"1241057014","Keto Diet App - Macro Tracker","Colombia","Latin America","47","5","3.4","5","Ketogenic Diet App - get healthy, feel good, and lose weight. Our app is your ultimate companion in adopting a flexible, low-carb diet for health benefits and weight reduction, combining our successful meal plans with over 200k happy customers! The Keto Diet App is designed to help you realize the h…"
"6761222249","Brew Logic – Cerveza Artesanal","Colombia","Latin America","48","0","0","0","Elabora mejor cerveza con Brew Logic: el compañero de elaboración casera todo en uno creado para tu garaje, sótano o donde sea que elabores. No requiere internet. CREADOR DE RECETAS EN TIEMPO REAL Diseña recetas desde cero y observa cómo se actualizan tus estadísticas al instante. La Densidad Origin…"
"6748003406","Yoomla: Recetas de Cocina","Colombia","Latin America","49","22","4.54545","22","Yoomla – Tu Guardián Inteligente de Recetas Descubre, guarda y organiza todas tus recetas favoritas en un solo lugar. Ya sea que explores nuevos platos o administres tus comidas del día a día, Yoomla facilita mantener tu inspiración culinaria siempre a mano. BÚSQUEDA DE RECETAS Filtros Inteligentes …"
"1150921819","Filtru Coffee: Best Brew Guide","Colombia","Latin America","50","190","4.90526","190","El café es más que un hábito matutino. Con Filtru, puedes preparar un mejor café en casa, aprender cada método paso a paso y repetir tus recetas favoritas con confianza. Filtru lo guía a través de Espresso, AeroPress, Chemex, Hario V60, Kalita Wave, Moka Pot, French Press, Syphon, Cezve, Phin vietna…"
"974683711","Recipe Keeper","Colombia","Latin America","51","9","4.77778","9","Recipe Keeper es el organizador de recetas, lista de compras y planificador de comidas todo en uno y fácil de usar disponible en todos sus dispositivos. AÑADIR RECETAS RÁPIDA Y FÁCIL Ingrese sus recetas con tanta o poca información como desee. Copie y pegue recetas de sus documentos o aplicaciones e…"
"1365223384","ATK: Equipment Reviews App","Colombia","Latin America","52","1","5","1","The America's Test Kitchen app delivers the best-tasting recipes, how to cook videos and more! Recipes are all in one place - get every failproof recipe from America’s Test Kitchen, Cook’s Illustrated, and Cook’s Country. Comment on recipes to share your tips and tricks! Cooking recipes has never be…"
"1619509620","Menú Semanal Planificador","Colombia","Latin America","53","44","4.75","44","Menú Semanal Planificador de Jojo Apps es un organizador de menús todo en uno, un generador inteligente de comidas y un recetario. Ahorra tiempo, ahorra dinero y come más sano creando planes de comidas personalizados (dietas, alergias) basados en los ingredientes que ya tienes en casa. QUÉ HACE Y PA…"
"1351412313","FullyRaw by Kristina","Colombia","Latin America","54","3","5","3","Join the FullyRaw Revolution! FullyRaw by Kristina is the ultimate guide to living a cleaner and healthier lifestyle through the consumption of organic raw foods. Offering over 500 recipes (including juices, smoothies, salads, desserts, and main dishes) with instructional videos, grocery shopping li…"
"1318747966","Keto Carb Counter & Manager","Colombia","Latin America","55","8","4.75","8","How does Keto-Recipes work? * Just select keto meals you like most for breakfast, lunch, as a snack or dinner. * Our Keto Diet Tracker App shows you if you hit the right amount of fat intake. ...with this Keto Tracker you no longer have to do on your own: * Scan barcodes. * Endless time wasting with…"
"640670118","BeerSmith Mobile Home Brewing","Colombia","Latin America","56","1","5","1","Do you want to create great beer recipes on the go? BeerSmith 3, the world's top selling home brewing software, comes to iPhone/iPad. BeerSmith Mobile gives you all the tools to design, edit and brew your best beer from your phone or tablet. BeerSmith mobile is tightly integrated with our recipe clo…"
"1669762026","BLW Baby Food Ideas","Colombia","Latin America","57","24","4.41667","24","Embark on a seamless Baby-Led Weaning Journey with our app: * Discover Baby-Led Weaning: Navigate the world of solids with confidence. Our app is your comprehensive guide, presenting the latest research findings, nutritional insights and tips for safe, joyful weaning. * 1000+ Foods & Recipes: Indulg…"
"6759597614","beean: prepara tu café bien","Colombia","Latin America","58","0","0","0","Beean te ayuda a encontrar recetas de café de tostadores que rara vez coinciden con tu molinillo: convierte los ajustes entre molinillos y afina tus recetas de café cada vez. Explora recetas de tus tostadores favoritos, convierte el tamaño de molienda al cambiar de molinillo y prepáralas paso a paso…"
"1472765520","Sidekick by Sorted Food","Colombia","Latin America","59","1","5","1","Sidekick - Your Personal Kitchen Sidekick Tired of the same old meals? Let Sidekick solve your dinner dilemma with exciting new recipes, smarter shopping and stress-free cooking. Over 4,000,000 dishes cooked so far… Sidekick is here to simplify your weekly meal planning, making cooking at home easie…"
"1559397324","My Keto Meal Plan & Diet","Colombia","Latin America","60","0","0","0","If you want to boost your health, our Keto Meal Plan could be worth trying. Benefits of Keto Diet: 1. Reduce Your Appetite 2. More Weight Loss 3. A Greater Proportion of Fat Loss Comes From Your Abdominal Cavity 4. Triglycerides Tend to Drop Drastically 5. Increased Levels of ‘Good’ HDL Cholesterol …"
"6447921573","Dieta para embarazadas, platos","Colombia","Latin America","61","0","0","0","Presentamos Dieta para embarazadas, ¡la aplicación definitiva para recetas, alimentos, ingredientes y consejos para el embarazo! ¿Es usted una futura mamá que busca ideas de comidas deliciosas y saludables para ayudar a su bebé en crecimiento? No busque más, nuestra app está diseñada específicamente…"
"1217456898","Tasty","Colombia","Latin America","62","3227","4.88534","3227","¡Conoce a tu nuevo entrenador personal para la cocina! Más de 2000 recetas de Tasty al alcance de tus dedos; un nuevo proceso de instrucciones paso a paso; la página ""Mis recetas"" que básicamente es como un libro de cocina en tu celular, y una herramienta de búsqueda que te permite filtrar por ingre…"
"1088859983","Fivesec Health by Alexandra","Colombia","Latin America","63","1","5","1","Cook Delicious Plant-Based Meals with Ease! Discover 700+ easy, healthy, and delicious plant-based recipes with the Fivesec Health App — your go-to companion for everyday vegan cooking! Whether you’re fully plant-based or just looking to add more nutritious meals to your routine, this app makes heal…"
"393065903","My Women’s Weekly","Colombia","Latin America","64","3","5","3","For over 90 years, The Australian Women’s Weekly has been the kitchen table Australia gathers around, and now everything we know about cooking is available at your fingertips. From decadent desserts to hearty mains, quick family dinners to exquisite holiday feasts, our 17,000+ Test Kitchen-tested re…"
"1673078434","Recetas de Cocina: AL DANTE","Colombia","Latin America","65","5","4.8","5","¡Cocina como un chef junto con Al Dante, tu aplicación de cocina perfecta! Disfruta de nuestra colección de recetas increíblemente deliciosas, encuentra nuevas ideas para la preparación de comidas y transforma ingredientes cotidianos en platos excepcionales. Funciones: USA RECETAS LISTAS: explora nu…"
"1079999103","Mealime Meal Plans & Recipes","Colombia","Latin America","66","2","4.5","2","Welcome to Mealime – the game changer for busy individuals, couples, and families who desire healthy meals without the fuss. With over 7 million users adopting healthier, stress-free lifestyles, it's time you join the revolution too. Simplify meal planning, reduce food waste, save money and transfor…"
"1073341917","CookBook: Gestor de Recetas","Colombia","Latin America","67","5","5","5","Deja de tomar capturas de ideas para cenar. CookBook convierte recetas de Instagram, TikTok, sitios web y fotos en comidas que puedes planificar, comprar y cocinar. CookBook es un gestor de recetas inteligente que encanta a miles de personas que cocinan en casa. Guarda recetas de cualquier lugar, or…"
"375526217","Roastmaster","Colombia","Latin America","68","0","0","0","El perfilado preciso del tueste es solo el comienzo. Roastmaster va mucho más allá de gestionar tu flujo de trabajo y registrar tus datos. Al integrar tu flujo de trabajo, tus datos y su análisis, revela información que de otro modo pasaría desapercibida: los patrones ocultos en tus datos y la histo…"
"1059211083","Recipe Keeper - OrganizEat","Colombia","Latin America","69","7","4.57143","7","Elimina toda esa pila de libros y organizadores de recetas de tu cocina cuando comiences a guardar tus recetas preferidas en el Organizador de Recetas OrganizEat. Esta práctica app te permite mantener todas tus recetas favoritas organizados directamente en tu iPhone. Utiliza esta app para guardar la…"
"680885433","Recetas Kiwilimón","Colombia","Latin America","70","515","4.82136","515","¡La app de kiwilimón tiene más de 21,000 recetas para que armes tu menú! Descárgala gratis y empieza a cocinar recetas fáciles, postres, bebidas, comida mexicana y más. Kiwilimón está aquí para enseñarte a cocinar con miles de recetas y convertirte en el mejor chef de todos. Guarda tus recetas favor…"
"6714449541","Honeydew: Recetas y Cocina","Colombia","Latin America","71","14","4.92856","14","TRANSFORMA TU COCINA Y TU PLANEACIÓN DE COMIDAS CON HONEYDEW La app más inteligente de recetas, listas de compras y planeación de comidas con IA. Importa cualquier receta con un toque desde redes sociales, videos de YouTube, Reels de Instagram y Facebook, capturas, notas y sitios web. Convierte las …"
"1553130679","Your Secret Menu for Starbucks","Colombia","Latin America","72","2","5","2","Descubre más de 500 bebidas del menú secreto, favoritos virales de TikTok y recetas creativas para probar la próxima vez que vayas por café Nuevas recetas cada semana • Más de 14,000 ratings de 5 estrellas ¿Viste una bebida por todo tu feed? Descubre qué lleva, elige tu tamaño y sigue instrucciones …"
"714004506","Die Thermomix® Cookidoo® App","Germany","Western Europe","1","581809","4.77832","581809","Mit der offiziellen Thermomix® Cookidoo® App kannst du in die immer größer werdende Welt der köstlichen Thermomix® Rezepte mit Guided-Cooking-Funktion eintauchen. Du wählst deine Rezepte aus, die dich überallhin begleiten. Einfach ein Konto erstellen und loslegen! SMART @ HEART Mit Cookidoo® hast du…"
"6777471316","mise – Essensplaner","Germany","Western Europe","2","984","4.39939","984","mise – Essensplaner Mach Schluss mit dem Stress bei der täglichen Frage, was du essen sollst. mise hilft dir, in Sekundenschnelle personalisierte Essenspläne zu erstellen – basierend auf deinen Ernährungspräferenzen, Kalorienzielen, bevorzugten Supermärkten, deinem Budget und den Zutaten, die du ber…"
"6742485790","Rezepte - Was kann ich essen?","Germany","Western Europe","3","5075","4.66877","5075","Rezepte speichern von Social Media und mit Supermarkt Angeboten verknüpfen! Willkommen bei Was kann ich essen? – deiner cleveren Rezepte-App, mit der du virale Social-Media-Rezepte speichern und direkt mit aktuellen Rabatt-Zuaten aus dem Angebot der Supermärkte kombinieren kannst! Mit der ständigen …"
"1593779280","ReciMe: Rezepte & Essensplaner","Germany","Western Europe","4","5241","4.56515","5241","Der Nr. 1-Rezept-Organizer. ReciMe speichert all deine Lieblingsrezepte an einem Ort - von Instagram, Facebook, TikTok, YouTube und Pinterest. Erstelle Einkaufslisten und Wochenpläne. Berechne Kalorien für jedes Rezept. Egal, wie du kochst - ReciMe hilft dir dabei, es besser zu machen. FEATURES - Re…"
"1577201493","Choosy: Essensplaner & Rezepte","Germany","Western Europe","5","3536","4.87359","3536","""Was essen wir heute?"" Kaum eine Frage sorgt im vollen Familien- und Arbeitsalltag für so viel regelmäßigen Stress. Zwischen Job, Hausaufgaben und Hobbys bleibt oft einfach keine Energie mehr für aufwendige Essenspläne oder kreative Rezeptideen. Genau hier kommt Choosy ins Spiel. ""Seitdem wir Choosy…"
"1496402756","food with love: Rezepte","Germany","Western Europe","6","6403","4.49477","6403","Hol dir die food with love App – damit gelingt dir kulinarisch einfach alles! Ob mit deinem Thermomix® oder klassisch im Kochtopf: Mit food with love findest du gelingsichere Rezepte für jeden Tag, jeden Geschmack und jeden Anlass. Entdecke unsere vielfach ausgezeichnete Rezept-App jetzt kostenlos –…"
"478618165","Chefkoch – Rezepte & Kochen","Germany","Western Europe","7","268155","4.72978","268155","Du stehst mal wieder vor der Frage: »Was koche oder backe ich heute?« Dann bist du bei Chefkoch mit über 370.000 leckeren und gesunden Rezepten genau richtig! Ob kochen oder backen, für dich allein oder um deine Gäste zu beeindrucken, für Anfänger oder Kochprofis – bei Chefkoch findest du Rezepte fü…"
"6756516262","Miso - Recipe Keeper","Germany","Western Europe","8","2079","4.53054","2079","Kein ewiges „Wo hab ich das Rezept bloß gespeichert?"" mehr. Mit Miso - Recipe Keeper sammelst du Rezepte aus jeder Quelle an einem Ort. Kochvideos auf Social Media gucken, Rezepte speichern, loslegen. Kochen neu gedacht für 2026 und Social Media. REZEPTE SPEICHERN UND TATSÄCHLICH KOCHEN Früher: Scre…"
"795495986","KptnCook: Rezepte & Kochen","Germany","Western Europe","9","49920","4.76689","49920","„Was koche ich heute? Was kann ich essen?“ Mit KptnCook sind neue Ideen für alltägliche Mahlzeiten einfach zu finden. Die App liefert täglich frische Rezepte und hilft beim Kochen mit einem smarten Essensplaner, einem persönlichen Kochbuch und einer automatisch sortierten Einkaufsliste. Ideal, um sc…"
"1164423781","Gronda: Rezepte für Köche","Germany","Western Europe","10","2282","4.72524","2282","** Apple App des Tages in über 120 Ländern ** ** Genutzt von über 2 Millionen Köchen weltweit ** ""Unendliche Inspiration"" — Netflix-Star Ana Roš Gronda ist die Nr. 1 App für Profi- und Hobbyköche. Lerne von den Besten, entdecke Fine-Dining-Rezepte und verbinde dich mit einer weltweiten Community von…"
"1483568611","ZauberTopf Rezepte","Germany","Western Europe","11","17680","4.77675","17680","-> Deine neue Küchenhilfe für den Thermomix® – jetzt kostenlos testen! Willkommen in der ZauberTopf App – deinem persönlichen Rezept-Club für den Thermomix®. Über 10.000 geprüfte Lieblingsrezepte mit Gelinggarantie, 1.000+ Videos, smarte Wochenplanung, eine aktive Community und sogar eine KI-Kochass…"
"1540604002","Pam","Germany","Western Europe","12","6669","4.65857","6669","DIE GRUNDLAGEN 1. Lecker & Gesund: Rezepte mit natürlichen Zutaten. Keine Süßstoffe, keine künstlichen Ersatzprodukte. 2. Gesunde Alternativen: Ich ersetze „ungesunde“ Zutaten aus klassischen Rezepten – wie weißen Zucker oder Weißmehl – durch gesündere Alternativen. So können wir weiterhin Desserts …"
"1609948419","ZauberMix für Monsieur Cuisine","Germany","Western Europe","13","5599","4.67405","5599","Werde Teil einer großartigen Community und entdecke Tipps, Tricks und Stories rund um deine Küchenmaschine. Mit der ZauberMix-App speziell für den Monsieur Cuisine war Kochen und Backen noch nie einfacher! Diese Features bietet dir die ZauberMix-App: - Entdecke Tausende Rezepte speziell für den Mons…"
"6749608927","Air Fryer Club","Germany","Western Europe","14","915","4.69071","915","Du liebst deinen Airfryer, aber hast das Gefühl, du machst immer nur Pommes und Brötchen? Dabei geht noch so viel mehr! Der Air Fryer Club zeigt dir, was alles möglich ist: Von schnellen Feierabend-Gerichten über gesunde Protein-Bowls bis hin zu den viralen TikTok-Trends – hier findest du alles an e…"
"6670216494","Mob: Meal Planner and Recipes","Germany","Western Europe","15","155","4.11613","155","Join 4 million+ home cooks who've made weeknight cooking easy. Plan your week, build your shopping list in a tap, and never cook the same thing twice. Apple App of the Day and featured by Apple. Rated 4.5 stars by our community and loved in the press. Mob turns cooking from a daily scramble into the…"
"6504430559","Beikost App","Germany","Western Europe","16","118","4.67797","118","Mit der Beikostapp hast du den perfekten Begleiter für euren Beikoststart an deiner Seite. Hier findest du viele Rezepte für dein Baby und die ganze Familie, Zubereitungsanleitungen für verschiedene Lebensmittel, eine große Sammlung an Beikostwissen, sowie die Antworten, auf die häufigsten Fragen in…"
"1618589011","Pick Up Limes","Germany","Western Europe","17","449","4.93096","449","Plan your meals, feel nourished, and eat delicious plant-based food. The Pick Up Limes App brings together nourishing vegan recipes, personalized meal plans, grocery tools, nutrition support, and all your favourite online recipes in one place. Top features • 1800+ plant-based recipes, with new ones …"
"911422904","NYT Cooking: Quick Tasty Meals","Germany","Western Europe","18","4522","4.88235","4522","New York Times Cooking has thousands of quick recipes you’ll love to make, from easy weeknight dinners to holiday showstoppers. Editor-curated collections make it easy to find the right recipe, and helpful videos make them fun and simple to cook. With our digital Recipe Box, you can easily save favo…"
"1547585029","AMC Cook & Go","Germany","Western Europe","19","81","4.09877","81","Koche smarter, gesünder und schneller mit AMC Cook & Go – der Begleit-App für dein intelligentes AMC Kochsystem. Genieße geführtes Kochen mit klaren Schritt-für-Schritt-Anweisungen, Echtzeit-Updates und perfekt gelungenen Gerichten – jedes Mal. So funktioniert’s Verbinde Cook & Go mit deinem AMC Aud…"
"974683711","Recipe Keeper","Germany","Western Europe","20","3441","4.74368","3441","Recipe Keeper ist der benutzerfreundliche All-in-One-Rezept-Organizer, die Einkaufsliste und der Speiseplaner, die auf allen Ihren Geräten verfügbar sind. REZEPTE SCHNELL UND EINFACH HINZUFÜGEN Geben Sie Ihre Rezepte mit so vielen oder so wenig Informationen ein, wie Sie möchten. Kopieren Sie Rezept…"
"771068291","Kitchen Stories Rezepte Kochen","Germany","Western Europe","21","45146","4.80036","45146","Kitchen Stories ist dein ultimatives digitales Kochbuch, dein Rezeptmanager und smarter Essensplaner für jeden Tag! Entdecke tausende von Profis getestete Rezepte, lass dich von kulinarischen Creators inspirieren und lerne Schritt für Schritt neue Kochtechniken. Egal, ob du schnelle Gerichte für unt…"
"6737542752","WeChef – Mein Rezeptbuch","Germany","Western Europe","22","197","4.43655","197","ENTDECKE WECHEF: DEIN ULTIMATIVER BEGLEITER FÜR REZEPTE & MAHLZEITEN Wechef revolutioniert, wie du kochst, planst und Rezepte entdeckst. Ob Reste verwerten, Rezepte aus dem Internet importieren oder Mahlzeiten für besondere Anlässe planen – Wechef macht Kochen einfach, effizient und stressfrei. Dein…"
"1472765520","Sidekick by Sorted Food","Germany","Western Europe","23","51","4.43137","51","Sidekick - Your Personal Kitchen Sidekick Tired of the same old meals? Let Sidekick solve your dinner dilemma with exciting new recipes, smarter shopping and stress-free cooking. Over 4,000,000 dishes cooked so far… Sidekick is here to simplify your weekly meal planning, making cooking at home easie…"
"1611372740","WMF","Germany","Western Europe","24","200","4.37","200","Die WMF App ist Ihr täglicher Begleiter für die elegante Art des Kochens: Lassen Sie sich von außergewöhnlichen Rezepten inspirieren, die Ihren Alltag zu einem ganz besonderen Moment machen und verwöhnen Sie sich und Ihre Familie mit den Gerichten aus Ihrer WMF Avantgarde. WERDEN SIE MITGLIED DER WM…"
"6479693198","Eatr: KI Rezepte zum Kochen","Germany","Western Europe","25","1371","4.23341","1371","Willkommen bei Eatr – deinem ultimativen Begleiter in der Küche, egal ob Anfänger oder Kochprofi! Erlebe eine kulinarische Reise, die genau auf deinen Alltag und deine Ziele zugeschnitten ist. Kochzeit im Griff: Wähle deine verfügbare Zeit – von schnellen 15-Minuten-Rezepten bis zu vollwertigen Mahl…"
"419098758","Histamin, Fructose & Co.","Germany","Western Europe","26","2226","4.60063","2226","■ Aktuelle Auszeichnungen • MeinAllergiePortal: Digital Health Heroes-Award 2018 & 2021 • Healthline.com: Best Allergy Apps of the Year 2020 • Focus Money 2019: ""Beste App"" in der Kategorie Gesundheit – Nachhaltig und gesund Die App Histamin, Fructose & Co. hilft Ihnen, wenn Sie sich nach der Diagno…"
"6783742855","NeatEat - Meal Planner","Germany","Western Europe","27","16","4.125","16","Tell NeatEat your store and your weekly food budget. Get a full week of simple meals and a costed shopping list that comes in under it — every time. No spreadsheets, no guesswork, no nasty surprise at the till. HOW IT WORKS (WITH NEATEAT PREMIUM) • Pick your supermarket and set a weekly budget • Get…"
"1059211083","Rezepte Speichern – OrganizEat","Germany","Western Europe","28","454","4.66519","454","Eliminiere die Sammlung an Kochbüchern und Rezept Organizer aus deiner Küche und verwalte deine Lieblingsrezepte in der OrganizEat Recipe Organizer App. Diese handliche App ermöglicht es dir deine Lieblingsrezepte direkt auf deinem iPhone zu speichern. Nutze diese App um die geheimen Rezepte deiner …"
"1575424944","Smantry | speisekammer.app","Germany","Western Europe","29","1927","4.60612","1927","Jeder kennt das: Du möchtest etwas Leckeres kochen – aber viele deiner Vorräte sind mittlerweile längst abgelaufen. Sehr ärgerlich und teuer! Je größer der Haushalt, desto schwieriger ist es, einen Überblick über den Vorrat zu behalten. Hier hilft dir die Speisekammer App: - Behalte den Überblick üb…"
"6811329112","Yuma: Essensplaner & Rezepte","Germany","Western Europe","30","0","0","0","Was gibt's diese Woche zu essen? Yuma plant es für dich. Sag Yuma, für wen du kochst, wo du einkaufst, was ihr liebt, was ihr lieber nicht esst und was du ausgeben willst. Ein paar Minuten später sind deine Abendessen für die Woche geplant und deine Einkaufsliste ist fertig, mit Preisen. EINE WOCHE …"
"6739286231","Osta: Rezepte speichern","Germany","Western Europe","31","364","4.53297","364","Mit Osta kannst du Rezepte von Instagram, Websites und TikTok speichern und importieren. Organisiere und koche deine Lieblingsrezepte in deiner eigenen persönlichen Rezeptbox. Alle deine Rezepte an einem Ort. • Importiere Rezepte sofort von Instagram, TikTok oder einer Website. • Koche mit einer ein…"
"432046905","EAT SMARTER","Germany","Western Europe","32","2490","4.47189","2490","Gesund kochen war noch nie so einfach! Hol dir die besten Rezepte von EAT SMARTER direkt auf dein Smartphone, kostenlos und jederzeit verfügbar. In der EAT SMARTER-App findest du über 10.000 ausgewogene, alltagstaugliche Rezepte, entwickelt von Ernährungsexpertinnen und Ernährungsexperten und umgese…"
"1488585822","Brewfather","Germany","Western Europe","33","82","4.7317","82","Leistungsfähige und einfach zu bedienende Software zum Bier brauen. Erstellen und verwalten Sie ganz einfach Ihre Braurezepte. Behalten Sie den Überblick über alle Details Deiner Sude und in Ihrem Inventar. Brewfather wurde programmiert, um Ihnen die bestmögliche Rezepterstellung und sowie das Braue…"
"1633501121","MIMBA Ernährung für Schwangere","Germany","Western Europe","34","259","4.81466","259","Unsicher, was du in der Schwangerschaft essen darfst? Mimba ist die ernährungsmedizinische App für Schwangere. Genieße diese besondere Zeit mit weniger Stress und mehr Sicherheit! Jetzt herunterladen und ohne Account kostenlos nutzen. Wissen von Menschen für Menschen. In Deutschland entwickelt. WAS …"
"6463731384","Basische Ernährung","Germany","Western Europe","35","88","4.22727","88","In unserer BASISCH LECKER App findest du alles, was du für die basische Ernährung brauchst: Über 200 Rezepte, eine Säure-Basen-Tabelle, Einkaufslisten, Wochenpläne und regelmäßig Wissen und Neuigkeiten zur basischen und ganzheitlichen Ernährung. BASISCH LECKER ist der größte App-Anbieter für die bas…"
"1026134261","Low Carb Rezept des Tages","Germany","Western Europe","36","538","4.1487","538","Von den Machern von ""Low Carb Rezept des Tages"": Jetzt die dazugehörige App. Jeden Tag ein leckere Low Carb Rezepte Inspiration. Low Carb Ernährung ist eine kohlenhydratarme Ernährung. Viele gehen davon aus, dass Kohlenhydrate zu Übergewicht führen. Mit einer gesunden Low Carb Ernährung können sie g…"
"6695735499","Olivers Glutenfreie Welt","Germany","Western Europe","37","177","4.63842","177","Oliver's Gluten Free World ist die ultimative App für alle, die glutenfrei kochen und backen möchten. Ob du auf der Suche nach herzhaften Gerichten, süßen Desserts, kreativen Füllungen und Glasuren, Frühstücksideen oder leichten Hauptmahlzeiten bist – hier findest du eine riesige Auswahl an Rezepten…"
"6448041578","Zuckerfrei Einkaufen","Germany","Western Europe","38","128","3.77344","128","ZUCKERFREI EINKAUFEN WAR NOCH NIE SO EINFACH! WAS DICH ERWARTET: ▶ Zuckerfreie Produkte entdecken: Durchstöbere zuckerfreie Produkte aus über 20 Supermärkten – mit Preisangaben und hilfreichen Nährwertangaben. Die App wächst stetig - es kommen regelmäßig neue Produkte hinzu, die ich in den Supermärk…"
"6499159028","FoodQuest: Glutenfrei Essen","Germany","Western Europe","39","8","5","8","Schluss mit der endlosen Suche nach sicherem Essen! FoodQuest ist dein digitaler Kompass für ein unbeschwertes, glutenfreies Leben. Finde Restaurants, Supermärkte, Hotels und Insider-Spots in deiner Umgebung - zu 100% von der Community getestet. FoodQuest ist eine Abo-App. Alle nachfolgend beschrieb…"
"1159651037","essen & trinken Magazin","Germany","Western Europe","40","129","1.83721","129","Mit »essen & trinken« erhalten Sie köstliche Rezepte für Ihre Gäste zu jedem Anlass – Zuneigung und Wertschätzung lassen sich kaum besser ausdrücken, als durch ein leckeres Essen oder einen duftenden Kuchen auf dem Tisch. Wir legen großen Wert auf eine hohe Qualität der Zutaten, Saisonalität und Nac…"
"6757699100","Meally: Rezepte & Kochbuch","Germany","Western Europe","41","21","4.7619","21","Meally ist dein Alles-in-einem Küchenhelfer, der dein Essensleben endlich ordnet. Egal ob viraler TikTok-Pasta-Trend, Familien-Klassiker aus Omas Kochbuch oder ein Blogpost zwischen tausend Werbebannern — speichere alles in Sekunden. SAMMELN - Aus dem Web importieren: Speichere Rezepte direkt aus Sa…"
"6779303849","Disha: Essensplaner & Rezepte","Germany","Western Europe","42","36","3.16667","36","Disha plant deine ganze Woche – passend zu deinem Budget, deinem Supermarkt und deinem Geschmack. In Sekunden, ohne Stress, ohne Rätselraten. Sag uns dein Wochenbudget, wo du einkaufst und wie du isst – Disha erstellt sofort einen kompletten 7-Tage-Plan. Dazu eine fertige Einkaufsliste, sortiert nac…"
"6759469278","Swoodie: Kalorienzähler & KI","Germany","Western Europe","43","0","0","0","Swoodie – KI-Kalorienzähler, der auch kocht Mach ein Foto von deinem Teller, scanne einen Barcode oder sag einfach, was du gegessen hast – Swoodie zählt die Kalorien und Makros und sagt dir dann, was du mit den Zutaten aus deinem Kühlschrank kochen kannst. -- KALORIEN IN SEKUNDEN ZÄHLEN -- Kalorien …"
"6783834509","BiteFresh Vorrat & Haltbarkeit","Germany","Western Europe","44","3","5","3","Weniger wegwerfen. Mehr behalten. BiteFresh zeigt dir jeden Tag, was zuerst verbraucht werden sollte, und rechnet dir vor, was du dadurch sparst. Ablaufdaten, Einkaufsliste, Rezepte und Haushaltskasse greifen ineinander. Freshy, dein KI-Begleiter, denkt mit. 7 TAGE PREMIUM GRATIS TESTEN • 7 Tage Pre…"
"1574776971","Pestle: Rezeptmanager","Germany","Western Europe","45","140","4.62857","140","Speichere Rezepte von Instagram, TikTok, Facebook, YouTube und vielen weiteren Quellen mit Pestle. AUS ALLEN QUELLEN IMPORTIEREN Importiere Rezepte von beliebigen Webseiten ins Pestle Kochbuch und behalte nur Zutatenliste und Zubereitungsschritte. Tippe einfach auf „Teilen“ und dann auf „In mein Koc…"
"6756527662","Latte Art City","Germany","Western Europe","46","1","5","1","Become a better barista. With AI feedback, professional courses, and a community of coffee lovers. LEARN LATTE ART Step-by-step lessons guide you from your first heart to advanced rosettas. Practice at your own pace and track your progress. DIAL IN YOUR ESPRESSO The Espresso Lab lets you log shots, …"
"1461650987","Crouton: Kochbegleiter","Germany","Western Europe","47","1005","4.76417","1005","Crouton ist ein funktionsreicher Rezeptorganisator und Essensplaner Überall importieren Crouton unterstützt den Import von Rezepten von fast überall! Rufen Sie Rezepte automatisch aus Websites ab und speichern Sie nur die Teile, die Sie benötigen. Mithilfe von OCR können Sie Rezepte auch direkt aus …"
"6680193745","Tanjas glutenfrei","Germany","Western Europe","48","5","1.8","5","Hier findest du die größte Sammlung glutenfreier Rezepte im App-Store. Die App-Autorin Tanja lebt seit vielen Jahren glutenfrei. In ihrer App zeigt sie dir, wie einfach und lecker Glutenfreies sein kann. In dieser Rezepte-App findest du nämlich über 700 glutenfreie Rezepte von Tanja zum Nachbacken u…"
"6751953203","Grubsy: Beikost App - BLW Brei","Germany","Western Europe","49","40","4.675","40","Grubsy begleitet dich sicher durch den Beikoststart, egal für welchen Weg du dich entscheidest. Klassische Breie, Baby-led Weaning oder eine Mischung aus beidem, alles in einer App. Altersgerechte Begleitung, sichere Zubereitung, Allergen-Tracking und ein Ernährungstagebuch für den Kinderarztbesuch.…"
"1673078434","Rezepte zum Kochen - Kochbuch","Germany","Western Europe","50","33","4.60606","33","Koch wie ein Chef zusammen mit Al Dante - deine perfekte Koch-App! Genieße unsere Sammlung der unglaublich köstlichen Rezepte, finde neue Ideen zur Essensvorbereitung und verwandle alltägliche Zutaten in außergewöhnliche Gerichte. Funktionen: VERWENDE BEREITE REZEPTE: entdecke unsere schrittweisen T…"
"1445556677","Dampfguide","Germany","Western Europe","51","44","3.88636","44","Als Ergebnis unserer jahrelangen Erfahrung, der ständig wachsenden Begeisterung für moderne Kochtechnologien, und der Zusammenarbeit mit weltweit operierenden Unternehmen, möchten wir nun unseren Dampfguide vorstellen. Wir, dass sind Franz & Rosi Stolz , und wir erlauben uns DICH in unserer App ""Dam…"
"6758655289","Cocktail Rezepte: Bar Drinks","Germany","Western Europe","52","0","0","0","Mixe Cocktails und Drinks mit dem, was du schon zu Hause hast. Suchst du Cocktail-Rezepte, die du sofort zubereiten kannst? Cocktail-Rezepte: Bar-Drinks ist deine schnelle und einfache App für die Hausbar. Finde alkoholische Getränke und alkoholfreie Cocktails anhand der Zutaten, die du bereits zu H…"
"1643532655","MixGenuss","Germany","Western Europe","53","302","4.87748","302","Hol Dir jetzt die neue MixGenuss-App! Es warten jede Menge tolle, kreative Rezepte darauf entdeckt zu werden. Unsere Rezepte sind gelingsicher und unkompliziert in der Zubereitung. Durch die Verwendung von handelsüblichen Zutaten sind die Rezepte absolut alltagstauglich und garantiert lecker! Bei je…"
"1611519235","EAT CLUB – Rezepte & Kochen","Germany","Western Europe","54","840","4.68452","840","EAT CLUB bringt Rezepte mit Geling-Garantie zum Kochen und Backen aufs Smartphone und Tablet. Alle Rezepte werden von Profis entwickelt und getestet. Neu: Mit einzigartigem Veggie-Modus. ALLE REZEPTE ODER LIEBER VEGGIE? Sie möchten die ganze Rezeptvielfalt entdecken? Wählen Sie „Alle Rezepte“ – dann…"
"1542946766","Low Carb - Rezepte","Germany","Western Europe","55","1207","4.65452","1207","LOWCARB: ABNEHMEN UND FITTER FÜHLEN OHNE VERZICHT Abnehmprogramme, über 1.000 tolle Rezepte & Ernährungspläne, Kohlenhydrate & Kalorien tracken uvm. (Community: 450.000 Fans!) Willkommen bei Lowcarb Du suchst einen Weg, dauerhaft und gesund, aber ohne Verzicht abzunehmen? Dann starte noch heute mit …"
"6746147366","FamFood: dein Familienkochbuch","Germany","Western Europe","56","5","4.2","5","FamFood – Dein Kochbuch für Familienrezepte Was kann ich heute kochen? Mit FamFood hast du dieses Problem in Sekunden gelöst – mit Hilfe von künstlicher Intelligenz. Rezepte speichern war noch nie so einfach Mit KI-Power speicherst du Rezepte auf 4 verschiedene Arten: - Aus Fotos: Mach ein Foto vom …"
"1303222868","Paprika Rezept-Manager 3","Germany","Western Europe","57","2138","4.75398","2138","Ordnen Sie Ihre Rezepte. Erstellen Sie eine Einkaufsliste. Planen Sie Ihre Mahlzeiten. Laden Sie Rezepte von Ihren Lieblingswebseiten herunter. Synchronisieren Sie sie nahtlos mit all Ihren Geräten . Ausstattung • Rezepte - Laden Sie Rezepte von Ihren Lieblingswebseiten herunter oder fügen Sie Ihre …"
"486811622","Cocktail Flow","Germany","Western Europe","58","3035","4.56178","3035","Cocktail Flow bietet wunderschön präsentierte Cocktail-Rezepte mit Schritt-für-Schritt-Anleitungen und ist vollgepackt mit Funktionen, die Sie lieben werden, egal ob Sie ein Anfänger-Barkeeper oder ein professioneller Mixolog sein mögen. IHRE BAR, IHR SCHRANK Markiere die Cocktailzutaten, die Sie zu…"
"6468674686","Guardian Feast: Daily Recipes","Germany","Western Europe","59","342","4.84211","342","With over 7,000 recipes to choose from, find unique flavours, explore different cuisines and expand your usual repertoire, with a 14-day free trial of the Feast app. Or if you are already a Guardian subscriber, sign in to see if Feast is included in your subscription. The Feast app is filled with da…"
"6450508838","Little Foodie: Start Solids","Germany","Western Europe","60","88","4.53409","88","Entdecken Sie mit Little Foodie eine Welt voller nahrhafter Zutaten und köstlicher Rezepte, die speziell auf Ihr Kind zugeschnitten sind: Start Solids, der ultimativen App für Babynahrung. Diese intuitive iOS-App wurde entwickelt, um die Zubereitung gesunder Mahlzeiten für Ihr Baby zu vereinfachen u…"
"6478546136","Flavorish | Save Any Recipe","Germany","Western Europe","61","49","4.65306","49","Save recipes from Instagram, Facebook, TikTok, YouTube, websites, cookbooks, handwritten notes, and more, all in one app! Turn them into meal plans and grocery lists in seconds. With Flavorish, your go-to recipe app, organizing, saving, and cooking has never been easier. Save recipes from anywhere -…"
"1568122827","The Doctor’s Kitchen","Germany","Western Europe","62","48","4.9375","48","Take the hassle out of cooking healthy, balanced meals and discover 1000s of doctor-approved, simple delicious, recipes to cook at home. Plan meals with tailored recipe recommendations, personalised to your dietary and health needs. Search high protein meals, freezable recipes and many more categori…"
"1631103039","Nutrilini - Familienernährung","Germany","Western Europe","63","21","4.2381","21","Nutrilini ist die erste Ernährungs-App speziell für Familien, die nährstoffreiche Ernährung mit extra Pflanzenpower im Alltag umsetzen wollen – von Schwangerschaft über Beikost bis hin zum Teenageralter. Viele Eltern fragen sich: Wie ernähre ich meine Familie gesund, wenn wir weniger Fleisch essen? …"
"1518078585","Stashcook: Rezepte speichern","Germany","Western Europe","64","12","4.25","12","Stashcook – Essensplaner und Rezeptesammlung Stashcook bringt deine Rezepte, Wochenpläne und Einkaufslisten an einem Ort zusammen. So wird Kochen übersichtlicher und die Planung für die Woche einfacher. Rezepte von überall speichern Speichere Rezepte von Websites, TikTok, Instagram, YouTube, Pintere…"
"6755971582","Beikost Start – Baby Essen +","Germany","Western Europe","65","4","4.75","4","# Babys erste Beikost: Erste Produkte, sichere Serviervarianten und praktische Essensplanung Der Beginn der Beikost ist eine wichtige Entwicklungsphase des Kindes. Jeder Elternteil möchte neue Lebensmittel ruhig, sicher und mit dem Vertrauen einführen, dass das Essen für sein Baby geeignet ist. Unse…"
"545648266","Lecker - Rezepte für jeden Tag","Germany","Western Europe","66","37900","4.68325","37900","Koch- & Backrezepte: Wenn es schmeckt, kommt's von LECKER! In der LECKER-App findest du über 45.000 Rezepte mit Geling-Garantie. Alle Rezepte werden in unserer Versuchsküche drei Mal getestet und sind garantiert geschmackserprobt - vom Backrezept über Pasta bis hin zum Rezept für den perfekten Brate…"
"1280464759","Mixel - Cocktail Recipes","Germany","Western Europe","67","78","4.55128","78","What cocktails can you make right now? Tell Mixel what's in your bar, and instantly see every drink you can mix, from the classic to modern craft cocktails. Whether you're a home bartender, mixology enthusiast, or just hosting friends, Mixel turns your ingredients into perfectly crafted drinks. WHAT…"
"6740056091","Rezept-Manager - Recipe Bro","Germany","Western Europe","68","11","4.90909","11","Kennst du das Problem? Auf Chefkoch.de, YouTube, Instagram und anderen Rezeptplattformen findest du unzählige Ideen, aber sie alle zu sammeln und zu organisieren ist ein Chaos? Mit RecipeBro hast du deine Küche im Griff – dein ultimativer Kochbegleiter. Importiere Rezepte mühelos von überall, organi…"
"6479791764","So isst Italien","Germany","Western Europe","69","265","4.78113","265","Erlebe Italien in deiner Küche, jeden Tag, wann immer du willst! Entdecke das Beste der italienischen Küche mit So isst Italien+! Unsere App bringt dir tausende authentische, einfache und leckere Rezepte, die perfekt für jeden Anlass sind. Egal, ob du erfahren oder Kochanfänger:in bist, So isst Ital…"
"6514306976","Mama zuckerfrei Rezepte","Germany","Western Europe","70","33","4.42424","33","Entdecke die Welt der zuckerfreien Rezepte – gesund, lecker und alltagstauglich! Du möchtest deine Familie und dich mit gesunden und köstlichen Gerichten verwöhnen – ganz ohne Zucker? Dann ist diese App genau das Richtige für dich! Die App-Autorin Birgit, bekannt als “Mama zuckerfrei”, begeistert üb…"
"1572826611","SO VEGAN: Healthy Recipes","Germany","Western Europe","71","41","4.87805","41","Do you want to transform your diet and eat more plants, but don’t know where to start? Welcome to the SO VEGAN App - a celebration of delicious plant-based cooking. With over 700 easy and healthy plant-based recipes, you’ll find something for everyone. Whether you’re searching for a quick lunch, a n…"
"1548466041","Mela - Recipe Manager","Germany","Western Europe","72","430","4.78605","430","Mela is a simple, elegant and modern recipe manager that syncs with iCloud. SYNC Sync your recipes with iCloud, either privately (default) or by sharing a recipe library with other iCloud users. IN-APP BROWSER WITH LIVE PREVIEW Quickly save a recipe while browsing: If Mela detects a recipe on the cu…"
"1619509620","Wochenplaner Essen - Menüplan","Germany","Western Europe","73","601","4.5025","601","Wochenplaner Essen - Menüplan von Jojo Apps ist ein All-in-One-Menüplaner, intelligenter Mahlzeiten-Generator und Rezeptverwalter. Sparen Sie Zeit und Geld und essen Sie gesünder durch personalisierte Essenspläne (Diäten, Allergien), die auf Ihren vorhandenen Zutaten basieren. WAS DIE APP MACHT & FÜ…"
"1088859983","Fivesec Health by Alexandra","Germany","Western Europe","74","139","4.74101","139","Cook Delicious Plant-Based Meals with Ease! Discover 700+ easy, healthy, and delicious plant-based recipes with the Fivesec Health App — your go-to companion for everyday vegan cooking! Whether you’re fully plant-based or just looking to add more nutritious meals to your routine, this app makes heal…"
"1587685734","COOKmate - Mein Rezeptmanager","Germany","Western Europe","75","52","4.51923","52","""COOKmate ermöglicht es Ihnen, Ihr eigenes digitales Kochbuch zu erstellen. Erstellen Sie Ihre eigene Rezeptdatenbank, indem Sie Rezepte im Internet sammeln und die Importfunktionen nutzen. Es ist Ihre eigene Kochkunst! Suchen Sie ein neues Rezept? Verwenden Sie unsere Suchmaschine, um im Internet e…"
"6751714040","YummJar: Rezepte verwalten","Germany","Western Europe","76","14","4.92856","14","Die Kochbuch App, um Rezepte zu organisieren und zu verwalten – aus Social Media, Webseiten, Fotos und Notizen. YummJar vereint all deine Rezepte in einer schön organisierten, KI-gestützten Bibliothek, die du nie verlierst. Schluss mit verlorenen Screenshots, kaputten Links oder chaotischen Notizen …"
"6759984213","Flyva: Rezepte aus Angeboten","Germany","Western Europe","77","8","4.5","8","Flyva plant deine Woche aus den aktuellen Supermarkt-Angeboten. Die App liest die Wochenprospekte von Aldi Süd und Nord, Lidl, Rewe, Edeka, Kaufland und Netto in deiner Region, in Österreich die Flugblätter von HOFER, BILLA und BILLA PLUS, und baut daraus einen fertigen Wochenplan mit passender Eink…"
"1532205162","Slow Food Genussführer","Germany","Western Europe","78","28","3.85714","28","Der Slow Food-Genussführer ist ein Projekt von Slow Food Deutschland e.V. Wir empfehlen Gasthäuser, die den von uns definierten, der Slow Food-Philosophie folgenden Kriterien entsprechen. Lokale Testgruppen in Deutschland folgen den einheitlichen Vorgaben. Der Slow Food-Genussführer erweitert die ei…"
"6759932788","Nica: Beikost & Babyrezepte","Germany","Western Europe","79","113","4.75221","113","Der Beikoststart muss sich nicht überwältigend anfühlen. Nica ist dein fröhlicher Begleiter durch die Beikostzeit: von den ersten Bissen mit 6 Monaten bis zum selbstständigen Essen im Kleinkindalter. Ob breifrei (BLW), klassischer Brei oder eine Mischung aus beidem: Alles wird auf das Alter deines K…"
"6761322310","Zastillia: Rezepte & Einkauf","Germany","Western Europe","80","6","5","6","Zastillia ist dein persönliches Rezeptbuch, das die Einkaufsliste für dich erstellt. Hast du ein tolles Rezept auf TikTok, Instagram oder YouTube gesehen? Teile den Link mit Zastillia — und in wenigen Sekunden landet das Rezept in deinem Buch: Zutaten, Schritt-für-Schritt-Anleitung und berechnete Ma…"
"6777471316","mise - meal planner","United Kingdom","Western Europe","1","1221","4.59705","1221","mise – meal planner Take the stress out of deciding what to eat. mise helps you generate personalised meal plans in seconds based on your dietary preferences, calorie goals, favourite UK supermarkets, budget, and the ingredients you already have at home. Whether you're meal prepping for the week, tr…"
"1593779280","ReciMe: Recipes & Meal Planner","United Kingdom","Western Europe","2","19447","4.72926","19447","The number 1 recipe organizer. ReciMe saves all your favorite recipes in one place, including Instagram, Facebook, TikTok, YouTube and Pinterest. Create grocery lists and meal plans. Calculate calories for every recipe. However you cook, ReciMe helps you do it, better. FEATURES - Save Recipes from I…"
"6670216494","Mob: Meal Planner and Recipes","United Kingdom","Western Europe","3","4587","4.5945","4587","Join 4 million+ home cooks who've made weeknight cooking easy. Plan your week, build your shopping list in a tap, and never cook the same thing twice. Apple App of the Day and featured by Apple. Rated 4.5 stars by our community and loved in the press. Mob turns cooking from a daily scramble into the…"
"6475587257","Mealia - AI Grocery Assistant","United Kingdom","Western Europe","4","4465","4.77738","4465","Meet Mealia, your new grocery assistant here to help you save money and time on your weekly meals and grocery shopping from Tesco, Asda, Sainsbury's or Morrisons. Why Mealia? Smarter Meal Planning Say goodbye to decision fatigue. Just tell Mealia what you’re in the mood for, and it takes care of the…"
"714004506","Official Cookidoo App","United Kingdom","Western Europe","5","41236","4.86914","41236","The Official Thermomix® Cookidoo® App gives you access to the growing universe of mouth-watering Thermomix® Guided Cooking recipes. You pick and choose which recipes go with you wherever you are. Create an account and get cooking! SMART @ HEART Connect to Cookidoo® and access over 100,000 worldwide …"
"409157308","Annabel Karmel Kids Recipes","United Kingdom","Western Europe","6","1920","4.43072","1920","Make feeding your baby, toddler and family easier with Annabel Karmel's multi award-winning recipe app. From first tastes and baby-led weaning to family meals, you'll find expert guidance, practical tools and over 1,500 nutritious recipes all in one place. Millions of families rely on Annabel's reci…"
"6777230233","Herbi: Meal Planner + Recipes","United Kingdom","Western Europe","7","177","4.18079","177","Tired of deciding what to cook every night? Herbi makes weekly meal planning simple. Discover delicious recipes, save the ones you spot on TikTok and Instagram, build a personalised meal plan in minutes, and get a supermarket shopping list that's ready to go. Whether you're cooking for yourself, you…"
"6468674686","Guardian Feast: Daily Recipes","United Kingdom","Western Europe","8","6010","4.80349","6010","With over 7,000 recipes to choose from, find unique flavours, explore different cuisines and expand your usual repertoire, with a 14-day free trial of the Feast app. Or if you are already a Guardian subscriber, sign in to see if Feast is included in your subscription. The Feast app is filled with da…"
"6739286231","Osta: Save & Share Recipes","United Kingdom","Western Europe","9","1076","4.69052","1076","With Osta, you can save & import recipes from Instagram, websites, and TikTok. Organize and cook your favorite recipes in your own personalized recipe box. All your recipes in one place. • Import recipes instantly from Instagram, TikTok, or a website. • Cook using a simple recipe display with no clu…"
"911422904","NYT Cooking: Quick Tasty Meals","United Kingdom","Western Europe","10","7139","4.88401","7139","New York Times Cooking has thousands of easy recipes you’ll love to make, from easy weeknight dinners to holiday showstoppers. Editor-curated collections make it easy to find the right recipe, and helpful videos make them fun and simple to cook. With our digital Recipe Box, you can easily save favou…"
"1164423781","Gronda: Recipes for Chefs","United Kingdom","Western Europe","11","1749","4.74557","1749","** Apple’s App of the Day in 120+ Countries ** ** Used by 2M+ Chefs Worldwide ** ""Unlimited amount of inspiration"" — Netflix Superstar Ana Roš Gronda is the #1 app for professional and home chefs. Learn from the world’s best, fine dining recipes, and connect with a global community of culinary exper…"
"1568122827","The Doctor’s Kitchen","United Kingdom","Western Europe","12","1897","4.80706","1897","Take the hassle out of cooking healthy, balanced meals and discover 1000s of doctor-approved, simple delicious, recipes to cook at home. Plan meals with tailored recipe recommendations, personalised to your dietary and health needs. Search high protein meals, freezable recipes and many more categori…"
"6802489151","Measy: Meal Planner & Recipes","United Kingdom","Western Europe","13","25","3.92","25","Dinner, sorted. Measy plans your week of dinners, prices the shop, and tells you what to cook tonight. No recipe rabbit holes, no midweek ""what are we eating?"", no food going soft in the bottom of the fridge. Built around your kitchen Tell us where you shop, what you spend, who you're feeding and wh…"
"1472765520","Sidekick by Sorted Food","United Kingdom","Western Europe","14","394","4.29188","394","Sidekick - Your Personal Kitchen Sidekick Tired of the same old meals? Let Sidekick solve your dinner dilemma with exciting new recipes, smarter shopping and stress-free cooking. Over 4,000,000 dishes cooked so far… Sidekick is here to simplify your weekly meal planning, making cooking at home easie…"
"6449541193","Food For Fitness: High Protein","United Kingdom","Western Europe","15","503","4.87276","503","Scott Baptie’s Food For Fitness is your ultimate high-protein recipe app, perfect for busy families, fitness enthusiasts, or anyone who wants to eat healthier and enjoy meals that taste amazing. ► TRANSFORM YOUR MEALS Say goodbye to boring chicken, kale and brown rice. With over 500+ high-protein re…"
"6754413004","TGB: Meal Planner & Recipes","United Kingdom","Western Europe","16","35","4.54286","35","Do you buy groceries with a plan, then still feel stuck at dinner time? TGB helps you map out the week first, then builds a grocery list from your plan. Your shopping matches your week menu, so you use what you buy. Save what works and move things around when plans change. Keep recipe ideas in one p…"
"6743496454","CookShelf: Search cookbooks","United Kingdom","Western Europe","17","146","4.69862","146","Do you love cookbooks? Us, too. That's why we created CookShelf, the app that helps you make the most of your cookbook collection, and cook from the books you already own. Got too much zucchini in the summer, and an excess of cabbage in winter? Or are you just trying to find that one Bolognese recip…"
"1567423761","Cherrypick: Plan | Shop | Cook","United Kingdom","Western Europe","18","520","4.43269","520","Cherrypick: Plan, Shop, Cook. Your weekly meals and groceries, sorted in minutes from your favourite supermarket. It can feel like an impossible task to eat well these days, we need it to be easy, fast, healthy, affordable oh and you need variety through the week - does this sound familiar? If so, j…"
"1249805978","MealPrepPro Planner & Recipes","United Kingdom","Western Europe","19","2385","4.45995","2385","Have your meals and groceries planned for you with MealPrepPro. MealPrepPro is a smart meal planner that adapts to your schedule, food preferences and goals. Reach your health goals No more counting calories. Meal plans are automatically adapted to your calorie and macro needs. #1 for Meal Prep Prep…"
"6479693198","Eatr・AI Healthy Diet Meal Plan","United Kingdom","Western Europe","20","1702","4.28555","1702","Welcome to Eatr - the ultimate companion for everyone from cooking novices to seasoned chefs! Our app is designed to guide you through a culinary adventure tailored just for you. Whether you're pressed for time or looking to indulge in a leisurely cooking spree, Eatr has you covered. Time Management…"
"974683711","Recipe Keeper","United Kingdom","Western Europe","21","2703","4.79763","2703","Recipe Keeper is the easy to use, all-in-one recipe organizer, shopping list and meal planner available across all of your devices. ADD RECIPES QUICKLY AND EASILY Enter your recipes with as much or as little information as you like. Copy and paste recipes from your existing documents or apps. Catego…"
"1587396851","Plant Based Recipe Club","United Kingdom","Western Europe","22","47","3.10638","47","Your Plant-Based Community and Lifestyle App The Happy Pear app is more than just recipes and workouts. It is a place to connect, share, and thrive together. Whether you are fully plant-based, vegetarian, or simply looking to eat more veg, this app gives you the tools, guidance, and community suppor…"
"1505065609","Love, Manuela","United Kingdom","Western Europe","23","30","4.26667","30","Love, Manuela is a baking app created by Norwegian baker Manuela Kjeilen, known as @passionforbaking. For more than a decade, Manuela has shared her love of baking with people around the world. She has published nine baking books, hosted her own baking show on TV in Sweden, and inspires more than 1.…"
"1073341917","Recipe Keeper - CookBook","United Kingdom","Western Europe","24","1088","4.66176","1088","Stop screenshotting dinner ideas. CookBook turns recipes from Instagram, TikTok, websites and photos into meals you can plan, shop and cook. CookBook is a smart recipe keeper loved by thousands of home cooks. Save recipes from anywhere, organise them into a private digital cookbook, plan meals, crea…"
"1618589011","Pick Up Limes","United Kingdom","Western Europe","25","284","4.92605","284","Plan your meals, feel nourished, and eat delicious plant-based food. The Pick Up Limes App brings together nourishing vegan recipes, personalized meal plans, grocery tools, nutrition support, and all your favourite online recipes in one place. Top features • 1800+ plant-based recipes, with new ones …"
"6766358272","RecipeLab - Healthy Recipes","United Kingdom","Western Europe","26","10","1.7","10","RecipeLab is the recipe app for people who want to eat healthier without making it complicated. RecipeLab is built around the idea that eating for your goals should feel good, taste great, and actually fit your life. Tell us a little about yourself and we'll match you with delicious recipes that cru…"
"6752374123","Recipe Organizer - Recigen","United Kingdom","Western Europe","27","35","5","35","Import Recipes in Seconds Bring your favorite recipes into Recigen instantly! Use our AI-powered image recognition to scan printed or handwritten recipes, paste recipe text, or import directly from social sites like Instagram, Facebook, TikTok, and so on. Building your personal cookbook has never be…"
"1518078585","Stashcook: Recipe Keeper","United Kingdom","Western Europe","28","453","4.65784","453","Stashcook - Meal Planner & Recipe Keeper Stashcook is a simple, thoughtful recipe keeper and meal planner that brings your recipes, weekly plans and shopping into one place. Whether you’re saving ideas from social media or trying to stay organised through the week, Stashcook helps make cooking feel …"
"1540196240","BLW Meals: Starting Solids","United Kingdom","Western Europe","29","47","3.80851","47","What parents are saying: Iluvpalmtrees Favorite BLW app ""So much free information and excellent examples of what you can feed your little one through all stages. Follow their IG as well for daily tips and videos."" MJ - first time mom Love this app! ""I absolutely love this app and the Instagram page.…"
"1529870663","My Little Food Critic","United Kingdom","Western Europe","30","122","4.51639","122","The BEST SELLING My Little Food Critic App is your “go to” for feeding babies, toddlers, kids and the whole family! NEW RECIPES EVERY WEEK Fresh NEW recipes landing every week! Step by step recipe instructions, images and instructional recipe VIDEOS for selected recipes. Easily change cooking units …"
"1553130679","Your Secret Menu for Starbucks","United Kingdom","Western Europe","31","77","4.48052","77","Discover 500+ secret menu drinks, viral TikTok favorites, and creative custom recipes for your next coffee run. NEW RECIPES ADDED EVERY WEEK • 14,000+ FIVE-STAR REVIEWS See a drink all over your feed? Find out what’s in it, choose your size, and get clear, simple instructions for how to order it. Th…"
"1303222868","Paprika Recipe Manager 3","United Kingdom","Western Europe","32","2796","4.853","2796","Organize your recipes. Create grocery lists. Plan your meals. Download recipes from your favorite websites. Seamlessly sync to all your devices. Features • Recipes - Download recipes from your favorite websites, or add your own. • Grocery Lists - Create smart grocery lists that automatically combine…"
"1574776971","Pestle: Recipe Manager","United Kingdom","Western Europe","33","292","4.70547","292","Save recipes from Instagram, TikTok, Facebook, YouTube and more with Pestle. IMPORT FROM ANYWHERE Import recipes from anywhere on the internet to Pestle, and keep just the ingredients and steps. Just tap 'Share', and 'Save to my Cookbook'. GUIDED COOKING Turn any recipe into a step-by-step process w…"
"6742467242","Paprika AI: Recipe Manager","United Kingdom","Western Europe","34","11","2.27273","11","The Recipe Keeper is your Personal Recipe Collection, All in One Place Easily save, organize, and access your favorite recipes anytime, anywhere. From family classics to new discoveries, keep everything neatly stored with photos, tags, and notes — so your perfect meal is always at your fingertips. T…"
"1572826611","SO VEGAN: Healthy Recipes","United Kingdom","Western Europe","35","376","4.7633","376","Do you want to transform your diet and eat more plants, but don’t know where to start? Welcome to the SO VEGAN App - a celebration of delicious plant-based cooking. With over 700 easy and healthy plant-based recipes, you’ll find something for everyone. Whether you’re searching for a quick lunch, a n…"
"1365223384","America's Test Kitchen","United Kingdom","Western Europe","36","21","4.66667","21","The America's Test Kitchen app delivers the best-tasting recipes, cooking videos, product reviews, and more than 30 years of test kitchen discoveries! Get every rigorously tested recipe from America’s Test Kitchen, Cook’s Illustrated, and Cook’s Country. Recipe collections for every occasion: Weekni…"
"1540604002","Pam Fitness & Food","United Kingdom","Western Europe","37","534","4.86704","534","THE BASICS: 1.⁠ ⁠Yummy and healthy recipes, using natural ingredients. No artificial sweeteners, etc. 2.⁠ ⁠I love to replace „bad“ ingredients of classic recipes - for example cane sugar or white flour - with more healthy alternatives. Therefore we can still eat dessert. But we get important nutrien…"
"1215348056","Plan to Eat","United Kingdom","Western Europe","38","104","4.65385","104","Meal planning doesn’t have to feel like an inconvenience. Store all your recipes in one place, auto-generate a shopping list for your week, and let Plan to Eat help you find joy in meal planning again. Plan to Eat is the meal planning app designed with the planner in mind. Try Plan to Eat FREE for 1…"
"6460821436","Meal Plan & Weekly Menu","United Kingdom","Western Europe","39","756","4.7328","756","Did you know that meal planning can improve your health and mood? YouMealPlan is a beautiful all-in-one weekly meal planner that makes meal planning and preparation simple and fun. PLAN YOUR MEALS WITH A BEAUTIFUL DESIGN Create weekly meal plans, organise recipes and automatically generate shopping …"
"6478546136","Flavorish | Save Any Recipe","United Kingdom","Western Europe","40","123","4.65041","123","Save recipes from Instagram, Facebook, TikTok, YouTube, websites, cookbooks, handwritten notes, and more, all in one app! Turn them into meal plans and grocery lists in seconds. With Flavorish, your go-to recipe app, organizing, saving, and cooking has never been easier. Save recipes from anywhere -…"
"6757433422","Nom: AI Meal Planner","United Kingdom","Western Europe","41","6","4.33333","6","Dinner, sorted. Every week. Nom plans your weeknight dinners around three things most recipe apps ignore: your budget, your supermarket, and how many people you're actually cooking for. Answer a few quick questions and Nom builds your week — then turns it into one shopping list, with quantities alre…"
"1488585822","Brewfather","United Kingdom","Western Europe","42","264","4.89773","264","Powerful and easy to use tool for your brewing needs. Easily create and manage your recipes. Keep track of all the details in your batches and your ingredients inventory. Brewfather is made from the ground up to give you the best recipe design and brewing experience on both desktop and mobile device…"
"6754896485","Dishly Save & Cook Recipes","United Kingdom","Western Europe","43","6","4.83333","6","Tired of losing that one amazing recipe you saw on TikTok or Instagram? With Dishly, you can save every recipe you love from anywhere online, all in one simple app. Create your own digital cookbook, organize by category, and access your saved recipes anytime. Dishly keeps things easy no ads, no clut…"
"6779640828","Savo","United Kingdom","Western Europe","44","12","4.41667","12","Living with food allergies means reading every label, every time. Savo does the reading for you. Pick your allergens once, then point your camera at any product barcode. In seconds, Savo checks the ingredients against your profile and gives you a clear answer: looks safe, check the label, or not saf…"
"6762059033","Mealhub - Recipe Manager","United Kingdom","Western Europe","45","0","0","0","Mealhub is the last recipe app you'll ever need. Whether you're a dedicated meal prepper or just trying to get dinner on the table, Mealhub turns recipe chaos into a beautifully organized, always-ready meal plan. IMPORT RECIPES FROM ANYWHERE Spotted a recipe on TikTok? Saved a reel on Instagram? Fou…"
"1157455937","Keto Diet Recipes App","United Kingdom","Western Europe","46","3080","4.68799","3080","Embark on a Transformative Keto Journey with Our App! *** Your Ultimate Keto Guide: Curious about the Keto Diet? Explore in-depth insights into Ketosis, different Keto approaches, benefits backed by science, overcoming Keto flu, and more! *** Comprehensive Food Lists: Discover vital lists for your K…"
"6469321012","Starting Solids & Baby Food","United Kingdom","Western Europe","47","16","4.125","16","Our app has 250+ delicious and healthy recipes carefully prepared for your baby and an unlimited number of recipes that you can create with artificial intelligence. Key app features: *Recipes: 250+ healthy and delicious baby recipes carefully prepared for your baby, Plus new recipes will be added re…"
"1059211083","OrganizEat Recipe Keeper Box","United Kingdom","Western Europe","48","570","4.79298","570","Streamline your cooking experience with OrganizEat Recipe Keeper. Our all-in-one app is your ultimate recipe organizer, cookbook, and keeper box, packed with features to simplify your culinary journey. Your All-in-One Recipe Organizer, Cookbook, and Keeper Box. No Typing! Snap Photos, Import, Tag, a…"
"486811622","Cocktail Flow - Drink Recipes","United Kingdom","Western Europe","49","2620","4.64656","2620","Cocktail Flow features beautifully presented cocktail recipes with step by step guides and is packed with features you’ll love whether you’re a novice bartender or a professional mixologist. YOUR BAR, YOUR CABINET Mark the cocktail ingredients you have at home in the cabinet page and see what drinks…"
"6475651024","Crumb: Recipe & Dinner Ideas","United Kingdom","Western Europe","50","11","4.09091","11","Ever opened your fridge and thought, “What can I make with this?” Crumb is a smart recipe maker that helps you create meals using what you already have — from your fridge, pantry, or grocery list. Whether you’re planning dinner, managing your pantry, or trying to reduce food waste, Crumb simplifies …"
"6742485790","All My Meals - Save Recipes","United Kingdom","Western Europe","51","160","4.71875","160","Save recipes straight from social media! Welcome to All My Meals – your clever recipe app that lets you save viral social media recipes and organize your kitchen in one place! Say goodbye to the daily ""What's for dinner?"" struggle. - 4.7 stars from > 4,000 ratings - Over 300,000 downloads - Used by …"
"6714449541","Honeydew: Recipe & Cookbook AI","United Kingdom","Western Europe","52","140","4.82143","140","TRANSFORM YOUR COOKING & MEAL PLANNING WITH HONEYDEW The smartest AI-powered recipe, grocery list and meal planning app. Instantly import any recipe with one tap from social media, YouTube cooking videos, Instagram and Facebook Reels, screenshots, notes and websites. Turn food trends into your next …"
"6736347122","Inspo - Recipes & Meal Planner","United Kingdom","Western Europe","53","8","4.5","8","All your favorite social media recipes in one place! Import recipes from Instagram, TikTok, Facebook and any website. Inspo uses AI to instantly extract ingredients, step-by-step instructions, nutrition facts, and more from any recipe link. Inspo makes cooking effortless — from saving to shopping to…"
"1669762026","Baby Led Weaning Cookbook","United Kingdom","Western Europe","54","172","4.62209","172","Embark on a seamless Baby-Led Weaning Journey with our app: * Discover Baby-Led Weaning: Navigate the world of solids with confidence. Our app is your comprehensive guide, presenting the latest research findings, nutritional insights and tips for safe, joyful weaning. * 1000+ Foods & Recipes: Indulg…"
"6450664772","Scoolinary: Learn & Cook","United Kingdom","Western Europe","55","20","4.9","20","Scoolinary is the culinary learning app for chefs, entrepreneurs, students, and passionate home cooks. Learn from the world’s best chefs, with 50+ Michelin stars, and access 400+ courses and 3,000 step-by-step video recipes. What you’ll learn •Professional cooking techniques applicable to any dish. …"
"6779701143","Daily Bite: Save Recipes","United Kingdom","Western Europe","56","1","5","1","Every other recipe app starts empty. Start your free trial and Daily Bite opens with 500+ high-protein recipes from real chefs, ready to cook on day one. Then it saves every recipe you find, from Instagram, TikTok, a screenshot, or almost any site, so you finally cook the ones you have been saving. …"
"340368403","Cookpad Recipes","United Kingdom","Western Europe","57","417","4.83213","417","Not sure what to cook tonight? Cookpad recommends: search by ingredient or by dish across thousands of authentic recipes from a global community of home cooks — all verified by the people who have actually cooked them. WHAT SHOULD I COOK TONIGHT? Tell us what's in the fridge and we'll tell you what …"
"1043129225","The Curry Guy - Spiced Recipes","United Kingdom","Western Europe","58","646","4.63313","646","Ever wanted to recreate curry house style meals in your own kitchen? Or want to learn how to cook popular Chinese, Thai, Mexican dishes and more? Look no further! The Curry Guy app features over 300 recipes (over 25 of which are free of charge). Each of these recipes includes illustrated step-by-ste…"
"6783742855","NeatEat - Meal Planner","United Kingdom","Western Europe","59","2","3","2","Tell NeatEat your store and your weekly food budget. Get a full week of simple meals and a costed shopping list that comes in under it — every time. No spreadsheets, no guesswork, no nasty surprise at the till. HOW IT WORKS (WITH NEATEAT PREMIUM) • Pick your supermarket and set a weekly budget • Get…"
"6469011459","Juice Master One","United Kingdom","Western Europe","60","19","4.05263","19","THE ULTIMATE JUICING APP FROM BEST-SELLING AUTHOR JASON VALE. Unlock the power of health with Juice Master One, the definitive juicing app! With over 25 years of juicy expertise, Jason brings you the ultimate one-stop destination for his life-changing juice cleanses. OVER 1.5 MILLION JUICE MASTER AP…"
"6759176094","Brote - Coffee Brew Journal","United Kingdom","Western Europe","61","1","5","1","Brote - Coffee Brew Journal Brote is a native iOS app built for specialty coffee enthusiasts who want to brew better, one cup at a time. No accounts, no cloud — just a clean, focused journal that lives entirely on your device. Track Every Brew Log dose, water, temperature, grind size, and brew time …"
"959638683","Anova Culinary","United Kingdom","Western Europe","62","744","4.10752","744","The Anova family of precision cookers allows everyone to cook like a pro! Paired with the Anova Culinary app, now perfectly cooked restaurant quality meals are as easy as the touch of a button. Browse the largest collection of sous vide recipes by Michelin star chefs and home cooks just like you. Th…"
"6777061995","KitchenSense","United Kingdom","Western Europe","63","0","0","0","KitchenSense: Cook Smarter With What You Already Have KitchenSense is a meal planner, pantry tracker, shopping list and photo ingredient scanner in one app. Snap a photo of your fridge or cupboard and KitchenSense identifies your ingredients and suggests meals you can make right now. No typing and n…"
"6738705065","Recipe Hub: MeAl Planner Pro","United Kingdom","Western Europe","64","0","0","0","Whether you’re a busy professional, a family looking for stress-free meals, or someone who just wants to eat healthier, our personalized meal plans and extensive recipe collection will make meal planning a breeze. With hundreds of delicious, healthy recipes, a smart grocery list generator, and an AI…"
"1217456898","Tasty: Recipes, Cooking Videos","United Kingdom","Western Europe","65","41063","4.87148","41063","Welcome to the Tasty App – your ultimate cooking companion, featuring over 10,000 delicious recipes with video, step-by-step cooking mode, personalized recommendations, a thriving community of home chefs, and recipe shopping and seamless checkout. Tasty brings you the best of food and recipe discove…"
"1088859983","Fivesec Health by Alexandra","United Kingdom","Western Europe","66","106","4.72642","106","Cook Delicious Plant-Based Meals with Ease! Discover 700+ easy, healthy, and delicious plant-based recipes with the Fivesec Health App — your go-to companion for everyday vegan cooking! Whether you’re fully plant-based or just looking to add more nutritious meals to your routine, this app makes heal…"
"1143941420","GuildSomm","United Kingdom","Western Europe","67","0","0","0","The GuildSomm Compendium at your fingertips, whenever you need it! The GuildSomm App provides offline access to the full resources of the GuildSomm Compendium. Perfect for studying during your commute or quickly looking up a fact during service. The database includes regional wine and appellation la…"
"1575726528","Cuisinez pour bébé","United Kingdom","Western Europe","68","4","5","4","Recevez chaque semaine un nouveau menu pour faire le plein de découvertes culinaires avec votre bébé ! Dans cette application, il y a 2000 recettes pour bébé : - Des purées, - Des goûters, - Des desserts, - Des finger food, - Des batch cooking, - Et des recettes à partager en famille ! Quelle que so…"
"6792559460","MealPot: Weekly Meal Planner","United Kingdom","Western Europe","69","2","4.5","2","MealPot turns a handful of quick questions into a complete week of meals — matched to where you shop, what you want to spend, and how your household eats. No account needed. Pick your supermarket, set a weekly budget, and tell MealPot about your dietary needs and allergies. MealPot builds a personal…"
"714004506","Thermomix® Cookidoo®","France","Western Europe","1","258409","4.76949","258409","L'application Cookidoo® Thermomix® officielle vous permet d'accéder à l’univers sans fin des recettes en cuisine guidée de Thermomix®. Vous pouvez choisir les recettes qui vous accompagnent, où que vous soyez. Créez un compte et aux fourneaux ! L’INTELLIGENCE INCARNÉE Connectez-vous à Cookidoo® pour…"
"6811329112","Yuma : Menus de la semaine","France","Western Europe","2","129","4.66667","129","Qu'est-ce qu'on mange cette semaine ? Yuma s'en occupe. Dites à Yuma pour combien vous cuisinez, où vous faites vos courses, ce que vous aimez, ce que vous évitez et votre budget. Quelques minutes plus tard, vos dîners de la semaine sont planifiés et votre liste de courses est prête, déjà chiffrée. …"
"1575726528","Cuisinez pour bébé","France","Western Europe","3","1228","4.92997","1228","Recevez chaque semaine un nouveau menu pour faire le plein de découvertes culinaires avec votre bébé ! Dans cette application, il y a 2000 recettes pour bébé : - Des purées, - Des goûters, - Des desserts, - Des finger food, - Des batch cooking, - Et des recettes à partager en famille ! Quelle que so…"
"6752601333","Basta Batchcooking - meal prep","France","Western Europe","4","1442","4.62275","1442","Et si tu cuisinais une seule fois pour toute la semaine ? Basta est l'app de batch cooking qui prépare ta semaine à ta place : un menu personnalisé selon tes goûts, ton régime et tes allergies, une liste de courses générée automatiquement, des recettes guidées pas à pas et des conseils de conservati…"
"1301257625","Jow - Recettes, Menus, Courses","France","Western Europe","5","47350","4.81178","47350","“Qu'est-ce qu'on mange ce soir ?” Avec Jow, cette question c’est fini ! Jow vous recommande des recettes sur mesure selon vos goûts, votre foyer et vos ustensiles. Choisissez celles qui vous plaisent et, en un clic, tous les ingrédients atterrissent dans votre panier, prêts à être commandés chez vot…"
"1164423781","Gronda : Recettes pour Chefs","France","Western Europe","6","2413","4.74389","2413","** Application du jour sur Apple dans plus de 120 pays ** ** Utilisée par plus de 2 millions de chefs dans le monde ** ""Inspiration sans limites"" — Ana Roš, star de Netflix Gronda est l'application numéro 1 pour les chefs professionnels et les amateurs passionnés. Apprenez des meilleurs, découvrez d…"
"6753683618","GoomY: enregistre tes recettes","France","Western Europe","7","2227","4.60395","2227","GoomY est l’app qui transforme les recettes repérées sur les réseaux sociaux en fiches claires et exploitables. Copiez un lien depuis votre plateforme préférée et retrouvez automatiquement la recette dans l’app, quel que soit le réseau social d’origine. Rangez en un geste vos recettes par dossiers t…"
"6737542752","WeChef - Carnet de recettes","France","Western Europe","8","5112","4.68936","5112","DÉCOUVREZ WECHEF : VOTRE COMPAGNON ULTIME POUR LES RECETTES ET LES REPAS Wechef révolutionne votre façon de cuisiner, de planifier et de découvrir des recettes. Que vous utilisiez des restes, importiez des recettes depuis Internet ou planifiiez des repas pour une occasion spéciale, Wechef simplifie …"
"1593779280","Recettes & Idées Repas: ReciMe","France","Western Europe","9","2069","4.63218","2069","L’organisateur de recettes n°1. ReciMe garde toutes tes recettes préférées au même endroit, y compris celles d’Instagram, Facebook, TikTok, YouTube et Pinterest. Crée des listes de courses et des plans de repas. Calcule les calories de chaque recette. Peu importe comment tu cuisines, ReciMe t’aide à…"
"6670216494","Mob: Meal Planner and Recipes","France","Western Europe","10","87","4.16092","87","Join 4 million+ home cooks who've made weeknight cooking easy. Plan your week, build your shopping list in a tap, and never cook the same thing twice. Apple App of the Day and featured by Apple. Rated 4.5 stars by our community and loved in the press. Mob turns cooking from a daily scramble into the…"
"6757639165","Cookimag","France","Western Europe","11","71","4.64789","71","COOKIMAG - Importe, organise, cuisine. Fini le chaos. Tu as 200 recettes sauvegardees. Tu en cuisines 5. Le reste dort dans des favoris Instagram, des captures d'ecran floues et des signets oublies. Cookimag change ca : un lien colle, une recette prete a cuisiner. COMMENT CA MARCHE 1. Copie un lien …"
"6758073678","BellySafe – Manger serein","France","Western Europe","12","47","4.3617","47","BellySafe te dit en quelques secondes si tu peux manger un aliment, un produit ou un plat. Fromages, charcuterie, poissons, fruits de mer, plats préparés : entre pasteurisation, cuisson et conservation, les étiquettes ne sont pas toujours claires. BellySafe vérifie pour toi et te donne une réponse s…"
"1353826313","Cookomix","France","Western Europe","13","26309","4.8971","26309","Cookomix est une application gratuite d'échange de recettes adaptées au Thermomix ®. Découvrez-y les meilleures recettes écrites et commentées par la communauté et présentées de manière simple et lisible comme sur votre appareil ! Ajoutez vos propres recettes, sauvegardez dans votre carnet vos préfé…"
"6777471316","mise - meal planner","France","Western Europe","14","82","4.43902","82","mise – meal planner Take the stress out of deciding what to eat. mise helps you generate personalised meal plans in seconds based on your dietary preferences, calorie goals, favourite UK supermarkets, budget, and the ingredients you already have at home. Whether you're meal prepping for the week, tr…"
"6744090840","CookGo: Sauvegarde de recettes","France","Western Europe","15","418","4.77512","418","CookGo: Easy Recipe Import & Smart Management CookPal devient CookGo — votre application recette tout-en-un arbore un nouveau nom et un nouveau look. CookGo facilite la sauvegarde, l’organisation et la préparation de recettes venues de partout. Que ce soit un plat viral sur Instagram, une recette Fa…"
"6742029015","Yummix","France","Western Europe","16","276","4.88042","276","L'application Yummix propose de nombreuses recettes pour Thermomix fiables et faciles à base de produits bruts. Cuisinez étape par étape et organisez vos recettes selon vos préférences ! Compatible avec les robots Thermomix TM7, TM6, TM5, TM31, mais aussi Monsieur Cuisine, Cook Expert, Digicook, Com…"
"911422904","NYT Cooking: Quick Tasty Meals","France","Western Europe","17","1874","4.89808","1874","New York Times Cooking has thousands of quick recipes you’ll love to make, from easy weeknight dinners to holiday showstoppers. Editor-curated collections make it easy to find the right recipe, and helpful videos make them fun and simple to cook. With our digital Recipe Box, you can easily save favo…"
"1596445360","All-Clad","France","Western Europe","18","309","4.8479","309","Trouvez de l'inspiration pour vos repas du quotidien et régalez vos papilles et celles de toute la famille grâce à des plats faits maison réalisés avec votre robot All Cook ! De nombreux services viendront également vous accompagner en cuisine. DEVENEZ MEMBRE DE LA COMMUNAUTÉ ALL-CLAD ! Créez ou mod…"
"1296294785","Appetia - Idée recette facile","France","Western Europe","19","1227","4.55175","1227","LE COACH DE POCHE DES GENS QUI MANGENT BIEN Plus qu’une application de recettes, Appetia, c’est ton coach de poche pour t’accompagner dans le casse-tête de la cuisine maison du quotidien. Cette app créée par des pros de la cuisine et de la nutrition a été entièrement pensée pour te faciliter la vie …"
"1537610300","Saveurs : Recettes de cuisine","France","Western Europe","20","284","3.98944","284","Explorez Saveurs, l'application idéale pour tous les amoureux de la cuisine ! Avec plus de 12 000 recettes accessibles, Saveurs transforme chaque repas en une expérience culinaire exceptionnelle. Que vous soyez novice ou expert en cuisine, notre application vous accompagne pas à pas dans la réalisat…"
"1510387870","Kuri - Recettes de Saison","France","Western Europe","21","3817","4.80194","3817","On vous présente Kuri - l'application made in France de cuisine éco-friendly. Kuri rend la planification des repas de la semaine et les courses ultra faciles & pratiques. Avec Kuri, on découvre de délicieuses recettes de saison (meilleures que Jow), dans une interface épurée, et avec des fonctionnal…"
"1618589011","Pick Up Limes","France","Western Europe","22","96","4.89583","96","Plan your meals, feel nourished, and eat delicious plant-based food. The Pick Up Limes App brings together nourishing vegan recipes, personalized meal plans, grocery tools, nutrition support, and all your favourite online recipes in one place. Top features • 1800+ plant-based recipes, with new ones …"
"1438393541","Betty Bossi - Livre de recette","France","Western Europe","23","119","4.78992","119","Que cuisinez-vous aujourd’hui? Avec l’appli de recettes Betty Bossi, vous trouverez la bonne recette pour chaque occasion. Puisez de l’inspiration au quotidien pour la cuisine et la pâtisserie! Vous y trouverez aussi toutes les recettes du Journal Betty Bossi avec bien sûr notre garantie de réussite…"
"6472448949","Recipe Keeper - Mr. Cook","France","Western Europe","24","15","4.33333","15","Ne perds plus jamais une recette. Plus de 140 000 cuisiniers organisent leur quotidien en cuisine avec Mr. Cook. ENREGISTRE TOUTES TES RECETTES • Depuis Instagram, TikTok, YouTube, Facebook, Pinterest et presque n'importe quel site de cuisine • Toutes tes recettes au même endroit – sans pub ni long …"
"6468674686","Guardian Feast: Daily Recipes","France","Western Europe","25","183","4.83607","183","With over 7,000 recipes to choose from, find unique flavours, explore different cuisines and expand your usual repertoire, with a 14-day free trial of the Feast app. Or if you are already a Guardian subscriber, sign in to see if Feast is included in your subscription. The Feast app is filled with da…"
"6766358272","RecipeLab - Healthy Recipes","France","Western Europe","26","2","1","2","RecipeLab is the recipe app for people who want to eat healthier without making it complicated. RecipeLab is built around the idea that eating for your goals should feel good, taste great, and actually fit your life. Tell us a little about yourself and we'll match you with delicious recipes that cru…"
"1488585822","Brewfather","France","Western Europe","27","37","4.94595","37","Un outil puissant et facile à utiliser pour tout vos besoins en brassage. Créez et gérer facilement vos recettes. Suivez votre inventaire de matières premières et gardez un historique de tous vos brassins. BrewFather est conçu pour vous donner la meilleure expérience en conception de recette et de b…"
"6795912241","Menu de la semaine – Mibo","France","Western Europe","28","1","5","1","On mange quoi cette semaine ? Avec « Menu de la semaine – Mibo », réponds à quelques questions, choisis tes plats en swipant, et ta semaine de repas est prête, calée sur ton budget. Abonnement requis. Fini le « on mange quoi ce soir ? » à 18h. Mibo te propose des recettes adaptées à tes goûts, ton r…"
"1540604002","Pam Fitness & Food","France","Western Europe","29","446","4.79821","446","THE BASICS: 1.⁠ ⁠Yummy and healthy recipes, using natural ingredients. No artificial sweeteners, etc. 2.⁠ ⁠I love to replace „bad“ ingredients of classic recipes - for example cane sugar or white flour - with more healthy alternatives. Therefore we can still eat dessert. But we get important nutrien…"
"1619509620","Menu de la Semaine","France","Western Europe","30","374","4.52139","374","Menu de la Semaine de Jojo Apps est un planificateur de menus, générateur de repas intelligent et livre de recettes digital. Gagnez du temps, réduisez le gaspillage alimentaire, économisez sur vos courses et mangez plus sainement grâce à des menus personnalisés basés sur les ingrédients que vous ave…"
"1518078585","Stashcook: Livre de recettes","France","Western Europe","31","18","4.5","18","Stashcook : Planificateur de repas et carnet de recettes Stashcook est une solution simple et pratique pour centraliser vos recettes, vos menus et vos courses. Que vous sauvegardiez des idées sur les réseaux sociaux ou cherchiez à vous organiser pendant la semaine, Stashcook simplifie la cuisine et …"
"1111504254","Simplissime : Cuisine Facile","France","Western Europe","32","54","2.2963","54","Avec l’application Simplissime, cuisiner au quotidien devient un jeu d’enfant . Comment ? Grâce à la méthode Simplissime. Cette méthode de cuisine inventée par Jean-Francois Mallet en 2015 repose sur des recettes très faciles, les plus faciles du monde, à réaliser avec 6 ingrédients maximum et très …"
"6758266575","Recette Air Fryer - AirFryMeal","France","Western Europe","33","3","5","3","Marre de vous demander quoi cuisiner ce soir ? AirFryMeal rend la planification des repas simple et la cuisine au air fryer amusante ! GLISSEZ POUR DÉCOUVRIR Parcourez plus de 250 recettes air fryer délicieuses d'un simple geste. À gauche pour revenir, à droite pour découvrir une nouvelle idée. Trou…"
"6740240178","AirfryAddict: Recette Airfryer","France","Western Europe","34","950","4.5221","950","En manque d'inspiration face à votre Air fryer ? Fatigué de ne préparer que des frites ? Réveillez votre créativité culinaire avec Airfry Addict ! Transformez votre appareil en un allié gourmand grâce à des centaines de recettes savoureuses, faciles et en français. DES RECETTES POUR TOUS LES GOÛTS Q…"
"1548466041","Mela - Recipe Manager","France","Western Europe","35","87","4.77011","87","Mela is a simple, elegant and modern recipe manager that syncs with iCloud. SYNC Sync your recipes with iCloud, either privately (default) or by sharing a recipe library with other iCloud users. IN-APP BROWSER WITH LIVE PREVIEW Quickly save a recipe while browsing: If Mela detects a recipe on the cu…"
"6791539117","Macro Meal Planner : Menu","France","Western Europe","36","4","4.5","4","Tes recettes, tes macros, tes courses : ton menu est prêt. Arrête de compter les calories. MacroMeal planifie ta journée ou ta semaine de vrais plats et ajuste chaque portion à tes calories, tes protéines, tes glucides et tes lipides, avant même que tu cuisines. Plus de journal alimentaire à remplir…"
"6517349499","Patate & Cornichon : Recettes","France","Western Europe","37","323","4.9257","323","La cheffe Éline Bonnin partage des recettes végétales chaque semaine depuis 2015 sur son blog Patate & Cornichon. Plus de 1 100 recettes végétales avec des ingrédients simples, abordables et sûrement déjà dans vos placards — adaptées à chaque saison : plats d'automne réconfortants, festins de Noël, …"
"6470394375","Jeannou","France","Western Europe","38","5","4.8","5","Nourrir ton bébé ne devrait pas être source de doute et de stress. Textures, âges, quantités, aliments à introduire… La diversification alimentaire soulève mille questions au quotidien. Jeannou t’accompagne pas à pas pour nourrir ton bébé sereinement, sans charge mentale. - Moins d'hésitations. - Pl…"
"974683711","Recipe Keeper","France","Western Europe","39","559","4.74418","559","Recipe Keeper est un organiseur de recettes, une liste de courses et un planificateur de repas faciles à utiliser et tout-en-un, disponible sur tous vos appareils. AJOUTER DES RECETTES RAPIDEMENT ET FACILEMENT Entrez vos recettes avec autant ou aussi peu d'informations que vous le souhaitez. Copiez …"
"1195541934","My Recipe Box: Recettes & Menu","France","Western Europe","40","1387","4.79812","1387","● Rejoignez des millions d'amateurs de cuisine qui utilisent notre gestionnaire de recettes pour sauvegarder et utiliser leurs recettes préférées. Vous cherchez un gestionnaire de recettes gratuit avec des outils tels qu'un créateur de liste d'épicerie et un planificateur de repas ? Ne cherchez pas …"
"6479693198","Eatr: IA Plan repas & régime","France","Western Europe","41","2799","4.40693","2799","Bienvenue sur Eatr – votre compagnon culinaire idéal, que vous soyez débutant ou chef expérimenté ! Laissez-vous guider par une aventure gastronomique personnalisée, adaptée à votre emploi du temps et à vos goûts. Gérez votre temps en cuisine : Choisissez votre durée – express en 15 minutes ou menus…"
"344532371","750g, recettes de cuisine","France","Western Europe","42","15512","4.53372","15512","750g : 80 000 recettes de cuisine gratuitement sur votre mobile et sur tablette. 750g vous propose l’une des plus riches applications de recettes de cuisine sur mobile. Retrouvez les recettes qui vous correspondent le mieux : gourmandes, classiques, originales, économiques … pour toutes vos envies 7…"
"6748955560","Vos Recettes - BookCook IA","France","Western Europe","43","2","5","2","Marre de mettre en pause et de revenir en arrière sur vos vidéos pour noter une recette ? BookCook IA transforme n'importe quelle vidéo de cuisine en recette claire et structurée, prête à suivre. Partagez une vidéo depuis TikTok, Instagram ou YouTube, et laissez l'IA faire le reste : elle extrait au…"
"1461650987","Crouton: Compagnon de cuisine","France","Western Europe","44","268","4.77985","268","Crouton est un organisateur de recettes et un planificateur de repas riches en fonctionnalités Importer n'importe où Crouton prend en charge l'importation de recettes de presque partout ! Extrayez automatiquement les recettes des sites Web et enregistrez simplement les éléments dont vous avez besoin…"
"1600458699","Le Figaro: Recettes de cuisine","France","Western Europe","45","413","4.69492","413","Vous avez à cœur le goût des bonnes choses? Vous êtes de ces gourmets qui cultivent une certaine vision de l’art de vivre à la française? Le Figaro Cuisine, application de référence, réunit une sélection de recettes de qualité, et des milliers d’articles pour s’inspirer et progresser. Cuisinier ou a…"
"502511033","ELLE à table Mag","France","Western Europe","46","550","4.55999","550","Créativité, expertise, découverte… Elle à table, un véritable « coach » pour la cuisine de tous les jours. Plus de 60 recettes originales et accessibles et des fiches pratiques à collectionner ! - Retrouvez votre magazine ELLE à table dès sa parution, dans son intégralité, en version numérique. - Pr…"
"1563767649","RecipeChef - Mes Recettes","France","Western Europe","47","127","4.74016","127","Stockez toutes vos recettes préférées au même endroit ! Ajoutez vos propres recettes et photos, trouvez la recette parfaite, ajoutez des ingrédients à votre liste de courses, planifiez vos repas pour la semaine, et bien plus encore ! AJOUTEZ VOS RECETTES PRÉFÉRÉES RecipeChef est un gestionnaire de r…"
"1249805978","MealPrepPro Planner & Recipes","France","Western Europe","48","159","4.4717","159","Have your meals and groceries planned for you with MealPrepPro. MealPrepPro is a smart meal planner that adapts to your schedule, food preferences and goals. Reach your health goals No more counting calories. Meal plans are automatically adapted to your calorie and macro needs. #1 for Meal Prep Prep…"
"6779303849","Disha : Menu Semaine & Repas","France","Western Europe","49","3","4","3","Disha planifie toute votre semaine selon votre budget, votre supermarché et vos préférences alimentaires. En quelques secondes. Sans stress, sans hésitation. Indiquez votre budget hebdomadaire, le magasin où vous faites vos courses et votre façon de manger : Disha crée instantanément un programme co…"
"6794365868","Nyama : mes recettes rangées","France","Western Europe","50","38","4.42105","38","Tu enregistres une recette en vidéo. Trois semaines plus tard, tu ne la retrouves plus. Nyama la capture, la range, et te la remet en main le soir où tu cuisines. 1. Envoie-la Un lien Instagram, TikTok, YouTube ou un site de cuisine. Une photo de page de livre. Un texte collé. Nyama en tire les ingr…"
"6470974712","omnomnom","France","Western Europe","51","9","5","9","• Pour obtenir le corps dont vous avez toujours rêvé, il n’y a pas de miracle : il faut comprendre ce que vous mangez. Et avec le nombre d'idées reçues sur la nutrition, il est commun de faire des erreurs. Mettre un avocat dans votre assiette ne rendra pas votre alimentation healthy ! De la même faç…"
"6738144606","CookBooker: Recettes & Menus","France","Western Europe","52","64","4.54688","64","CookBooker — Votre livre de recettes intelligent et planificateur de menus Idée repas pour ce soir ? Sauvegardez vos recettes favorites depuis n'importe quel site, planifiez vos menus de la semaine avec l'IA, et retrouvez facilement toutes vos recettes dans un carnet de cuisine organisé. EXTRACTION …"
"6460821436","Planificateur Menu Semaine","France","Western Europe","53","787","4.6315","787","Saviez-vous que la planification des repas pouvait améliorer votre santé et votre humeur ? YouMealPlan est l'application plan repas ultime et intuitive qui rend la planification et la préparation des menus simples et agréables. PLANIFIEZ VOS MENUS AVEC UN JOLI DESIGN Créez vos plans de repas hebdoma…"
"6801266653","À Ma Sauce – Recettes","France","Western Europe","54","2","5","2","À Ma Sauce, toutes vos recettes enfin réunies au même endroit. Enregistrez, organisez et cuisinez vos recettes facilement, que vous les trouviez sur Internet, les réseaux sociaux, dans vos notes ou directement en photo. Importez vos recettes facilement Ajoutez une recette depuis un lien, une vidéo, …"
"6739286231","Osta: Enregistrer recettes","France","Western Europe","55","386","4.60104","386","Avec Osta, vous pouvez enregistrer et importer des recettes depuis Instagram, des sites web et TikTok. Organisez et cuisinez vos recettes préférées dans votre propre boîte à recettes personnalisée. Toutes vos recettes au même endroit. • Importez instantanément des recettes depuis Instagram, TikTok o…"
"6474663216","The Pitance - Recettes & Menus","France","Western Europe","56","6","5","6","Tes recettes sont éparpillées entre captures d'écran, vidéos Instagram ou TikTok, sites web et carnets papier ? The Pitance les réunit dans un seul carnet de recettes numérique, puis t'aide à planifier tes repas de la semaine et à faire tes courses sans rien oublier. IMPORTER UNE RECETTE EN QUELQUES…"
"959638683","Anova Culinary","France","Western Europe","57","177","3.9435","177","The Anova family of precision cookers allows everyone to cook like a pro! Paired with the Anova Culinary app, now perfectly cooked restaurant quality meals are as easy as the touch of a button. Browse the largest collection of sous vide recipes by Michelin star chefs and home cooks just like you. Th…"
"6804841924","Nutribouille","France","Western Europe","58","0","0","0","La diversification alimentaire de bébé sans la charge mentale : avec Nutribouille, tu sais quoi proposer, quand et comment, jour après jour, sans rester dans le flou. Conçue par Marine, diététicienne diplômée d'État avec une expertise en petite enfance, l'application réunit au même endroit : un parc…"
"1073341917","CookBook: Carnet de recettes","France","Western Europe","59","59","4.9322","59","Arrêtez de capturer vos idées de dîner. CookBook transforme les recettes d'Instagram, TikTok, sites web et photos en repas à planifier, acheter et cuisiner. CookBook est un carnet de recettes intelligent apprécié par des milliers de personnes qui cuisinent à la maison. Enregistrez des recettes de pa…"
"1143941420","GuildSomm","France","Western Europe","60","0","0","0","The GuildSomm Compendium at your fingertips, whenever you need it! The GuildSomm App provides offline access to the full resources of the GuildSomm Compendium. Perfect for studying during your commute or quickly looking up a fact during service. The database includes regional wine and appellation la…"
"6475651024","Idée recette du frigo - Crumb","France","Western Europe","61","46","4.63042","46","Combien de fois vous êtes-vous retrouvé devant votre frigo, vous demandant : ""Mais qu'est-ce que je pourrais bien cuisiner avec ça ?”. Dites adieu aux repas répétitifs et au gaspillage alimentaire avec Crumb - l'application innovante qui transforme votre façon de cuisiner, de manger et de penser à v…"
"1568122827","The Doctor’s Kitchen","France","Western Europe","62","20","4.8","20","Take the hassle out of cooking healthy, balanced meals and discover 1000s of doctor-approved, simple delicious, recipes to cook at home. Plan meals with tailored recipe recommendations, personalised to your dietary and health needs. Search high protein meals, freezable recipes and many more categori…"
"6794381455","Manjo - Recettes & Courses","France","Western Europe","63","0","0","0","Essai gratuit 3 jours. Ton menu de la semaine, ta liste de courses par rayon et ton budget calculé aux prix de TON supermarché. Fini le casse-tête du ""qu'est-ce qu'on mange ce soir ?"" et les caddies qui explosent le budget. Manjo te génère ton menu de la semaine en 2 minutes, adapté à ton enseigne, …"
"585332633","Cookpad, recettes de cuisine","France","Western Europe","64","544","4.61949","544","Pas d'idée pour ce soir ? Cookpad vous la donne : cherchez par ingrédient ou par plat parmi des milliers de recettes authentiques du monde entier, toutes recommandées et vérifiées par celles et ceux qui les ont déjà cuisinées. QU'EST-CE QUE JE CUISINE CE SOIR ? Dites-nous ce qu'il y a dans le frigo,…"
"1303222868","Gestion de recettes Paprika 3","France","Western Europe","65","280","4.68214","280","Organisez vos recettes. Créez des listes de courses. Planifiez vos repas. Téléchargez des recettes depuis vos sites favoris. Synchronisez vers tous vos appareils sans difficulté. Fonctionnalités • Recettes - téléchargez des recettes depuis vos sites favoris ou ajoutez les vôtres • Listes de courses …"
"6758909638","FOODIE: Assistant Culinaire","France","Western Europe","66","0","0","0","Tu as enregistré 200 recettes sur Instagram. Tu en as cuisiné trois, peut-être. FOODIE est une app de recettes et un assistant culinaire IA qui aide les parents pressés, les adeptes du batch cooking et les étudiants à cuisiner vraiment ce qu'ils enregistrent : il extrait la recette de tout lien, pho…"
"6797575593","Slushi Party","France","Western Europe","67","2","5","2","Slushi Party transforme votre Ninja Slushi, Ninja Slushi XL, Ninja Slushi Max ou Ninja Slushi Twist en véritable bar à cocktails glacés. Choisissez votre machine : les quantités, les cuves et le programme conseillé s’adaptent automatiquement. PLUS DE 80 RECETTES À EXPLORER • Cocktails glacés, mockta…"
"1531641801","Look & Cook: здоровые рецепты","France","Western Europe","68","0","0","0","Look & Cook поможет разнообразить ваш рацион сбалансированными и здоровыми блюдами и сохранит ваше время. Планируйте неделю и не тратьте часы на кухне. Look & Cook больше, чем сборник авторских рецептов от фудблогера @look_whaticook. Это ваш помощник в планировании ежедневного питания с пошаговым пр…"
"419098758","Food Intolerances","France","Western Europe","69","64","4.59375","64","■ Latest Awards • Healthline.com: Best Allergy Apps of the Year 2020 • Focus Money 2019: ""Best App"" in the health category • MeinAllergiePortal – Digital Health Heroes Award 2018 & 2021 The app Food Intolerances helps you if you have to stick to a restricted diet after being diagnosed with food into…"
"6758278666","Cestio: Menus & Courses","France","Western Europe","70","0","0","0","Votre semaine de repas, réglée en quelques secondes. Cestio planifie avec l'IA tous vos petits-déjeuners, déjeuners et dîners de la semaine, selon votre budget, votre régime, vos allergies et les supermarchés où vous faites vraiment vos courses. Et il écrit la liste de courses pour vous, organisée p…"
"6749248723","kissaten – coffee brewing","France","Western Europe","71","2","5","2","Kissaten turns each coffee bag into a recipe you can brew, rate, remember, and share. Scan a bag or add it yourself. Kissaten keeps its details, recommends a practical recipe, and guides you through the brew with clear steps and timers. Afterward, rate the coffee, add a tasting note, and return when…"
"6757186911","Recette Air Fryer en Français","France","Western Europe","72","232","4.56897","232","Bienvenue sur Recette Air Fryer en Français, votre compagnon indispensable pour cuisiner de délicieux repas sains avec votre friteuse à air ! Que vous soyez débutant ou chef amateur passionné, Recette Air Fryer en Français vous aide à découvrir des recettes savoureuses, à suivre des instructions sim…"
"6748003406","Yoomla・Gestion de Recettes","France","Western Europe","73","35","4.48571","35","Yoomla – Votre gestionnaire de recettes intelligent Découvrez, enregistrez et organisez toutes vos recettes préférées au même endroit ! Que vous exploriez de nouveaux plats ou que vous gériez vos repas du quotidien, Yoomla vous aide à garder votre inspiration culinaire à portée de main. RECHERCHE DE…"
"6738133941","Whisk: Recipe Keeper & Planner","France","Western Europe","74","21","4.38095","21","The best app to save recipes from Instagram, TikTok, Facebook, YouTube, blogs & more! Whisk is your all-in-one recipe manager that makes cooking easier, faster, and more fun. Save recipes from social media, websites, or your own photos, and turn them into clear, step-by-step cooking instructions. In…"
"6447921573","Mon alimentation grossesse","France","Western Europe","75","32","4.59375","32","Pregnancy Diet, l'application ultime pour les recettes de grossesse, les aliments, les ingrédients et les conseils ! Vous êtes une future maman et vous cherchez des idées de repas délicieux et sains pour accompagner la croissance de votre bébé ? Ne cherchez pas plus loin que notre application, conçu…"
"6810179075","BebeMange","France","Western Europe","76","0","0","0","BebeMange vous accompagne pas à pas dans la diversification alimentaire de votre bébé, de 4 mois à 3 ans. RECETTES ILLIMITÉES ADAPTÉES À L'ÂGE Des recettes générées selon l'âge exact de votre enfant, ses allergies connues et son stade de diversification, en suivant les recommandations officielles. C…"
"6469321012","Diversification : DME & BLW","France","Western Europe","77","52","4.32692","52","Notre application propose plus de 250 recettes délicieuses et saines préparées avec soin pour votre bébé, ainsi qu'un nombre illimité de recettes que vous pouvez créer grâce à l'intelligence artificielle. Principales caractéristiques de l'application : *Recettes : 250+ recettes saines et délicieuses…"
"6758396858","Pom : Importer vos recettes","France","Western Europe","78","3","5","3","Pom vous aide à enregistrer des recettes depuis TikTok, Instagram, YouTube et le web, puis les transforme en recettes claires et structurées. Finies les recettes perdues dans vos posts, vidéos et liens enregistrés. Partagez une recette vers Pom ou collez un lien, et Pom en extrait les infos essentie…"
"714004506","App Cookidoo® Bimby® Ufficiale","Italy","Southern Europe","1","146645","4.83186","146645","Con l’app ufficiale Cookidoo® potrai accedere all'illimitato tesoro di ricette Bimby®, tutte in Modalità Guidata e con Garanzia di Successo. Tante ricette sempre a tua disposizione, ovunque ti trovi. Crea il tuo profilo e inizia a cucinare! SMART @ HEART Collegati a Cookidoo® e accedi alle oltre 100…"
"1164423781","Gronda: Ricette per Chef","Italy","Southern Europe","2","3655","4.74993","3655","** App del giorno su Apple in oltre 120 Paesi ** ** Usata da oltre 2 milioni di chef in tutto il mondo ** ""Ispirazione infinita"" — Ana Roš, star di Netflix Gronda è l’app numero 1 per chef professionisti e appassionati di cucina. Impara dai migliori, scopri ricette gourmet e connettiti con una commu…"
"6747386728","Avocadish: Salva Ricette","Italy","Southern Europe","3","338","4.67751","338","Avocadish è l'app all-in-one per salvare ricette, pianificare i pasti e creare liste della spesa. Salva le ricette da TikTok, Instagram, Pinterest, Facebook o perfino da foto di libri di cucina e appunti scritti a mano. FUNZIONALITÀ - Salva ricette dai Social Media – Importa ricette da TikTok, Insta…"
"1593779280","Ricette & Meal Planner: ReciMe","Italy","Southern Europe","4","221","4.37104","221","Il ricettario numero 1. ReciMe salva tutte le tue ricette preferite in un unico posto, inclusi Instagram, Facebook, TikTok, YouTube e Pinterest. Crea liste della spesa e pianificatore pasti. Calcola le calorie per ogni ricetta. Qualunque sia il tuo stile di cucina, ReciMe ti aiuta a farlo meglio. FE…"
"6744905123","Svezzy","Italy","Southern Europe","5","141","4.84396","141","Svezzy ti accompagna passo dopo passo nel percorso di svezzamento del tuo bambino. Puoi richiedere menù personalizzati creati da una nutrizionista pediatrica, tracciare gli alimenti introdotti, annotare eventuali reazioni, consultare ricette gustose e scoprire i tagli sicuri per ogni età. In più, pu…"
"6777471316","mise - meal planner","Italy","Southern Europe","6","36","3.91667","36","mise – meal planner Take the stress out of deciding what to eat. mise helps you generate personalised meal plans in seconds based on your dietary preferences, calorie goals, favourite UK supermarkets, budget, and the ingredients you already have at home. Whether you're meal prepping for the week, tr…"
"6670216494","Mob: Meal Planner and Recipes","Italy","Southern Europe","7","21","3.7619","21","Join 4 million+ home cooks who've made weeknight cooking easy. Plan your week, build your shopping list in a tap, and never cook the same thing twice. Apple App of the Day and featured by Apple. Rated 4.5 stars by our community and loved in the press. Mob turns cooking from a daily scramble into the…"
"1547585029","AMC Cook & Go","Italy","Southern Europe","8","36","3.72222","36","Cucina in modo più intelligente, sano e veloce con AMC Cook & Go – l’app di supporto per il tuo sistema di cottura intelligente AMC. Vivi la cottura guidata con istruzioni passo dopo passo, aggiornamenti in tempo reale e risultati perfetti, ogni volta. Come funziona Collega Cook & Go al tuo AMC Audi…"
"1502080183","Acadèmia.tv - Corsi di Cucina","Italy","Southern Europe","9","485","4.38143","485","Entra in Acadèmia, la prima piattaforma internazionale di e-learning dedicata interamente al mondo della cucina. Lasciati guidare da Maestri del calibro di Iginio Massari o Quique Dacosta: frequenta i loro corsi dove e quando vuoi, supera i test e ricevi il certificato firmato dal Maestro stesso. Ac…"
"6742485790","All My Meals - Save Recipes","Italy","Southern Europe","10","10","4.8","10","Save recipes straight from social media! Welcome to All My Meals – your clever recipe app that lets you save viral social media recipes and organize your kitchen in one place! Say goodbye to the daily ""What's for dinner?"" struggle. - 4.7 stars from > 4,000 ratings - Over 300,000 downloads - Used by …"
"6714449541","Honeydew: Ricette e Cucina","Italy","Southern Europe","11","9","4.33333","9","TRASFORMA LA TUA CUCINA E LA TUA PIANIFICAZIONE DEI PASTI CON HONEYDEW L’app più intelligente per ricette, liste della spesa e pianificazione dei pasti con l’IA. Importa qualsiasi ricetta con un tocco da social media, video di YouTube, Reels di Instagram e Facebook, screenshot, note e siti web. Tras…"
"6780402059","Kumino","Italy","Southern Europe","12","239","4.36402","239","Kumino è l'app italiana che risolve la domanda di ogni giorno: cosa cucino oggi? Dimmi il tuo supermercato e il tuo budget. Kumino genera un piano pasti completo per tutta la settimana — con ricette, ingredienti, dosi e lista della spesa già pronta. COME FUNZIONA: 1. Scegli il tuo supermercato (Esse…"
"6802890388","Quanto Basta:Spesa Settimanale","Italy","Southern Europe","13","11","4.09091","11","Basta chiedere «cosa cucino stasera?». Quanto Basta crea il piano pasti della settimana, le ricette e la lista della spesa in base a come cucini e a quanto vuoi spendere. Niente foglietti, niente sprechi, niente «vediamo in frigo». In pochi minuti hai il menù, i costi stimati e la spesa pronta. Cosa…"
"1280464759","Mixel - Cocktail Recipes","Italy","Southern Europe","14","21","3.7619","21","What cocktails can you make right now? Tell Mixel what's in your bar, and instantly see every drink you can mix, from the classic to modern craft cocktails. Whether you're a home bartender, mixology enthusiast, or just hosting friends, Mixel turns your ingredients into perfectly crafted drinks. WHAT…"
"1540604002","Pam Fitness & Food","Italy","Southern Europe","15","716","4.7081","716","THE BASICS: 1.⁠ ⁠Yummy and healthy recipes, using natural ingredients. No artificial sweeteners, etc. 2.⁠ ⁠I love to replace „bad“ ingredients of classic recipes - for example cane sugar or white flour - with more healthy alternatives. Therefore we can still eat dessert. But we get important nutrien…"
"1518078585","Stashcook: Ricette","Italy","Southern Europe","16","20","4.55","20","Stashcook: pianificatore dei pasti e ricettario Stashcook riunisce ricette, menu settimanali e liste della spesa in un unico posto. Così cucinare è più semplice e organizzare la settimana richiede meno fatica. Salva ricette da qualsiasi fonte Salva ricette da siti web, TikTok, Instagram, YouTube, Pi…"
"1488585822","Brewfather","Italy","Southern Europe","17","44","4.86364","44","Strumento potente e facile da usare per le vostre esigenze di birrificazione. Crea e gestisci facilmente le tue ricette. Tieni traccia di tutti i dettagli nei tuoi batch e l'inventario degli ingredienti. Brewfather è fatto da zero per darvi il miglior strumento di progettazione ricette e birrificazi…"
"974683711","Recipe Keeper","Italy","Southern Europe","18","401","4.69825","401","Recipe Keeper è l'organizzatore di ricette all-in-one facile da usare, la lista della spesa e il pianificatore di pasti disponibile su tutti i tuoi dispositivi. AGGIUNGI LE RICETTE RAPIDAMENTE E FACILMENTE Inserisci le tue ricette con tutte le informazioni che desideri. Copia e incolla ricette dai t…"
"6584513153","Tipsy: Ricette per cocktail","Italy","Southern Europe","19","15","4.59999","15","Scopri cocktail da preparare a casa, segui ricette con dosi chiare e ritrova le tue bevande preferite in un unico posto. Con la ricerca per ingredienti di Tipsy+, scopri quali cocktail puoi preparare con quello che hai già. Puoi vedere anche le ricette per cui ti manca un solo ingrediente. RICETTE P…"
"6468674686","Guardian Feast: Daily Recipes","Italy","Southern Europe","20","50","4.68","50","With over 7,000 recipes to choose from, find unique flavours, explore different cuisines and expand your usual repertoire, with a 14-day free trial of the Feast app. Or if you are already a Guardian subscriber, sign in to see if Feast is included in your subscription. The Feast app is filled with da…"
"6741995783","Clove: importa e condividi","Italy","Southern Europe","21","161","4.85093","161","Clove è pensata per semplificare la cucina di casa di tutti i giorni. Scopri ricette ispiranti dei creator, salva ricette da ovunque, pianifica la settimana in cucina, semplifica la spesa e cucina con più sicurezza. Funzioni Lasciati ispirare - Raccolte curate con centinaia di ricette dei creator ve…"
"1619509620","Piano Alimentare e Lista Spesa","Italy","Southern Europe","22","389","4.51928","389","Piano Alimentare e Lista Spesa di Jojo Apps è un organizzatore di menu all-in-one, un generatore intelligente di pasti e un ricettario. Risparmia tempo, risparmia denaro e mangia in modo più sano grazie a piani alimentari personalizzati (diete, allergie) basati sugli ingredienti che hai già in casa.…"
"6744090840","CookGo: Salva le ricette","Italy","Southern Europe","23","741","4.78138","741","CookGo: Easy Recipe Import & Smart Management CookPal ora è CookGo — la tua app ricette tutto-in-uno ha un nuovo nome fresco e un nuovo look. CookGo rende semplice salvare, organizzare e cucinare ricette da qualsiasi fonte. Che si tratti di un piatto virale su Instagram, una ricetta da Facebook o un…"
"1249805978","MealPrepPro Planner & Recipes","Italy","Southern Europe","24","78","4.01281","78","Have your meals and groceries planned for you with MealPrepPro. MealPrepPro is a smart meal planner that adapts to your schedule, food preferences and goals. Reach your health goals No more counting calories. Meal plans are automatically adapted to your calorie and macro needs. #1 for Meal Prep Prep…"
"911422904","NYT Cooking: Quick Tasty Meals","Italy","Southern Europe","25","703","4.83499","703","New York Times Cooking has thousands of quick recipes you’ll love to make, from easy weeknight dinners to holiday showstoppers. Editor-curated collections make it easy to find the right recipe, and helpful videos make them fun and simple to cook. With our digital Recipe Box, you can easily save favo…"
"6758278666","Cestio: Menu Settimanale","Italy","Southern Europe","26","1","5","1","La tua settimana di pasti, risolta in pochi secondi. Cestio pianifica con l'IA tutte le tue colazioni, i pranzi e le cene della settimana, in base al tuo budget, alla tua dieta, alle tue allergie e ai supermercati dove fai davvero la spesa. E scrive la lista della spesa per te, organizzata per corsi…"
"6766911850","Dispensa Intelligente","Italy","Southern Europe","27","3","5","3","Quante volte hai trovato in frigo qualcosa già scaduto? E l'hai dovuto buttare via gettando letteralmente centinaia di euro? Con Dispensa Intelligente dici addio agli sprechi alimentari e risparmi ogni mese. L'app gestisce le scadenze degli alimenti in modo intelligente e ti avvisa con le notifiche …"
"6479693198","Eatr: IA piano pasti & dieta","Italy","Southern Europe","28","1595","4.28714","1595","Benvenuto su Eatr – il compagno ideale per tutti, dai principianti ai cuochi esperti. La nostra app è pensata per guidarti in un’avventura culinaria su misura per te. Che tu abbia poco tempo o voglia dedicarti con calma ai fornelli, Eatr è al tuo fianco. Gestione del tempo in cucina Scegli il tempo …"
"6779303849","Disha: Menu Settimanale IA","Italy","Southern Europe","29","9","3.11111","9","Disha pianifica tutta la tua settimana in base al tuo budget, al supermercato in cui fai la spesa e ai tuoi gusti. In pochi secondi. Niente stress, niente dubbi. Dicci qual è il tuo budget settimanale, dove fai la spesa e come ti piace mangiare: Disha crea immediatamente un piano pasti completo di 7…"
"561697760","Sale&Pepe","Italy","Southern Europe","30","755","4.5682","755","Sale&Pepe è il mensile di cucina, elegante e di immagine, che porta il piacere in tavola grazie alla presentazione di proposte gastronomiche esclusive e raffinate. Si caratterizza per la ricchezza dei contenuti e la modernità delle immagini, per la grande autorevolezza degli esperti, per l'attenzion…"
"1598056628","Friggitrice Ad Aria Ricette","Italy","Southern Europe","31","258","4.54263","258","Trasforma la tua cucina quotidiana con ricette semplici, sane e deliziose per friggitrice ad aria. Dimentica i sensi di colpa: prepara piatti croccanti fuori e morbidi dentro utilizzando fino all'80% di grassi in meno rispetto alla frittura tradizionale. COSA RENDE UNICA QUESTA APP Ricette per Tutti…"
"6748003406","Yoomla: Gestore di Ricette","Italy","Southern Europe","32","15","4.2","15","Yoomla – Il tuo gestore intelligente di ricette Scopri, salva e organizza tutte le tue ricette preferite in un unico posto. Che tu stia esplorando nuovi piatti o gestendo i tuoi pasti quotidiani, Yoomla ti aiuta a mantenere sempre a portata di mano la tua ispirazione culinaria. RICERCA RICETTE Filtr…"
"6780408224","Tomati: Ricettario Digitale","Italy","Southern Europe","33","8","4.625","8","Salva in pochi secondi le ricette da Instagram, TikTok, YouTube e altro ancora. Tomati trasforma ogni ricetta che trovi sui social in un ricettario ordinato, pianifica il tuo menu settimanale e crea automaticamente la lista della spesa. E quando ti chiedi ""Cosa cucino oggi?"", prepara una ricetta pen…"
"384387249","GialloZafferano: le Ricette","Italy","Southern Europe","34","18309","4.71113","18309","GialloZafferano, il primo sito italiano di cucina, con oltre 7000 ricette, videoricette e audioricette dal successo garantito. Ogni giorno la redazione di GialloZafferano seleziona e organizza le migliori ricette per aiutarti a scoprire, in qualsiasi momento della giornata, nuove idee per i tuoi pra…"
"6759987107","olly: Salva Ricette","Italy","Southern Europe","35","1","5","1","Salva qualsiasi ricetta. Da qualsiasi piattaforma. In qualsiasi lingua. olly è l'app di ricette e l'organizer n.1 per chi cucina davvero: il tuo ricettario intelligente, planner dei pasti e lista della spesa, tutto in un unico posto. Salva ricette da Instagram, TikTok, YouTube, Facebook, Pinterest e…"
"6482573732","BLW & svezzamento - YumYum","Italy","Southern Europe","36","0","0","0","YumYum – Tracker BLW, diario alimentare bimbo e guida ai primi cibi Inizia lo svezzamento o l'autosvezzamento con sicurezza. YumYum è un tracker di alimentazione per neonati, bebè e bambini, e un diario alimentare che aiuta i genitori a registrare i primi cibi solidi, seguire i progressi con baby-le…"
"6496861616","Plum Recipe Saver","Italy","Southern Europe","37","2","5","2","Turn recipes from Instagram, TikTok, YouTube, and blogs into step-by-step instructions. Cook without the screen turning off and automatic timers. Scan recipes from printed cookbooks. Plan meals with suggestions and create grocery lists with just a tap. FEATURES: - Import unlimited recipes from blogs…"
"401148186","Gambero Rosso+","Italy","Southern Europe","38","466","4.5236","466","Gambero Rosso mensile, la rivista per chi ama il cibo e il vino, il turismo e il tempo libero di qualità. Nato nel 1988 come il mensile dei consumatori curiosi e golosi racconta il gusto e gli stili di vita dei protagonisti del mondo del vino e del cibo: - i vini e i produttori nel mondo - le novità…"
"6783529437","PlanEat: Diario pasti e spesa","Italy","Southern Europe","39","6","5","6","PlanEat è il menu settimanale e il diario alimentare che rende finalmente utilizzabile la dieta del nutrizionista. Importi la tua dieta personalizzata da PDF o foto e la pianificazione dei pasti è pronta: pasti di oggi a colpo d'occhio, calorie e macro sotto controllo, lista della spesa automatica. …"
"585332633","Cookpad: Importa Cerca Cucina","Italy","Southern Europe","40","479","4.80375","479","Non sai cosa cucinare stasera? Cookpad ti consiglia: cerca per ingrediente o per piatto tra migliaia di ricette autentiche da tutto il mondo, tutte raccomandate e verificate da chi le ha già cucinate davvero. COSA CUCINO STASERA Dicci cosa hai in frigo e ti diciamo cosa farci. Zucchine, melanzane, u…"
"340368403","レシピはクックパッド -No1節約料理や献立の検索アプリ","Italy","Southern Europe","41","46","4.76087","46","◆クックパッドとは クックパッドは、利用者数 No.1のレシピサービス（iOSアプリ1日あたりのアクティブユーザー数 2024年7月〜9月 Data.ai より）です。料理中も見やすいレシピ、広告も一切なし、食材検索するだけで今日つくるものが決まります。またフォーマットに沿って材料や手順を入力するだけで、自分のレシピを簡単に書けます。 今日つくるものが決まる ・食材や料理名で検索するだけで、今日作りたいレシピが簡単に見つかる ・豊富なレシピ数で、定番からマンネリ解消レシピまで見ることができる 料理中も見やすいレシピ ・レシピにあるピンアイコンを押すと、今日つくりたいレシピをピン留めできる ・主…"
"6478546136","Flavorish | Save Any Recipe","Italy","Southern Europe","42","14","4.21429","14","Save recipes from Instagram, Facebook, TikTok, YouTube, websites, cookbooks, handwritten notes, and more, all in one app! Turn them into meal plans and grocery lists in seconds. With Flavorish, your go-to recipe app, organizing, saving, and cooking has never been easier. Save recipes from anywhere -…"
"486811622","Cocktail Flow","Italy","Southern Europe","43","2721","4.6685","2721","Cocktail Flow presenta ricette di cocktail ben presentate con guide passo passo ed è ricco di funzionalità che ti piaceranno sia che tu sia un barista alle prime armi o esperto. IL TUO BAR, IL TUO ARMADIO Contrassegna gli ingredienti da cocktail che hai a casa nella pagina dell'armadio e vedi quali …"
"6476892914","Gelato Maestro Pro: Ricetta","Italy","Southern Europe","44","4","1.75","4","Gelato Maestro — L'app di bilanciamento delle ricette per professionisti e appassionati di gelato Dalla prima idea fino all'etichetta finale, Gelato Maestro ti accompagna in ogni fase della tua produzione di gelato. Progettare, bilanciare, calcolare i costi, scalare, congelare, produrre e stampare: …"
"959638683","Anova Culinary","Italy","Southern Europe","45","555","4.23963","555","The Anova family of precision cookers allows everyone to cook like a pro! Paired with the Anova Culinary app, now perfectly cooked restaurant quality meals are as easy as the touch of a button. Browse the largest collection of sous vide recipes by Michelin star chefs and home cooks just like you. Th…"
"6744972829","FridgeGuru: Instant Recipes","Italy","Southern Europe","46","4","4.5","4","Trasforma il tuo frigo in piatti gustosi — all’istante! Scopri Fridge Guru, il tuo nuovo compagno in cucina. Ti basta scattare una foto al frigo aperto e lasciare che l’AI intelligente rilevi subito gli ingredienti disponibili — niente digitazione, niente supposizioni! Fridge Guru trasforma ciò che …"
"6447921573","Alimentazione in gravidanza","Italy","Southern Europe","47","66","4.34848","66","Vi presentiamo Dieta in Gravidanza, l'app definitiva per le ricette, gli alimenti, gli ingredienti e i consigli per la gravidanza! È una futura mamma alla ricerca di idee per pasti deliziosi e salutari per sostenere il suo bambino in crescita? Non cerchi oltre la nostra applicazione, che è stata pro…"
"6755971582","Svezzamento – Cibi per Bebè+","Italy","Southern Europe","48","2","5","2","# Prime Pappe del Bambino: Primi Prodotti, Opzioni di Servizio Sicure e Pianificazione Pasti Conveniente L'inizio dello svezzamento è una fase importante nello sviluppo del bambino. Ogni genitore vuole introdurre nuovi alimenti con calma, sicurezza e con la fiducia che il cibo sia adatto al proprio …"
"6766358272","RecipeLab - Healthy Recipes","Italy","Southern Europe","49","0","0","0","RecipeLab is the recipe app for people who want to eat healthier without making it complicated. RecipeLab is built around the idea that eating for your goals should feel good, taste great, and actually fit your life. Tell us a little about yourself and we'll match you with delicious recipes that cru…"
"6761143218","Tofu - Vegan Recipes","Italy","Southern Europe","50","0","0","0","Hundreds of fine-tuned vegan recipes, and your whole plant-based day in one app. Tofu is the app you'll reach for every day. Every recipe was cooked and tested in a real kitchen so it works in yours. No random recipes off the internet, just food you can trust. WHAT'S INSIDE → 300+ plant-based recipe…"
"6778760884","Potto - meal planner","Italy","Southern Europe","51","1","5","1","Potto turns a few simple choices into a full week of meals — built around your supermarket, your budget, and the way you like to eat. No account, no fuss. Tell Potto your store, your weekly budget, your dietary needs and the gadgets in your kitchen, and it instantly creates a meal plan with recipes,…"
"1568122827","The Doctor’s Kitchen","Italy","Southern Europe","52","1","5","1","Take the hassle out of cooking healthy, balanced meals and discover 1000s of doctor-approved, simple delicious, recipes to cook at home. Plan meals with tailored recipe recommendations, personalised to your dietary and health needs. Search high protein meals, freezable recipes and many more categori…"
"6460821436","Menu Settimanale Pianificatore","Italy","Southern Europe","53","552","4.65036","552","Sapevi che pianificare i pasti migliora la salute e l'umore? YouMealPlan è il pianificatore pasti più bello - tutto-in-uno, semplice e divertente. ORGANIZZA I TUOI PASTI CON UN BEL DESIGN Crea menu settimanali, gestisci ricette e genera liste della spesa automatiche. Il tuo pianificatore alimentare,…"
"1589271345","Il Club delle Ricette","Italy","Southern Europe","54","1364","4.74559","1364","Un Club unico ed esclusivo dedicato a tutti gli amanti della cucina: ogni giorno troverai nuove ricette, idee e suggestioni per i tuoi pranzi e le tue cene. In qualsiasi momento troverai tanti suggerimenti selezionati a mano per te dalla nostra redazione, con ricette da preparare per un occasione sp…"
"6745095790","recaipy - store your recipes","Italy","Southern Europe","55","3","5","3","Turn Any Link into a Recipe – Instantly Paste a video or blog link and get a step-by-step recipe with ingredients and cooking times. Recaipy makes it easy to save recipes from anywhere – TikTok, Instagram, YouTube, Facebook, or food blogs. Our smart AI understands cooking content and turns it into c…"
"6739666492","Senza Istamina","Italy","Southern Europe","56","3","2.66667","3","Trasforma la tua vita con Senza Istamina, l'app che ti accompagna nel percorso verso il benessere. Che tu abbia intolleranza all'istamina o voglia semplicemente ridurne il consumo, questa app è la soluzione che stavi cercando. Caratteristiche Principali - Database Completo: Accedi a un vasto catalog…"
"6450664772","Scoolinary: Learn & Cook","Italy","Southern Europe","57","5","5","5","Scoolinary is the culinary learning app for chefs, entrepreneurs, students, and passionate home cooks. Learn from the world’s best chefs, with 50+ Michelin stars, and access 400+ courses and 3,000 step-by-step video recipes. What you’ll learn •Professional cooking techniques applicable to any dish. …"
"6738133941","Whisk: Recipe Keeper & Planner","Italy","Southern Europe","58","20","4.55","20","The best app to save recipes from Instagram, TikTok, Facebook, YouTube, blogs & more! Whisk is your all-in-one recipe manager that makes cooking easier, faster, and more fun. Save recipes from social media, websites, or your own photos, and turn them into clear, step-by-step cooking instructions. In…"
"1481818660","CibouScan - Cibo e bellezza","Italy","Southern Europe","59","438","4.60959","438","CIBOUSCAN: Scansiona i tuoi prodotti di BELLEZZA e ALIMENTARI Punteggio Salute, Nutri-Score, NOVA, Calorie e Ricette CIBOUSCAN è l'app all-in-one per prenderti cura della tua salute, pelle, nutrizione e del pianeta. Scansiona prodotti di bellezza e alimenti in pochi secondi per capire cosa usi e man…"
"1482204597","Anova Oven","Italy","Southern Europe","60","19","4.26316","19","The Anova Precision® Oven is the first combi oven with pro-level features designed specifically for the home cook. Paired with the Anova Oven app, you’ll enjoy a fully connected cooking experience and the most advanced features of the Oven. Break out of your everyday cooking routine with inspiration…"
"1073341917","CookBook: Gestore Ricette","Italy","Southern Europe","61","15","4.73332","15","Smetti di fare screenshot alle idee per cena. CookBook trasforma ricette da Instagram, TikTok, siti web e foto in pasti da pianificare, mettere in lista e cucinare. CookBook è un ricettario intelligente amato da migliaia di persone che cucinano a casa. Salva ricette da ovunque, organizzale in un ric…"
"6738006990","Recify - Ricette per la Cucina","Italy","Southern Europe","62","256","4.71094","256","Recipe Keeper & Saver – Recify: Il Tuo Organizzatore e Gestore di Ricettari Definitivo Trasforma la tua esperienza in cucina con Recify, l'app più intelligente per conservare le ricette e pianificare i pasti! Salva e organizza tutte le tue ricette preferite in un elegante ricettario digitale. Non pe…"
"1618589011","Pick Up Limes","Italy","Southern Europe","63","34","5","34","Plan your meals, feel nourished, and eat delicious plant-based food. The Pick Up Limes App brings together nourishing vegan recipes, personalized meal plans, grocery tools, nutrition support, and all your favourite online recipes in one place. Top features • 1800+ plant-based recipes, with new ones …"
"6742467242","Paprika AI: Recipe Manager","Italy","Southern Europe","64","8","3","8","The Recipe Keeper is your Personal Recipe Collection, All in One Place Easily save, organize, and access your favorite recipes anytime, anywhere. From family classics to new discoveries, keep everything neatly stored with photos, tags, and notes — so your perfect meal is always at your fingertips. T…"
"6753148494","Youmeal: Ricettario","Italy","Southern Europe","65","807","4.57125","807","Tutte le tue ricette preferite, in un’unica app semplice Youmeal ti aiuta a salvare e organizzare tutte le ricette che ami — da Instagram, TikTok, Facebook e molto altro. Crea liste della spesa, pianifica i pasti della settimana e ottieni subito i valori nutrizionali di ogni ricetta. FUNZIONALITÀ PR…"
"6758959102","Dlishe: Ricette Bimby","Italy","Southern Europe","66","37","4.91892","37","Le tue ricette salvate dai social… inutilizzabili quando cucini? Dlishe le trasforma in ricette vere e strutturate — e le converte per il tuo Bimby (Thermomix). INCOLLA UN LINK, CUCINA IN POCHI SECONDI Importa qualsiasi ricetta da un video TikTok, un Reel di Instagram, YouTube, Pinterest, una pagina…"
"6446506660","InTolerApp - Istamina e Co.","Italy","Southern Europe","67","45","4.53333","45","Non preoccupatevi più di intolleranze, allergie o altre restrizioni dietetiche. Ora sapete in pochi secondi se potete tollerare o meno un prodotto in qualsiasi situazione! Non importa se si tratta di un prodotto, di una ricetta o di qualsiasi altra cosa. ""Un'applicazione perfetta e unica, senza inut…"
"1487419067","Ricette per Cocktail App","Italy","Southern Europe","68","2","3","2","Trasforma la tua casa nel bar perfetto con Cocktail Recipes - Mixer, l'app completa per preparare drink professionali come un vero bartender. Che tu stia organizzando una festa estiva, un aperitivo con gli amici o semplicemente voglia imparare l'arte della mixology, troverai migliaia di ricette dett…"
"1563767649","RecipeChef: Recipe Manager","Italy","Southern Europe","69","40","4.875","40","Store all your favorite recipes in one place! Add your own recipes and photos, find the perfect recipe, add ingredients to your shopping list, plan your meals for the week, and a lot more! ADD YOUR FAVORITE RECIPES RecipeChef is a recipe manager. It's a great way to organize your recipes. • Add your…"
"714004506","Thermomix® Cookidoo®","Spain","Southern Europe","1","187299","4.77955","187299","La aplicación oficial Thermomix® Cookidoo® te da acceso a un universo en constante expansión de deliciosas recetas en Cocina Guiada de Thermomix®. Tú decides qué recetas quieres llevar contigo allá donde estés. ¡Crea una cuenta y ponte manos a la obra! INTELIGENTE POR NATURALEZA Conecta con Cookidoo…"
"1497047085","BLW Ideas - Recetas para bebé","Spain","Southern Europe","2","929","4.66416","929","Opiniones sobre la app: Elizabethminch Una muy buena inversión. Te salva la vida cuando empiezas con la alimentación complementaria desde qué necesitas y consejos para el inicio, ingredientes, edad, recetas, menús, cómo ofrecer, etc. Me la habían recomendado otras mamis y yo la recomiendo mil veces,…"
"1164423781","Gronda: Recetas para Chefs","Spain","Southern Europe","3","1478","4.72936","1478","** App del Día de Apple en más de 120 países ** ** Usada por más de 2 millones de chefs en todo el mundo ** ""Inspiración sin límites"" — Ana Roš, estrella de Netflix Gronda es la app número 1 para chefs profesionales y aficionados a la cocina. Aprende de los mejores, encuentra recetas de alta cocina …"
"1583957001","Biotiful App: tu cocina fácil","Spain","Southern Europe","4","134","4.52985","134","Biotiful App es la cocina que se adapta a ti. No es solo recetas: es alivio mental y acompañamiento en la cocina. Recetas fáciles, menús flexibles y herramientas que hacen que cocinar no se sienta como una tarea más. Ideas cuando te faltan, estructura cuando la necesitas y flexibilidad siempre. Pens…"
"1593779280","ReciMe: Recetas y Planificador","Spain","Southern Europe","5","728","4.67995","728","El organizador de recetas número 1. ReciMe guarda todas tus recetas favoritas en un solo lugar, incluidas las de Instagram, Facebook, TikTok, YouTube y Pinterest. Crea listas de compras y planes de comidas. Calcula las calorías de cada receta. Cocines como cocines, ReciMe te ayuda a hacerlo mejor. F…"
"6450664772","Scoolinary: Aprende & Cocina","Spain","Southern Europe","6","179","4.81564","179","Scoolinary es la app de aprendizaje gastronómico para chefs, emprendedores, estudiantes y apasionados de la cocina. Aprende con los mejores chefs del mundo, con 50+ estrellas Michelin, y accede a 400+ cursos y 3.000 recetas en video paso a paso. Lo que aprenderás: • Técnicas de cocina profesional ap…"
"6777471316","mise - meal planner","Spain","Southern Europe","7","86","4.12791","86","mise – meal planner Take the stress out of deciding what to eat. mise helps you generate personalised meal plans in seconds based on your dietary preferences, calorie goals, favourite UK supermarkets, budget, and the ingredients you already have at home. Whether you're meal prepping for the week, tr…"
"6779308914","Menú y Lista Compra - Super","Spain","Southern Europe","8","149","4.20805","149","Todas las funcionalidades requieren suscripción. 7 días de prueba gratuita, después 44,99€/año. Deja de improvisar en el supermercado y de llegar a casa sin saber qué cocinar. Super genera tu menú semanal personalizado en segundos y te da la lista de la compra lista para usar. ASÍ FUNCIONA Completas…"
"6444451468","Peque Ideas nutrición infantil","Spain","Southern Europe","9","58","4.75861","58","Lo que la gente dice sobre la app: Vanepruiz Es súper completa y muy concisa “Está muy bien enfocada, las cosas están explicadas con mucha claridad y un buen enfoque, y hay muchas recetas muy prácticas. Estoy muy contenta, tengo una hija con selectividad alimentaria y necesito ideas.” Audrey_LaFleur…"
"6811329112","Yuma: Menú semanal y compra","Spain","Southern Europe","10","2","4.5","2","¿Qué cenamos esta semana? Yuma lo planifica por ti. Cuéntale a Yuma para quién cocinas, dónde haces la compra, qué te encanta, qué evitas y cuánto quieres gastar. Unos minutos después, tus cenas de la semana están planificadas y tu lista de la compra te espera, ya con precios. UNA SEMANA DE CENAS A …"
"6741486886","CookNest・Guarda tus recetas","Spain","Southern Europe","11","2510","4.76813","2510","Bienvenido a CookNest, la app para guardar recetas desde cualquier lugar, planificar comidas y crear listas de la compra de forma fácil. Importa recetas desde Instagram, TikTok, Facebook, YouTube o cualquier web y deja que la app extraiga automáticamente ingredientes, pasos, calorías y macronutrient…"
"6670216494","Mob: Meal Planner and Recipes","Spain","Southern Europe","12","42","4.11904","42","Join 4 million+ home cooks who've made weeknight cooking easy. Plan your week, build your shopping list in a tap, and never cook the same thing twice. Apple App of the Day and featured by Apple. Rated 4.5 stars by our community and loved in the press. Mob turns cooking from a daily scramble into the…"
"6479693198","Eatr: Plan de comidas & dieta","Spain","Southern Europe","13","1816","4.28029","1816","Bienvenido a Eatr: el compañero perfecto para todos, desde principiantes en la cocina hasta chefs expertos. Nuestra aplicación está diseñada para guiarte en una aventura culinaria personalizada. Ya sea que tengas poco tiempo o quieras disfrutar de largas sesiones de cocina, Eatr está a tu lado. Gest…"
"1249805978","MealPrepPro Planner & Recipes","Spain","Southern Europe","14","79","4.46835","79","Have your meals and groceries planned for you with MealPrepPro. MealPrepPro is a smart meal planner that adapts to your schedule, food preferences and goals. Reach your health goals No more counting calories. Meal plans are automatically adapted to your calorie and macro needs. #1 for Meal Prep Prep…"
"1547585029","AMC Cook & Go","Spain","Southern Europe","15","67","4.44776","67","Cocina de manera más inteligente, saludable y rápida con AMC Cook & Go, la app que acompaña tu sistema de cocina inteligente AMC. Disfruta de cocina guiada con instrucciones paso a paso, actualizaciones en tiempo real y resultados perfectos en cada plato. Cómo funciona Conecta Cook & Go con tu AMC A…"
"1618589011","Pick Up Limes","Spain","Southern Europe","16","49","4.89796","49","Plan your meals, feel nourished, and eat delicious plant-based food. The Pick Up Limes App brings together nourishing vegan recipes, personalized meal plans, grocery tools, nutrition support, and all your favourite online recipes in one place. Top features • 1800+ plant-based recipes, with new ones …"
"911422904","NYT Cooking: Recipes & Tips","Spain","Southern Europe","17","819","4.84005","819","Haz que tu tiempo en la cocina sea más fácil con la aplicación NYT Cooking. Busca entre miles de recetas del New York Times y organiza tus favoritas para que puedas cocinar para cualquier persona, en cualquier momento. Suscríbete en la aplicación o, si ya eres suscriptor de NYT Cooking, inicia sesió…"
"585332633","Cookpad recetas, cocina casera","Spain","Southern Europe","18","6811","4.77595","6811","¿No sabes qué cocinar hoy? Cookpad te recomienda: busca por ingrediente o por plato entre miles de recetas auténticas de todo el mundo, todas verificadas por quienes ya las han cocinado de verdad. QUÉ CENO HOY Dinos qué tienes en la nevera y te decimos qué hacer con ello. Berenjenas, un solomillo de…"
"6794866173","Rice: Dinner Planner","Spain","Southern Europe","19","0","0","0","Dinner comes around every day. Rice makes deciding what to eat a much smaller problem. Use ""Cook Now"" when you want to make something from what you already have. Take a photo of your fridge, pantry or ingredients, or add them manually. Rice finds what’s there, lets you confirm it, then gives you thr…"
"6788487912","Munchio - Menu de la semana","Spain","Southern Europe","20","25","1.88","25","¿Otra vez sin saber qué cenar? Munchio lo decide por ti. Responde un cuestionario de un minuto (cuántos sois, qué dieta sigues, qué alergias tenéis, qué electrodomésticos usas y cuánto quieres gastar) y Munchio te monta el plan de cenas de lunes a viernes: recetas fáciles, con sus pasos, su informac…"
"1461650987","Crouton: Recipe Manager","Spain","Southern Europe","21","81","4.66667","81","Crouton is simple feature packed recipe organizer & meal planner. The best place to store your favorite recipes from where ever you find them, websites, cookbooks or a handwritten note from your Grandma. IMPORT ANYWHERE Crouton supports importing recipes from almost everywhere! Pull recipes automati…"
"6757186911","Recetas Airfryer en Español","Spain","Southern Europe","22","41","4.5122","41","¡Te damos la bienvenida a Recetas Airfryer en Español, tu aliado imprescindible para cocinar platos deliciosos y saludables con tu freidora de aire! Tanto si acabas de empezar como si ya eres un experto en la cocina, Recetas Airfryer en Español te ayuda a descubrir recetas sabrosas, seguir instrucci…"
"6777230233","Herbi: Meal Planner + Recipes","Spain","Southern Europe","23","11","2.09091","11","Tired of deciding what to cook every night? Herbi makes weekly meal planning simple. Discover delicious recipes, save the ones you spot on TikTok and Instagram, build a personalised meal plan in minutes, and get a supermarket shopping list that's ready to go. Whether you're cooking for yourself, you…"
"1540604002","Pam Fitness & Food","Spain","Southern Europe","24","195","4.74359","195","THE BASICS: 1.⁠ ⁠Yummy and healthy recipes, using natural ingredients. No artificial sweeteners, etc. 2.⁠ ⁠I love to replace „bad“ ingredients of classic recipes - for example cane sugar or white flour - with more healthy alternatives. Therefore we can still eat dessert. But we get important nutrien…"
"6460821436","Planificador Menú Semanal","Spain","Southern Europe","25","670","4.64328","670","¿Sabías que organizar tus comidas mejora tu salud y estado de ánimo? YouMealPlan es un bonito planificador de menús semanales, todo en uno. Te ayudará a planificar y preparar comidas de forma sencilla y divertida. PLANIFICA TU COMIDA CON UN BONITO DISEÑO Crea tu menú semanal, organiza tus recetas y …"
"1619509620","Menú Semanal Planificador","Spain","Southern Europe","26","616","4.67532","616","Menú Semanal Planificador de Jojo Apps es un organizador de menús todo en uno, un generador inteligente de comidas y un recetario. Ahorra tiempo, ahorra dinero y come más sano creando planes de comidas personalizados (dietas, alergias) basados en los ingredientes que ya tienes en casa. QUÉ HACE Y PA…"
"1548466041","Mela - Recipe Manager","Spain","Southern Europe","27","33","4.75758","33","Mela is a simple, elegant and modern recipe manager that syncs with iCloud. SYNC Sync your recipes with iCloud, either privately (default) or by sharing a recipe library with other iCloud users. IN-APP BROWSER WITH LIVE PREVIEW Quickly save a recipe while browsing: If Mela detects a recipe on the cu…"
"1553672973","Fork Ranger - sustainable food","Spain","Southern Europe","28","37","4.97297","37","Fork Ranger helps you answer two tricky questions: ‘What can I do about climate change?’ & ‘What’s for dinner?’ WHAT YOU GET: - A new story every day about sustainable food, with a short climate quiz - Infographics about the food system that you unlock as you go - Easy, vegetarian recipes with adjus…"
"1073341917","CookBook - Gestor de Recetas","Spain","Southern Europe","29","19","5","19","Deja de guardar capturas de ideas para cenar. CookBook convierte recetas de Instagram, TikTok, webs y fotos en comidas que puedes planificar, comprar y cocinar. CookBook es un gestor de recetas inteligente que encanta a miles de personas que cocinan en casa. Guarda recetas de cualquier lugar, organí…"
"1525239805","Gluten Morgen","Spain","Southern Europe","30","359","4.39832","359","Gluten Morgen es la app definitiva para panaderos caseros y profesionales. Calcula porcentajes de panadero, organiza tus recetas y aprende con la comunidad de masa madre más grande en español. Creada por Ramón Garriga (Gluten Morgen), referente mundial de la panadería artesanal y coautor del libro M…"
"6741437202","Recetas de cocina: HolyCook","Spain","Southern Europe","31","28","4.78571","28","HolyCook es una app de recetas de cocina que ayuda a quien cocina en casa a guardar y cocinar recetas de Instagram, TikTok, YouTube, blogs y webs en su propio cook book, con ingredientes, pasos, menú semanal y lista de la compra. Guarda tu próxima receta y empieza a cocinar con todo a mano. ¿Guardas…"
"1488585822","Brewfather","Spain","Southern Europe","32","17","4.94118","17","Powerful and easy to use tool for your brewing needs. Easily create and manage your recipes. Keep track of all the details in your batches and your ingredients inventory. Brewfather is made from the ground up to give you the best recipe design and brewing experience on both desktop and mobile device…"
"1088859983","Fivesec Health by Alexandra","Spain","Southern Europe","33","19","5","19","Cook Delicious Plant-Based Meals with Ease! Discover 700+ easy, healthy, and delicious plant-based recipes with the Fivesec Health App — your go-to companion for everyday vegan cooking! Whether you’re fully plant-based or just looking to add more nutritious meals to your routine, this app makes heal…"
"6755197499","GF Gluten Scanner Restaurantes","Spain","Southern Europe","34","69","4.08696","69","Ser celíaco no debería significar dejar de disfrutar de la comida. Bienvenido a Gluten Free , la aplicación ""Todo en Uno"" diseñada para devolverte la tranquilidad al comer. Tanto si eres celíaco, tienes alergia al trigo o sensibilidad al gluten, estamos aquí para ayudarte a navegar por supermercados…"
"6741995783","Clove: Importa y comparte","Spain","Southern Europe","35","77","4.89609","77","Clove está diseñada para simplificar la cocina casera del día a día. Descubre recetas inspiradoras de creadores, guarda recetas desde cualquier sitio, planifica tu semana de cocina, simplifica la compra y cocina con más confianza. Funciones Inspírate - Colecciones cuidadas con cientos de recetas de …"
"6779303849","Disha: Menú Semanal y Recetas","Spain","Southern Europe","36","9","2.33333","9","Disha planifica toda tu semana según tu presupuesto, tu supermercado y tus gustos. En segundos, sin estrés y sin complicaciones. Cuéntanos cuál es tu presupuesto semanal, dónde compras y cómo te gusta comer, y Disha creará al instante un plan completo para 7 días. Además, recibirás una lista de la c…"
"6446506660","FODMAP y Histamina: InTolerApp","Spain","Southern Europe","37","84","4.70238","84","No vuelva a preocuparse por intolerancias, alergias u otras restricciones dietéticas. Ahora sabrá en segundos si tolera o no un producto en cualquier situación. No importa si es un producto, una receta o lo que sea. ""Aplicación perfecta y única sin campanas y silbatos innecesarios para personas con …"
"1514053992","Alimentación para embarazadas","Spain","Southern Europe","38","118","4.05931","118","¿Qué debes comer en el embarazo? ¿Cuáles son las mejores recetas? ¿Hay algún tentempié en particular para los mareos por la mañana? Encuentra respuestas sobre la dieta durante el embarazo con esta completa app. Nutricionistas certificados han escrito todo el contenido. Vigila tu dieta y encuentra al…"
"1531641801","Look & Cook: здоровые рецепты","Spain","Southern Europe","39","9","4.88889","9","Look & Cook поможет разнообразить ваш рацион сбалансированными и здоровыми блюдами и сохранит ваше время. Планируйте неделю и не тратьте часы на кухне. Look & Cook больше, чем сборник авторских рецептов от фудблогера @look_whaticook. Это ваш помощник в планировании ежедневного питания с пошаговым пр…"
"974683711","Recipe Keeper","Spain","Southern Europe","40","414","4.68116","414","Recipe Keeper es el organizador de recetas, lista de compras y planificador de comidas todo en uno y fácil de usar disponible en todos sus dispositivos. AÑADIR RECETAS RÁPIDA Y FÁCIL Ingrese sus recetas con tanta o poca información como desee. Copie y pegue recetas de sus documentos o aplicaciones e…"
"6794273453","Pick - Menú Semanal y Compra","Spain","Southern Europe","41","3","2.66667","3","Pick organiza tus cenas de la semana según tu presupuesto, lo que te apetece y lo que ya tienes en la cocina, y después te monta la lista de la compra. Se acabó mirar la nevera a las ocho de la tarde sin saber qué hacer. Responde a unas preguntas rápidas y Pick te da una semana entera de cenas que d…"
"1619603823","Recetas Airfryer: Chef IA","Spain","Southern Europe","42","1428","4.65896","1428","Descubre cientos de recetas saludables y crujientes para freidora de aire — todo sin aceite. Ya busques una cena rápida entre semana o un plato especial para el fin de semana, AirFryer Recetas te lo pone fácil. +1000 RECETAS PASO A PASO Explora nuestra colección de recetas con instrucciones detallad…"
"6754413004","TGB: Meal Planner & Recipes","Spain","Southern Europe","43","1","5","1","Do you buy groceries with a plan, then still feel stuck at dinner time? TGB helps you map out the week first, then builds a grocery list from your plan. Your shopping matches your week menu, so you use what you buy. Save what works and move things around when plans change. Keep recipe ideas in one p…"
"6767801514","Mynu","Spain","Southern Europe","44","0","0","0","Mynu turns the meals you cook and eat into a personal recipes organizer. Save dishes with photos, organize them into a gallery, plan upcoming meals, and remember what you’ve eaten over time. Whether you cook for yourself, your partner, or your family, Mynu makes it easier to remember favorite meals …"
"6448680829","FODMAP Coach - Diet Foods","Spain","Southern Europe","45","2","1","2","Introducing FODMAP Coach - Diet Foods, your ultimate guide to managing IBS and other digestive disorders with ease. The FODMAP diet is an eating plan designed to help manage digestive symptoms, particularly in people with irritable bowel syndrome (IBS). Unlock the power of over 400+ low FODMAP food …"
"1143941420","GuildSomm","Spain","Southern Europe","46","0","0","0","The GuildSomm Compendium at your fingertips, whenever you need it! The GuildSomm App provides offline access to the full resources of the GuildSomm Compendium. Perfect for studying during your commute or quickly looking up a fact during service. The database includes regional wine and appellation la…"
"1303222868","Gestor de recetas Paprika 3","Spain","Southern Europe","47","153","4.75817","153","Organiza tus recetas. Crea listas de la compra. Planifica tus comidas. Descárgate recetas de tus sitios web favoritos. Sincronización perfecta con todos tus dispositivos. Funciones • Recetas: descárgate recetas de tus sitios web favoritos o añade las tuyas propias. • Listas de la compra: crea listas…"
"6739286231","Osta: Guardar recetas","Spain","Southern Europe","48","239","4.62343","239","Con Osta puedes guardar e importar recetas de Instagram, sitios web y TikTok. Organiza y cocina tus recetas favoritas en tu propia caja de recetas personalizada. Todas tus recetas en un solo lugar. • Importa recetas al instante desde Instagram, TikTok o una web. • Cocina con una vista de receta simp…"
"6761261971","RecipeCost: Coste de recetas","Spain","Southern Europe","49","0","0","0","Convierte una receta escrita, ingredientes introducidos a mano o la foto de un plato en una estimación de costes asistida por IA. RecipeCost ayuda a cocineros y pequeños negocios de comida a conocer el coste por ración antes de fijar el precio del menú. • Consulta ingredientes, coste total, coste po…"
"1587685734","Cookmate - My Recipe Organizer","Spain","Southern Europe","50","26","4.46154","26","Cookmate lets you create your own digital cookbook. Build your own recipe database by gathering recipes on the web and using the import features. It is you and your own cookery! You are looking for a new recipe ? Use our searching engine to find a new recipe on the web. When you have found one you l…"
"6742485790","All My Meals - Guardar recetas","Spain","Southern Europe","51","204","4.59314","204","¡Tu recetario para guardar recetas de las redes sociales! Bienvenido a All My Meals, tu aplicación de recetas inteligente que te permite guardar las recetas virales de tus redes sociales y organizar tu cocina en un solo lugar. Despídete del eterno dilema diario: ""¿Qué comemos hoy?"". - 4,7 estrellas …"
"312101965","Epicurious","Spain","Southern Europe","52","212","4.75472","212","Cook smarter with 50,000+ tested recipes from Epicurious, Bon Appétit, and more. Find easy dinners, healthy meals, and expert cooking guidance - all in one app. Subscribe to the Epicurious in the app, or if you’re already a subscriber, log in for unlimited access to recipes and so much more. THE EPI…"
"6449674962","MasterChef World","Spain","Southern Europe","53","1323","4.59259","1323","Adéntrate en MasterChef World: descubre nuevas recetas, técnicas de cocinado y todo lo relacionado con la alimentación para todos los públicos. Ya seas un amante del programa de televisión, un chef aficionado o profesional, esta es la herramienta definitiva para vivir la experiencia de la cocina, de…"
"1195541934","My Recipe Box: Recetas & Menús","Spain","Southern Europe","54","941","4.75239","941","● Únete a millones de amantes de la cocina que utilizan nuestro guardador de recetas para guardar y utilizar sus recetas favoritas. Guardar, organizar y encontrar recetas nunca ha sido tan fácil. My Recipe Box es tu libro de cocina digital ordenado, sin desorden y intuitivo, que también incluye un c…"
"6449682321","COOK OBSESSION CALCULATOR","Spain","Southern Europe","55","8","4.875","8","COOK OBSESSION CALCULATOR es la herramienta de precisión para quienes quieren cocinar arroces secos controlando cada variable: desde la evaporación a los grados Brix. Desarrollada por Félix Vallugera —Premio Wikipaella a la Innovación 2022 y autor de ""Arroces de Precisión""—, la app simplifica los cá…"
"6468674686","Guardian Feast: Daily Recipes","Spain","Southern Europe","56","56","4.82143","56","With over 7,000 recipes to choose from, find unique flavours, explore different cuisines and expand your usual repertoire, with a 14-day free trial of the Feast app. Or if you are already a Guardian subscriber, sign in to see if Feast is included in your subscription. The Feast app is filled with da…"
"403188971","Pepperplate Cooking Planner","Spain","Southern Europe","57","0","0","0","Pepperplate is the only app for serious cooks. It has all the tools you need to cook weeknight dinners or host a dinner party for 12. Manage your recipes, create menus, shop with ease and cook like a pro on your iPad and iPhone. Features: * Pepperplate seamlessly manages recipes, menus and shopping …"
"1445614297","FODMAP - recetas de IA","Spain","Southern Europe","58","114","4.48245","114","¿Estás cansado de sufrir los síntomas del Síndrome del Intestino Irritable (IBS)? ¡La dieta FODMAP es un método probado para reducir o eliminar estos síntomas, y nuestra aplicación hace que sea fácil seguirlo! Desarrollada por investigadores australianos en 2005, la dieta FODMAP implica eliminar cie…"
"1563767649","RecipeChef - Mis Recetas","Spain","Southern Europe","59","43","4.5814","43","¡Guarda todas tus recetas favoritas en un solo lugar! ¡Agrega tus propias recetas y fotos, encuentre la receta perfecta, agrega ingredientes a tu lista de compras, planifique tus comidas para la semana y mucho más! AÑADE TUS RECETAS FAVORITAS RecipeChef es un gestor de recetas. Es una excelente mane…"
"6752348537","Grolly: Smart Grocery List","Spain","Southern Europe","60","2","5","2","Meet Grolly, your all-in-one AI-powered grocery list, meal planner, and shopping assistant. Whether you’re planning dinners, scanning your fridge, or chatting with an AI that understands food, Grolly helps you save time, reduce waste, and shop smarter. Scan Anything, Add Instantly Use your camera to…"
"6748003406","Yoomla・Recetas y Planificador","Spain","Southern Europe","61","23","4.26087","23","Yoomla – Tu Guardián Inteligente de Recetas Descubre, guarda y organiza todas tus recetas favoritas en un solo lugar. Ya sea que explores nuevos platos o administres tus comidas del día a día, Yoomla facilita mantener tu inspiración culinaria siempre a mano. BÚSQUEDA DE RECETAS Filtros Inteligentes …"
"1548276762","RecipeMind, Recipe & Meal plan","Spain","Southern Europe","62","0","0","0","Collect recipes from Instagram, TikTok, Facebook or any website – all in one place. RecipeMind automatically imports the image, ingredients, and instructions, so you can cook your favorite dishes anytime. You can also scan recipes from cookbooks, magazines, or screenshots and make them instantly sea…"
"1597523594","Umami - Gestor de recetas","Spain","Southern Europe","63","3","5","3","Umami es una aplicación bellamente diseñada para recopilar, organizar y compartir recetas desde cualquier dispositivo. Colaborar Crea un libro de recetas con tus recetas familiares favoritas e invita a tus familiares a trabajar en él contigo. O, comienza un libro de recetas con un amigo para que pue…"
"340368403","レシピはクックパッド -No1節約料理や献立の検索アプリ","Spain","Southern Europe","64","36","4.83333","36","◆クックパッドとは クックパッドは、利用者数 No.1のレシピサービス（iOSアプリ1日あたりのアクティブユーザー数 2024年7月〜9月 Data.ai より）です。料理中も見やすいレシピ、広告も一切なし、食材検索するだけで今日つくるものが決まります。またフォーマットに沿って材料や手順を入力するだけで、自分のレシピを簡単に書けます。 今日つくるものが決まる ・食材や料理名で検索するだけで、今日作りたいレシピが簡単に見つかる ・豊富なレシピ数で、定番からマンネリ解消レシピまで見ることができる 料理中も見やすいレシピ ・レシピにあるピンアイコンを押すと、今日つくりたいレシピをピン留めできる ・主…"
"6742467242","Paprika: Recipe Manager 3","Spain","Southern Europe","65","12","4","12","The Recipe Keeper is your Personal Recipe Collection, All in One Place Easily save, organize, and access your favorite recipes anytime, anywhere. From family classics to new discoveries, keep everything neatly stored with photos, tags, and notes — so your perfect meal is always at your fingertips. T…"
"6714449541","Honeydew: Recetas y Cocina","Spain","Southern Europe","66","18","4.16667","18","TRANSFORMA TU COCINA Y TU PLANIFICACIÓN DE COMIDAS CON HONEYDEW La app más inteligente de recetas, listas de la compra y planificación de comidas con IA. Importa cualquier receta con un toque desde redes sociales, vídeos de YouTube, Reels de Instagram y Facebook, capturas, notas y webs. Convierte la…"
"6449961549","ChefGPT: AI Calories Tracker","Spain","Southern Europe","67","141","4.73759","141","CÓMO USAR CHEFGPT: 1. Responde preguntas sobre tu estilo de vida para crear un plan personalizado 2. Crea recetas y planes de comida con los modelos avanzados de IA de ChefGPT: a. PantryChef – Abre PantryChef y selecciona los ingredientes que tienes – Toca “Generar” para ver recetas creadas con lo q…"
"6741995783","Clove: сохраняйте рецепты","Russia","Eastern Europe","1","249","4.96386","249","Clove создан, чтобы упростить повседневную домашнюю готовку. Открывайте вдохновляющие рецепты от авторов, сохраняйте рецепты откуда угодно, планируйте меню на неделю, упрощайте покупки и готовьте увереннее. Возможности Вдохновляйтесь - Подборки сотен проверенных рецептов от авторов, идеальных для по…"
"1164423781","Gronda: Recipes for Chefs","Russia","Eastern Europe","2","185","4.84324","185","** Apple’s App of the Day in 120+ Countries ** ** Used by 2M+ Chefs Worldwide ** ""Unlimited amount of inspiration"" — Netflix Superstar Ana Roš Gronda is the #1 app for professional and home chefs. Learn from the world’s best, fine dining recipes, and connect with a global community of culinary exper…"
"6755971582","Прикорм малыша Первые продукты","Russia","Eastern Europe","3","68","4.01471","68","# Прикорм малыша: первые продукты, безопасные варианты подачи и удобный план питания Начало прикорма — важный этап развития ребёнка. Каждому родителю хочется вводить новые продукты спокойно, безопасно и с уверенностью, что еда подходит именно вашему малышу. Наше приложение помогает сделать этот проц…"
"1434244144","Mary’s Recipes: Меню на неделю","Russia","Eastern Europe","4","1386","4.56277","1386","Более 1000 полезных рецептов для всей семьи, умный планировщик питания и ваш персональный ИИ-ассистент по питанию - всё в одном приложении! ПОЛЕЗНЫЕ БЛЮДА ДЛЯ ВСЕЙ СЕМЬИ - быстро, просто и на научной основе. Mary's Recipes помогает легко соблюдать сбалансированное питание каждый день. РАЗРАБОТАНО ЗА…"
"1659479216","AeroPress Timer & Recipes","Russia","Eastern Europe","5","5","5","5","Experience the ultimate AeroPress journey with the perfect companion, AeroPress Timer. Unleash the true potential of your AeroPress as it unveils a diverse collection of expertly crafted recipes. Step-by-step guidance ensures you craft the most exquisite cup of coffee every time. Waste no more time …"
"1540604002","Pam Fitness & Food","Russia","Eastern Europe","6","201","4.90547","201","THE BASICS: 1.⁠ ⁠Yummy and healthy recipes, using natural ingredients. No artificial sweeteners, etc. 2.⁠ ⁠I love to replace „bad“ ingredients of classic recipes - for example cane sugar or white flour - with more healthy alternatives. Therefore we can still eat dessert. But we get important nutrien…"
"6479693198","Eatr: Рецепты на каждый день","Russia","Eastern Europe","7","550","4.6109","550","Добро пожаловать в Eatr — идеальное приложение для всех: от новичков до опытных кулинаров! Откройте для себя мир персонализированных рецептов, подходящих под ваш режим и цели. Управляйте временем на кухне: Выберите, сколько у вас есть времени — от 15 минут до часа — и получайте рецепты, которые впиш…"
"6739583764","Baby Plates","Russia","Eastern Europe","8","472","4.42373","472","Мобильное приложение Baby Plates - ваш надёжный помощник в заботе о здоровом и правильном питании вашего малыша с самого начала прикорма! Мы создали это приложение, чтобы сделать процесс приготовления и планирования детских блюд лёгким и приятным. В приложении вы найдёте: Рецепты блюд У нас есть мно…"
"1242710083","Cooker: AI рецепты","Russia","Eastern Europe","9","950","4.67474","950","Cooker — AI-менеджер рецептов, который помогает сохранять, организовывать, готовить и делиться любимыми блюдами. Хватит терять рецепты в скриншотах, заметках, вкладках браузера и сохранениях в соцсетях. Скопируйте ссылку или текст из Instagram, TikTok, YouTube, сайта или чата, а Cooker поможет превр…"
"911422904","NYT Cooking: Quick Tasty Meals","Russia","Eastern Europe","10","106","4.86792","106","New York Times Cooking has thousands of quick recipes you’ll love to make, from easy weeknight dinners to holiday showstoppers. Editor-curated collections make it easy to find the right recipe, and helpful videos make them fun and simple to cook. With our digital Recipe Box, you can easily save favo…"
"1619509620","План Меню На Неделю Ужин Дома","Russia","Eastern Europe","11","567","4.84127","567","План Меню На Неделю Ужин Дома от Jojo Apps — это универсальный планировщик меню, умный генератор блюд и цифровая кулинарная книга. Экономьте время, деньги и питайтесь правильнее благодаря персонализированным планам питания (диеты, аллергии), основанным на продуктах, которые уже есть у вас дома. ЧТО …"
"6805066789","TasteKeep: Книга рецептов","Russia","Eastern Europe","12","0","0","0","TasteKeep — личная книга рецептов для iPhone и iPad. Соберите в ней рецепты, которые у вас уже есть, и составьте по ним меню на неделю. А за продуктами сходите один раз, со списком по отделам магазина. Без аккаунта и без подписки. РЕЦЕПТЫ ПОД РУКОЙ Бабушкина тетрадка, любимые блюда из кулинарных кни…"
"1481818660","CibouScan - Еда и красота","Russia","Eastern Europe","13","392","4.66837","392","CIBOUSCAN: Сканируй свои BEAUTY и ПРОДУКТЫ Оценка здоровья, Nutri-Score, NOVA, Калории и Рецепты CIBOUSCAN — это универсальное приложение для заботы о твоем здоровье, коже, питании и планете. Сканируй косметику и продукты за считанные секунды, чтобы понять, что ты используешь и ешь — ингредиенты, оц…"
"1444764810","Просрочка","Russia","Eastern Europe","14","2442","4.78214","2442","Вы когда-нибудь оказывались в неловкой ситуации в супермаркете, когда нужно было быстро посчитать срок годности, но в голове ничего не складывалось? Новое удобное приложение Просрочка поможет вам с этим раз и навсегда! Быстро посчитайте дату окончания срока годности указав день, месяц или год. Добав…"
"1570984210","Calculation of recipes","Russia","Eastern Europe","15","18","4.27778","18","О ПРИЛОЖЕНИИ Приложение Калькулятор рецептов - это умная записная книжка, куда Вы можете сохранять свои рецепты и при помощи множества режимов работать с ними. - 1 режим - У Вас есть рецепт, по которому нужно 500 мл молока, а у Вас только 300 мл. Запишите количество любого продукта, и приложение пер…"
"1031927331","Steak Timer Pro","Russia","Eastern Europe","16","0","0","0","Steak Timer is the essential app for steak lovers and steak novices alike. Get cooking tasty steaks without worrying about cooking times. At last, a beautiful iOS timer designed specifically for cooking steaks. Steak Timer does all the hard work, even if your guests want a mixture of rare, medium, w…"
"1673078434","AL DANTE: Recipes & Cooking","Russia","Eastern Europe","17","18","4.77778","18","Cook like a Chef together with AL DANTE - your perfect cooking app! Enjoy our collection of insanely delicious recipes, find new meal prep ideas, and transform everyday ingredients into exceptional dishes. Features: USE READY RECIPES: explore our step-by-step recipe text guides to discover the ingre…"
"1445614297","FODMAP Диета и дневник питания","Russia","Eastern Europe","18","188","4.57979","188","Проверено на себе! Я долгое время страдал от синдрома раздраженного кишечника. Мой диетолог, Сара Манн (https://www.dietaryspecialists.co.nz/about-us/sarah-munn-dietitian-christchurch/), порекомендовала мне придерживаться диеты с низким содержанием углеводов, относящихся к группе FODMAP в течение че…"
"1555770014","Рецепты правильного питания","Russia","Eastern Europe","19","0","0","0","Встречайте своего нового тренера по кулинарии! Попрощайтесь со стрессом на кухне с новым приложением для приготовления пищи, которое работает на всех устройствах iOS. Каждый раз готовьте вкусные блюда с пошаговыми уроками, эксклюзивными рецептами и ингредиентами. Вам больше никогда не придется прыга…"
"1618589011","Pick Up Limes","Russia","Eastern Europe","20","9","5","9","Plan your meals, feel nourished, and eat delicious plant-based food. The Pick Up Limes App brings together nourishing vegan recipes, personalized meal plans, grocery tools, nutrition support, and all your favourite online recipes in one place. Top features • 1800+ plant-based recipes, with new ones …"
"1531641801","Look & Cook: здоровые рецепты","Russia","Eastern Europe","21","63","3.74603","63","Look & Cook поможет разнообразить ваш рацион сбалансированными и здоровыми блюдами и сохранит ваше время. Планируйте неделю и не тратьте часы на кухне. Look & Cook больше, чем сборник авторских рецептов от фудблогера @look_whaticook. Это ваш помощник в планировании ежедневного питания с пошаговым пр…"
"1166155114","Диета EASY: правильное питание","Russia","Eastern Europe","22","844","4.49408","844","Наше приложение - это диеты на любой вкус! В нем вы найдете самые разнообразные диеты: - белковые и углеводные; - диеты по группе крови; - быстрые и модные диеты; - жесткие диеты и легкие; - монодиеты и диеты звезд; - низкокалорийные диеты; - диеты раздельного питания; - и многие, многие другие диет…"
"1308192277","Novikov School","Russia","Eastern Europe","23","180","3.63333","180","Шеф-повара лучших ресторанов и их фирменные блюда у вас в кармане. В приложении вы найдете более 100 пошаговых видео-рецептов ресторанных блюд с красивыми иллюстрациями и подробными инструкциями. Готовьте как в ресторане у себя дома, ищите новые идеи рецептов, узнавайте секреты профессиональных пова…"
"1195428600","Cocktail Art-Рецепты коктейлей","Russia","Eastern Europe","24","908","4.40749","908","Огромный выбор коктейлей, подборки коктейлей по любому поводу, описание всех ингредиентов и варианты их замен. Добавь свои напитки в бар и посмотри, что из них можно приготовить. Есть свой коктейль? Добавляй его в приложении. Ставь рейтинг коктейлям и создавай свои подборки лучших коктейлей. Если ты…"
"1171368248","Рецепты для детей: еда малышам","Russia","Eastern Europe","25","1201","4.79517","1201","«Рецепты для детей - еда малышам - Child Feed» - огромный, постоянно пополняющийся каталог лучших Бесплатных рецептов для Ваших детишек. Только самые полезные и нужные рецепты для детей, начиная с первого прикорма до 3 лет и старше! Сейчас в базе приложения уже 2000 рецептов! Мы добавляем новые реце…"
"1059211083","Recipe Scanner - OrganizEat","Russia","Eastern Europe","26","321","4.39252","321","Упростите процесс приготовления с OrganizEat Recipe Keeper. Наше универсальное приложение — это ваш идеальный органайзер рецептов, электронная кулинарная книга и коробка для хранения рецептов, наполненная функциями, которые делают кулинарное путешествие проще и приятнее. Ваш универсальный органайзер…"
"6460821436","Планировщик питания и меню","Russia","Eastern Europe","27","105","4.8","105","Знали ли вы, что планирование питания улучшает здоровье и настроение? YouMealPlan — самый красивый планировщик питания — всё в одном, простой и увлекательный. ПЛАНИРУЙТЕ ПИТАНИЕ С КРАСИВЫМ ДИЗАЙНОМ Создавайте меню на неделю, организуйте рецепты и автоматически генерируйте списки покупок. Всегда под …"
"1157455937","Keto Diet Meal Plan & Recipes","Russia","Eastern Europe","28","134","4.19402","134","Embark on a Transformative Keto Journey with Our App! *** Your Ultimate Keto Guide: Curious about the Keto Diet? Explore in-depth insights into Ketosis, different Keto approaches, benefits backed by science, overcoming Keto flu, and more! *** Comprehensive Food Lists: Discover vital lists for your K…"
"6771422409","Вяление Мяса: Расчёт Соли","Russia","Eastern Europe","29","0","0","0","Математика соли, отсчёт дней и целевая потеря воды для каждого созревающего куска мяса. Meat Curing & Brine Calculator — это приложение для отслеживания посолки в домашней шинкопроизводстве: калькулятор соли, автоматический отсчёт дней и уведомление о готовности мяса. Посолка часто срывается на двух…"
"6469321012","Прикорм: рецепты для малышей","Russia","Eastern Europe","30","86","4.45349","86","В нашем приложении 250+ вкусных и полезных рецептов, тщательно приготовленных для вашего ребенка, и неограниченное количество рецептов, которые вы можете создать с помощью искусственного интеллекта. Основные возможности приложения: * Рецепты: 250+ полезных и вкусных детских рецептов, тщательно подго…"
"987998708","Поваренок - рецепты c фото","Russia","Eastern Europe","31","41","1.26828","41","Приложение обеспечивает доступ к кулинарным рецептам сайта Поварёнок.ру, добавляемым на протяжении многих лет пользователями сайта. Вы видите объективные оценки, комментарии пользователей - и можете выбрать только проверенные рецепты. Одна из крупнейших баз рецептов - более 100 тысяч штук! Все рецеп…"
"1303222868","Paprika Recipe Manager 3","Russia","Eastern Europe","32","14","4.57143","14","Organize your recipes. Create grocery lists. Plan your meals. Download recipes from your favorite websites. Seamlessly sync to all your devices. Features • Recipes - Download recipes from your favorite websites, or add your own. • Grocery Lists - Create smart grocery lists that automatically combine…"
"1475409786","100 лучших рецептов Mom Story","Russia","Eastern Europe","33","68","4.39706","68","100+ лучших рецептов от MomStory с яркими пошаговыми фото и детальным описанием процесса теперь в удобном приложении. От простых салатов к сложным десертам, которые всегда получаются. Только проверенные рабочие рецепты, только выверенные пропорции и много любви к кулинарии."
"1097981304","Рецепты коктейлей - лучшие алкогольные коктейли и напитки + барная карта для любой вечеринки","Russia","Eastern Europe","34","211","3.97156","211","Рецепты лучших алкогольных коктейлей для всех и каждого. Быстрый поиск и сортировка по коктейлям позволит вам в считанные секунды подобрать напиток по вкусу. Емкое описание, подробный рецепт и увлекательная история к каждому коктейлю! - поиск по коктейлям и ингредиентам - описание, рецепт, история к…"
"1575544584","Incipe: рецепты и готовка","Russia","Eastern Europe","35","1069","4.84846","1069","Incipe — кулинарная книга для рецептов на каждый день Сохраняйте рецепты из интернета, добавляйте свои, редактируйте ингредиенты и шаги, прикрепляйте фотографии и держите идеи для готовки в одном удобном месте. Сохранение рецептов – Импортируйте рецепты по ссылке с кулинарных сайтов – Добавляйте рец…"
"908717824","Лупа + фонарик","Russia","Eastern Europe","36","11014","4.61422","11014","Простая, удобная лупа на App Store – фонарик (светодиод), цифровая лупа и средство для чтения меню в ресторане и этикеток на лекарствах – все в одном Вы попадали в неудобное положение, когда в ресторане не удается прочесть мелкий шрифт меню? Теперь различить мелкий шрифт вам поможет лучшая лупа с фо…"
"631894263","iГрибник: грибы и карта","Russia","Eastern Europe","37","115","4.26957","115","iГрибник — приложение для тихой охоты: каталог грибов, карта грибных мест, зоны находок, прогулки, маршруты, ачивки и рецепты в одном месте. Планируйте выезд, изучайте сезонные грибы, сохраняйте свои места, записывайте прогулки и возвращайтесь из леса с маршрутом, статистикой и историей находок. ВОЗ…"
"466252999","Green Kitchen","Russia","Eastern Europe","38","27","4.55556","27","Regardless if you just want to eat more greens or already are a full time vegetarian - Green Kitchen is the perfect companion in your kitchen or while planning from your sofa. Green Kitchen is filled with tasty and inspiring vegetarian food with ingredients straight from nature and a bare minimum of…"
"1488585822","Brewfather","Russia","Eastern Europe","39","10","4.8","10","Мощный и простой инструмент для пивоварения. Создавайте и с лёгкостью управляйте своими рецептами. Следите за варками и списком ингредиентов. Brewfather создан с нуля для того, чтобы вы могли пользоваться лучшим конструктором рецептов на ПК и мобильных устройствах. Приложение сочетает современный ди…"
"486811622","Cocktail Flow - Drink Recipes","Russia","Eastern Europe","40","368","4.60598","368","Cocktail Flow features beautifully presented cocktail recipes with step by step guides and is packed with features you’ll love whether you’re a novice bartender or a professional mixologist. YOUR BAR, YOUR CABINET Mark the cocktail ingredients you have at home in the cabinet page and see what drinks…"
"640670118","BeerSmith Mobile Home Brewing","Russia","Eastern Europe","41","1","1","1","Do you want to create great beer recipes on the go? BeerSmith 3, the world's top selling home brewing software, comes to iPhone/iPad. BeerSmith Mobile gives you all the tools to design, edit and brew your best beer from your phone or tablet. BeerSmith mobile is tightly integrated with our recipe clo…"
"1459100599","NutriAngel Food","Russia","Eastern Europe","42","31","4.4516","31","NutriAngel Food - ваш профессиональный проводник в Здоровое Полноценное питание и нутрициологию! Это приложение не только для нутрициологов и специалистов по здоровому образу жизни и немедикаментозному оздоровлению, а также для всех, кто хочет сделать свою жизнь более здоровой и активной с помощью п…"
"1249805978","MealPrepPro Planner & Recipes","Russia","Eastern Europe","43","45","4.66667","45","Have your meals and groceries planned for you with MealPrepPro. MealPrepPro is a smart meal planner that adapts to your schedule, food preferences and goals. Reach your health goals No more counting calories. Meal plans are automatically adapted to your calorie and macro needs. #1 for Meal Prep Prep…"
"813187935","Неделя меню - Планирование приготовлении пищи в вашей личной книгу рецептов - iPhone Edition","Russia","Eastern Europe","44","7","2.85714","7","планируйте меню с личной книгой рецептов ~ ~ ~ ~ Устали ломать голову, что приготовить на ужин? Меню на неделю поможет вам спланировать блюда заранее! Вы сможете просмотреть, что запланировано на неделю, с помощью удобной ленты с описанием ужинов на каждый день. Создайте свою личную кулинарную книгу…"
"965788476","Постные рецепты вкусных блюд!","Russia","Eastern Europe","45","13","3.30769","13","Действительно качественная подборка хороших рецептов постных блюд! Разнообразная и вкусная еда может быть даже при соблюдении поста. В нашем приложении более 1000 ПОШАГОВЫХ рецептов! Список ингредиентов, подробное описание процесса приготовления вместе с фото! - Большая база рецептов: супы, каши, вы…"
"843737549","Кулинарная викторина. Еда мира","Russia","Eastern Europe","46","611","4.8216","611","Наш рецепт прост: Популярная игровая механика ""Угадай слово!"" + тема ""Кулинария"" = уникальная викторина для истинных гурманов. *** Отгадав уровень, вы получаете своеобразную энциклопедию с фото и описанием каждого блюда! *** Не нужно покупать подсказки за реальные деньги! Смело их используйте, ведь …"
"771068291","Kitchen Stories Easy Recipes","Russia","Eastern Europe","47","8219","4.84755","8219","Kitchen Stories is your ultimate digital cookbook, recipe keeper, and meal planner for everyday cooking! Discover thousands of chef-tested recipes, get inspired by culinary creators, and learn new cooking techniques step-by-step. Whether you want a quick weekday meal, healthy dinner ideas, or baking…"
"980368562","FitMenCook - Healthy Recipes","Russia","Eastern Europe","48","27","4.62962","27","Struggle free, healthy recipes that are easy on the wallet. It’s as simple as that, and it’s a message that’s seen over 1 million people follow FitMenCook on social media. Be honest, have you ever heard these complaints about healthy eating? - “Eating healthy is too expensive!” - “It takes too long!…"
"1016450821","VST CoffeeTools PRO for iPhone","Russia","Eastern Europe","49","0","0","0","PROFESSIONAL COFFEE TOOLS DESIGN SOFTWARE for the BARISTA, SPECIALTY ROASTER, CAFÉ and RESTAURANT OPERATOR and COFFEE & ESPRESSO BEVERAGE EQUIPMENT DESIGNER Based on MoJoToGo – Best New Product SCAA EXPO 2010 VST's UNIVERSAL BREWING CONTROL CHART SOFTWARE For Coffee, Espresso, Cupping and Equipment …"
"1540196240","BLW Meals: Starting Solids","Russia","Eastern Europe","50","3","5","3","What parents are saying: Iluvpalmtrees Favorite BLW app ""So much free information and excellent examples of what you can feed your little one through all stages. Follow their IG as well for daily tips and videos."" MJ - first time mom Love this app! ""I absolutely love this app and the Instagram page.…"
"1495019016","Рецепты идеальной кухни","Russia","Eastern Europe","51","277","4.66065","277","Вкусные рецепты на каждый день! Поиск по ингредиентам, подробное описание блюд, улучшеная навигация в рецептах, удобный интерфейс, возможность собрать собственную коллекцию лучших рецептов выдающегося автора кулинарных бестселлеров, популярного кулинарного блогера Оксаны Путан. ""Вкусные рецепты на к…"
"938374587","Healthy Recipes - quick and easy meals for a well-balanced diet","Russia","Eastern Europe","52","8","1.5","8","Collection of healthy recipes that can help you keep your life healthier, gives you more energy and helps to loose weight."
"534220544","The Great Coffee App","Russia","Eastern Europe","53","105","4.66667","105","Популярные напитки на основе эспрессо и альтернативные способы приготовления от профессионального баристы с многолетним опытом. - “Лучшее в App Store 2013” в Китае; - Платное приложение #1 в категории ""Еда и Напитки"" в 30 странах; - Платное приложение #1 в 8 странах; - ""Выбор редакции"" в Южной Корее…"
"1509830269","Cake Wizard","Russia","Eastern Europe","54","17","3.88235","17","Cake wizard - калькулятор кондитера поможет вам быстро и удобно сделать пересчет количества ингредиентов для торта. Вы легко можете изменить существующий рецепт под ваши желаемые форму и размер. Просто выберите с помощью переключателя форму торта, указанную в рецепте и укажите ее размеры (диаметр, д…"
"6447921573","Диета для беременных, Рецепты","Russia","Eastern Europe","55","39","4.38462","39","Представляем Вам Pregnancy Diet - приложение для поиска рецептов, блюд, ингредиентов и советов для беременных! Вы - будущая мама, которая ищет идеи вкусной и здоровой пищи для поддержки растущего ребенка? Обратите внимание на наше приложение, которое создано специально для того, чтобы предоставить б…"
"896769380","Martin’s Index of Cocktails","Russia","Eastern Europe","56","3","5","3","Martin’s Index of Cocktails and Mixed Drinks is a unique and immensely practical reference to the drink recipes of the first “golden age” of the American Bar (1850s until Prohibition) and onwards. This unique entertainment resource presents over 2400 carefully curated drink recipes from the essentia…"
"1088859983","Fivesec Health by Alexandra","Russia","Eastern Europe","57","2","5","2","Cook Delicious Plant-Based Meals with Ease! Discover 700+ easy, healthy, and delicious plant-based recipes with the Fivesec Health App — your go-to companion for everyday vegan cooking! Whether you’re fully plant-based or just looking to add more nutritious meals to your routine, this app makes heal…"
"6450508838","Little Foodie: Start Solids","Russia","Eastern Europe","58","13","3.53846","13","Откройте для себя мир питательных ингредиентов и вкусных рецептов, созданных специально для Вашего малыша, с приложением Little Foodie: Start Solids - идеальное приложение для приготовления детского питания. Это интуитивно понятное приложение для iOS, разработанное с целью упростить процесс приготов…"
"1472765520","Sidekick by Sorted Food","Russia","Eastern Europe","59","3","5","3","Sidekick - Your Personal Kitchen Sidekick Tired of the same old meals? Let Sidekick solve your dinner dilemma with exciting new recipes, smarter shopping and stress-free cooking. Over 4,000,000 dishes cooked so far… Sidekick is here to simplify your weekly meal planning, making cooking at home easie…"
"1195541934","My Recipe Box: Книга Рецептов","Russia","Eastern Europe","60","205","4.84389","205","● Присоединяйтесь к миллионам любителей кулинарии, использующих наш хранитель рецептов, чтобы сохранять и использовать свои любимые кулинарные рецепты. Сохранение, организация и поиск рецептов еще никогда не были такими простыми. My Recipe Box - это ваш аккуратный, свободный от беспорядка и интуитив…"
"1287971970","EggPro","Russia","Eastern Europe","61","271","4.65683","271","EggPro - это интеллектуальный таймер для варки яиц, который делает этот процесс по-настоящему простым! Ответьте на несколько простых вопросов, и таймер сам рассчитает точное время готовки с точностью до секунды. Особенности: • Выбор размера яиц • Выбор размера кастрюли • Выбор степени приготовления …"
"1608925320","Рецепты Ivi","Russia","Eastern Europe","62","12","4.83333","12","Надоело готовить одно и то же? Хотите питаться не только вкусно но еще и полезно? Ищете новые варианты любимых блюд вашей семьи? Хотите классно готовить из того, что есть в холодильнике? Хотите кушать вкусно и при этом стройнеть? Желаете поделиться своим опытом, идеями, советами и рецептами с теми, …"
"856044755","Green Smoothies by Young & Raw","Russia","Eastern Europe","63","6","5","6","10,000's of people have taken the Young and Raw 30 Day Green Smoothie Challenge. With this new version of the app, it's easier than ever to integrate a healthy green smoothie in to your daily routine. Get all the vitamins, minerals and fibres your body needs. You'll feel the difference with the Youn…"
"1445442810","Fasting Tracker for Life","Russia","Eastern Europe","64","8","3","8","*** CALORIE-BASED FASTING *** If you’re doing intermittent fasting for 13 hours incl. being active during your fast, will you burn more calories than by just doing intermittent fasting for 16 hours? Find out yourself - with calorie-based fasting: Count how active you are or how much calories you bur…"
"351660247","VST CoffeeTools for iPhone","Russia","Eastern Europe","65","4","3","4","PROFESSIONAL COFFEE TOOLS for the BARISTA, SPECIALTY ROASTER and COFFEE BEVERAGE EQUIPMENT DESIGNER Best New Product SCAA EXPO 2010 VST CoffeeTools™ allows professional and home users to quickly compute proper brew formulas using any method of brewing coffee or espresso. Used with a coffee refractom…"
"409157308","Annabel Karmel Kids Recipes","Russia","Eastern Europe","66","3","2.33333","3","Make feeding your baby, toddler and family easier with Annabel Karmel's multi award-winning recipe app. From first tastes and baby-led weaning to family meals, you'll find expert guidance, practical tools and over 1,500 nutritious recipes all in one place. Millions of families rely on Annabel's reci…"
"1593779280","Recipe Keeper. Cook Book. Box","Russia","Eastern Europe","67","15","4.73332","15","The number 1 recipe organizer. ReciMe saves all your favorite recipes in one place, including Instagram, Facebook, TikTok, YouTube and Pinterest. Create grocery lists and meal plans. Calculate calories for every recipe. However you cook, ReciMe helps you do it, better. FEATURES - Save Recipes from I…"
"1241057014","Keto Diet App - Macro Tracker","Russia","Eastern Europe","68","5","2.8","5","Ketogenic Diet App - get healthy, feel good, and lose weight. Our app is your ultimate companion in adopting a flexible, low-carb diet for health benefits and weight reduction, combining our successful meal plans with over 200k happy customers! The Keto Diet App is designed to help you realize the h…"
"602496538","AeroPress Timer","Russia","Eastern Europe","69","8","3.625","8","Over 20,000 people are already drinking better coffee than you! Don't wait another moment, dust off that AeroPress and get to brewing with AeroPress Timer. AeroPress Timer is the perfect companion for the AeroPress and allows you to explore the versatility of the AeroPress with a catalog of carefull…"
"1447158881","Maja Vase","Russia","Eastern Europe","70","6","5","6","The app has more than 150 detailed, easy-to-follow cake and dessert recipes. You only pay once and get access to all the recipes in the app. Highlights: • 150+ inspiring recipes • Lots of tips and wild techniques • Gorgeous, high-quality pictures • Search recipes using ingredient keywords • All reci…"
"318447346","Hello Vino: Wine Assistant","Russia","Eastern Europe","71","65","4.55385","65","Hello Vino is your virtual wine assistant. Buying wine is fun and easy with Hello Vino's recommendations for food and wine pairings, special occasions and personalized wine picks based on your taste preferences. -- HOW IT WORKS -- Similar to getting help from a wine expert, simply tap through Hello …"
"419217101","Sous Vide °Celsius","Russia","Eastern Europe","72","5","5","5","Opinionated Sous Vide recommendations for chefs and home cooks alike! Tested, so you don’t have to. Now supporting remote control for ERME SV1, ERME SV3, ERME SV5, Anova Precision Cooker* (2014) and Anova Nano! ● Sous Vide time/temperature recommendations for ingredients such as beef, veal, poultry,…"
"327068055","Вино: Винтажи и Рейтинги","Russia","Eastern Europe","73","15","4.26667","15","Обрати внимание: интерфейс приложения и экспертные анализы в настоящее время доступны только на английском, немецком, французском, итальянском и испанском языках. Находи всегда лучший винтаж – будь ты новичок или профи. Всегда ли 5-звездочный винтаж — лучший выбор для тебя? Это зависит от многого! С…"
"489187848","Imbibe Magazine","Russia","Eastern Europe","74","0","0","0","Imbibe is a magazine and website dedicated to exploring the world of drinks. The digital edition of Imbibe is your ultimate guide to drinks, from wine, spirits, and beer to coffee, tea, and everything in between. Each issue features the world’s top drink destinations, recipes, how-to’s, and indepth …"
"1351412313","FullyRaw by Kristina","Russia","Eastern Europe","75","10","5","10","Join the FullyRaw Revolution! FullyRaw by Kristina is the ultimate guide to living a cleaner and healthier lifestyle through the consumption of organic raw foods. Offering over 500 recipes (including juices, smoothies, salads, desserts, and main dishes) with instructional videos, grocery shopping li…"
"419098758","Food Intolerances","Russia","Eastern Europe","76","6","4.5","6","■ Latest Awards • Healthline.com: Best Allergy Apps of the Year 2020 • Focus Money 2019: ""Best App"" in the health category • MeinAllergiePortal – Digital Health Heroes Award 2018 & 2021 The app Food Intolerances helps you if you have to stick to a restricted diet after being diagnosed with food into…"
"1505065609","Love, Manuela","Russia","Eastern Europe","77","4","3.75","4","Love, Manuela is a baking app created by Norwegian baker Manuela Kjeilen, known as @passionforbaking. For more than a decade, Manuela has shared her love of baking with people around the world. She has published nine baking books, hosted her own baking show on TV in Sweden, and inspires more than 1.…"
"1143941420","GuildSomm","Russia","Eastern Europe","78","0","0","0","The GuildSomm Compendium at your fingertips, whenever you need it! The GuildSomm App provides offline access to the full resources of the GuildSomm Compendium. Perfect for studying during your commute or quickly looking up a fact during service. The database includes regional wine and appellation la…"
"1538123744","Yango Deli","Russia","Eastern Europe","79","193","4.81865","193","Say goodbye to supermarkets! Starting today, you can do super shopping in the Yango Dali app. Order fruits and vegetables, dairy products, snacks, ready-to-eat food for lunch like pizza, groceries for brunch, and everything you need, all in a flash! On a scale of 1 to 10, Yango Deli's an 11! How are…"
"898723944","Лупа + фонарик (Torch)","Russia","Eastern Europe","80","41","4.63415","41","Простая, удобная лупа на App Store – фонарик (светодиод), цифровая лупа и средство для чтения меню в ресторане и этикеток на лекарствах – все в одном Вы попадали в неудобное положение, когда в ресторане не удается прочесть мелкий шрифт меню? Теперь различить мелкий шрифт вам поможет лучшая лупа с фо…"
"1280464759","Mixel - Cocktail Recipes","Russia","Eastern Europe","81","16","4.625","16","What cocktails can you make right now? Tell Mixel what's in your bar, and instantly see every drink you can mix, from the classic to modern craft cocktails. Whether you're a home bartender, mixology enthusiast, or just hosting friends, Mixel turns your ingredients into perfectly crafted drinks. WHAT…"
"1423585518","Roman: бюджетное похудение","Russia","Eastern Europe","82","21","3.57143","21","Готовы начать свой путь к здоровому образу жизни и снижению веса, не переплачивая? Представляю вам приложение Roman – вашего надежного спутника в достижении эффективных результатов в снижении веса, сбрасывании лишних килограммов и преображении вашего здоровья, не перегружая бюджет дорогой пищей. Осн…"
"1582999186","Моя Kнига Pецептов","Russia","Eastern Europe","83","37","4.2973","37","Соберите свои рецепты в одном месте. Быстро и просто. ~ Резюме: минималистичное приложение для сбора и систематизации ваших любимых рецептов в одном месте. ~ Как это работает: Просто добавьте свои рецепты с помощью ручного редактора. Кроме того, вы также можете отсканировать рецепт или импортировать…"
"714004506","Official Cookidoo App","Poland","Eastern Europe","1","191064","4.88619","191064","The Official Thermomix® Cookidoo® App gives you access to the growing universe of mouth-watering Thermomix® Guided Cooking recipes. You pick and choose which recipes go with you wherever you are. Create an account and get cooking! SMART @ HEART Connect to Cookidoo® and access over 100,000 worldwide …"
"6777230233","Herbi: Meal Planner + Recipes","Poland","Eastern Europe","2","2","3","2","Tired of deciding what to cook every night? Herbi makes weekly meal planning simple. Discover delicious recipes, save the ones you spot on TikTok and Instagram, build a personalised meal plan in minutes, and get a supermarket shopping list that's ready to go. Whether you're cooking for yourself, you…"
"1593779280","ReciMe: Recipes & Meal Planner","Poland","Eastern Europe","3","200","4.71","200","The number 1 recipe organizer. ReciMe saves all your favorite recipes in one place, including Instagram, Facebook, TikTok, YouTube and Pinterest. Create grocery lists and meal plans. Calculate calories for every recipe. However you cook, ReciMe helps you do it, better. FEATURES - Save Recipes from I…"
"6670216494","Mob: Meal Planner and Recipes","Poland","Eastern Europe","4","34","3.05882","34","Join 4 million+ home cooks who've made weeknight cooking easy. Plan your week, build your shopping list in a tap, and never cook the same thing twice. Apple App of the Day and featured by Apple. Rated 4.5 stars by our community and loved in the press. Mob turns cooking from a daily scramble into the…"
"1164423781","Gronda: Recipes for Chefs","Poland","Eastern Europe","5","253","4.88142","253","** Apple’s App of the Day in 120+ Countries ** ** Used by 2M+ Chefs Worldwide ** ""Unlimited amount of inspiration"" — Netflix Superstar Ana Roš Gronda is the #1 app for professional and home chefs. Learn from the world’s best, fine dining recipes, and connect with a global community of culinary exper…"
"6756588317","AirCook – Air Fryer Recipes","Poland","Eastern Europe","6","24","4.79167","24","Discover easy air fryer recipes made specifically for your air fryer. Cook faster, healthier and with more confidence using clear cooking times, temperatures, nutrition information and weekly meal planning. AirCook helps you prepare delicious meals without guessing. Every recipe is designed for air …"
"6747386728","Avocadish: Recipes & Mealplan","Poland","Eastern Europe","7","105","4.79047","105","Avocadish is the all-in-one app to save recipes, plan meals, and create shopping lists. Save recipes from Tiktok, Instagram, Pinterest, Facebook, or even photos of cookbooks and handwritten notes. FEATURES - Save Recipes from Social Media - Import recipes from Tiktok, Instagram, Pinterest, Facebook …"
"6479693198","Eatr・AI Healthy Diet Meal Plan","Poland","Eastern Europe","8","2939","4.63626","2939","Welcome to Eatr - the ultimate companion for everyone from cooking novices to seasoned chefs! Our app is designed to guide you through a culinary adventure tailored just for you. Whether you're pressed for time or looking to indulge in a leisurely cooking spree, Eatr has you covered. Time Management…"
"6744090840","CookGo:Meal Plan&Recipe Keeper","Poland","Eastern Europe","9","60","4.8","60","CookGo: Easy Recipe Import & Smart Management CookPal is now CookGo — your all-in-one recipe app just got a fresh name and look. CookGo makes it easy to save, organize, and cook recipes from anywhere. Whether it's a viral dish on Instagram, a recipe from Facebook, or a quick photo of your ingredient…"
"1673078434","Food Recipes, Cooking AL DANTE","Poland","Eastern Europe","10","9","4.88889","9","Cook like a Chef together with Al Dante - your perfect cooking app! Enjoy our collection of insanely delicious recipes, find new meal prep ideas, and transform everyday ingredients into exceptional dishes. Features: USE READY RECIPES: explore our step-by-step recipe text guides to discover the ingre…"
"6636546385","Culinara: Easy Cooking Recipes","Poland","Eastern Europe","11","40","4.9","40","Culinara is the first Ukrainian culinary app designed to make cooking simple, fast, convenient, and incredibly delicious. Here you’ll find 100% of recipes with video guidance — watch every step and cook with confidence. All recipes are created together with professional chefs and thoughtfully crafte…"
"6779303849","Disha: Budget Meal Planner","Poland","Eastern Europe","12","8","2.875","8","Disha plans your entire week around your budget, your grocery store, and your taste. In seconds. No stress, no guesswork. Tell us your weekly budget, where you shop, and how you like to eat — Disha instantly creates a complete 7-day meal plan. You’ll also get a ready-to-use shopping list, organized …"
"6769572860","Przepisik - Zapisuj Przepisy","Poland","Eastern Europe","13","155","4.42581","155","Przestań gubić przepisy w galerii, zapisanych rolkach i wiadomościach. Przepiśnik to aplikacja dla osób, które ciągle trafiają na świetne przepisy na TikToku, Instagramie i w internecie, ale później nie mogą ich znaleźć. Zamiast robić kolejny zrzut ekranu „na później”, zapisz przepis w jednym miejsc…"
"1540604002","Pam Fitness & Food","Poland","Eastern Europe","14","277","4.90252","277","THE BASICS: 1.⁠ ⁠Yummy and healthy recipes, using natural ingredients. No artificial sweeteners, etc. 2.⁠ ⁠I love to replace „bad“ ingredients of classic recipes - for example cane sugar or white flour - with more healthy alternatives. Therefore we can still eat dessert. But we get important nutrien…"
"6755971582","Starting solids – Baby Foods +","Poland","Eastern Europe","15","7","3.85714","7","# Baby's First Foods: First Products, Safe Serving Options, and Convenient Meal Planning Starting solid foods is an important milestone in your child's development. Every parent wants to introduce new foods calmly, safely, and with confidence that the food is right for their baby. Our app helps make…"
"6746666074","Meal Brain: Save Recipes","Poland","Eastern Europe","16","315","4.8254","315","Save recipes from TikTok, Instagram, YouTube & food blogs in one tap. Meal Brain pulls out the ingredients and steps, builds your weekly meal plan, writes your grocery list — then walks you through cooking like a chef standing next to you. Stop scrolling through saved videos you never actually cook.…"
"911422904","NYT Cooking: Quick Tasty Meals","Poland","Eastern Europe","17","237","4.94093","237","New York Times Cooking has thousands of easy recipes you’ll love to make, from easy weeknight dinners to holiday showstoppers. Editor-curated collections make it easy to find the right recipe, and helpful videos make them fun and simple to cook. With our digital Recipe Box, you can easily save favou…"
"6759670741","Plucky: Recipe Saver & Planner","Poland","Eastern Europe","18","37","4.51351","37","Plucky is your AI-powered personal cookbook. No more recipes scattered across screenshots, browser tabs, and notes. IMPORT FROM ANYWHERE Paste a link to TikTok, Instagram Reel, Facebook post, YouTube video, or any food blog. AI automatically extracts ingredients, steps, cook time, and nutrition fact…"
"6529540197","Airfryer Chef: Airfryer Recipe","Poland","Eastern Europe","19","71","4.71831","71","An airfryer is a compact kitchen appliance that circulates hot air at high speed to cook food with little to no oil, giving you that crispy, fried texture in a healthier way. Our app is built entirely around getting the most out of your airfryer, from quick weeknight dinners to guilt-free treats. Tu…"
"6759633681","MealTime: AI Recipe Keeper","Poland","Eastern Europe","20","2","5","2","Your all-in-one recipe importer, organizer, planner and calorie tracker! MealTime saves all your recipes in one place. Import recipes from TikTok, Instagram, Facebook, Threads, YouTube, Reddit, Pinterest, and any website. Organize them into cookbooks, share them easily, create grocery lists, and tur…"
"1143941420","GuildSomm","Poland","Eastern Europe","21","0","0","0","The GuildSomm Compendium at your fingertips, whenever you need it! The GuildSomm App provides offline access to the full resources of the GuildSomm Compendium. Perfect for studying during your commute or quickly looking up a fact during service. The database includes regional wine and appellation la…"
"6759469278","Swoodie: AI Calorie Counter","Poland","Eastern Europe","22","21","5","21","Swoodie - AI calorie counter that also cooks Snap your plate, scan a barcode or just say what you ate - Swoodie counts the calories and macros. Then it tells you what to cook tonight with what's already in your fridge. -- COUNT CALORIES IN SECONDS -- AI calorie counter from a photo - one snap instea…"
"1618589011","Pick Up Limes","Poland","Eastern Europe","23","51","5","51","Plan your meals, feel nourished, and eat delicious plant-based food. The Pick Up Limes App brings together nourishing vegan recipes, personalized meal plans, grocery tools, nutrition support, and all your favourite online recipes in one place. Top features • 1800+ plant-based recipes, with new ones …"
"6741009040","Cookbook: Recipe Keeper","Poland","Eastern Europe","24","22","4.72727","22","Discover the ultimate solution for all your culinary needs with Cookbook! This powerful app allows you to import, organize, and manage recipes from any website seamlessly. Whether you’re a home cook, a professional chef, or a food enthusiast, Cookbook makes it easier than ever to keep all your favou…"
"6758713596","Receptly: Save recipes","Poland","Eastern Europe","25","1","5","1","All your recipes in one place. Receptly lets you import recipes from websites, TikTok, Instagram, photos or your camera in seconds. No more screenshots. No more messy bookmarks. Just clean, structured recipes ready to cook. Whether you discover a new dinner idea online or want to save a handwritten …"
"1303222868","Paprika Recipe Manager 3","Poland","Eastern Europe","26","73","4.94521","73","Organize your recipes. Create grocery lists. Plan your meals. Download recipes from your favorite websites. Seamlessly sync to all your devices. Features • Recipes - Download recipes from your favorite websites, or add your own. • Grocery Lists - Create smart grocery lists that automatically combine…"
"6769416509","Let's make pizza: Pizza Calc","Poland","Eastern Europe","27","18","5","18","Let’s Make Pizza is a professional pizza dough calculator and fermentation management app created for pizza makers who want complete control over their dough. Whether you are a home pizza enthusiast or a professional pizzaiolo, the app helps you manage hydration, fermentation, temperature and flour …"
"1573101506","KMP Pizza Calculator","Poland","Eastern Europe","28","16","4.6875","16","KMP Pizza Calculator is a modern app for creating, refining, and saving authentic Italian pizza recipes. In version 3, the app has been fully refreshed with a new interface, better feature organization, more convenient recipe management, and a new salt and fat calculation system. It is a practical t…"
"795495986","KptnCook: Cook & Meal Planner","Poland","Eastern Europe","29","65","4.89231","65","""What should I cook today?"" KptnCook answers that question every single day. You get 3 fresh, handpicked recipes daily, curated by nutritionists and chefs, so you spend less time deciding and more time actually cooking. Built for the everyday cook who wants to eat well without the stress. 8M+ users …"
"585332633","Cookpad: Recipe Book & Meals","Poland","Eastern Europe","30","207","4.74878","207","Not sure what to cook tonight? Cookpad recommends: search by ingredient or by meal across thousands of authentic recipes from a global community of home cooks — all verified by the people who have actually cooked them. WHAT SHALL I COOK TONIGHT? Tell us what's in the fridge and we'll tell you what t…"
"6808044989","Fornata: Pizza Dough Timer","Poland","Eastern Europe","31","0","0","0","Fornata works out your pizza dough and walks you through it, from the flour to the hot oven. Answer three questions: which pizza, when you want to eat and how many. You get a shopping list in grams and a plan with the exact time of every step. You don’t need baker’s percentages or any jargon for tha…"
"6757010709","lopu: Weekly Meal Plan & Prep","Poland","Eastern Europe","32","1","5","1","Not sure what to cook tonight? lopu helps you build a weekly meal plan, find dinner ideas faster, and keep a grocery list right next to your recipes — all in one place, without the daily decision fatigue. How it works: 1. Pick your days — lopu suggests meals for breakfast, lunch, and dinner based on…"
"1563767649","RecipeChef: Recipe Manager","Poland","Eastern Europe","33","120","4.825","120","Store all your favorite recipes in one place! Add your own recipes and photos, find the perfect recipe, add ingredients to your shopping list, plan your meals for the week, and a lot more! ADD YOUR FAVORITE RECIPES RecipeChef is a recipe manager. It's a great way to organize your recipes. • Add your…"
"6782859452","talerzyki","Poland","Eastern Europe","34","11","4.63636","11","talerzyki zmienia filmiki kulinarne w gotowe przepisy - bez przepisywania z pamięci, bez pauzowania wideo. JAK TO DZIAŁA Wklej link do filmiku z TikToka, Instagrama, YouTube'a lub Facebooka - sztuczna inteligencja automatycznie wyciągnie z niego składniki, instrukcje i wartości odżywcze. Gotowy prze…"
"6743784249","Crumble It: Cakes & Orders","Poland","Eastern Europe","35","1","5","1","Running a bakery doesn't have to be chaos. Guessing costs and losing orders costs you time and money. Crumble It brings a bakery planner, cost calculator, recipes and a calendar together in one app. Plan your baking day in minutes — from orders to shopping lists. Crumble It is everything a baker nee…"
"6741995783","Clove: Import & Share Recipes","Poland","Eastern Europe","36","51","5","51","Clove is designed to simplify everyday home cooking. Discover inspiring creator recipes, save recipes from anywhere, plan your weekly cook, simplify groceries and become a more confident cook. Features Get inspired - Curated collections of hundreds of vetted creator recipes, perfect for everyday coo…"
"6757186911","Airfryer App","Poland","Eastern Europe","37","72","4.79167","72","Welcome to Airfryer App, your ultimate companion for cooking delicious, healthier meals with your air fryer! Whether you’re a beginner or a seasoned home chef, Airfryer App helps you discover tasty recipes, follow simple step-by-step instructions, and cook perfect dishes every time. From quick snack…"
"1619509620","Meal Planner & Grocery List","Poland","Eastern Europe","38","248","4.72177","248","Meal Planner & Grocery List by Jojo Apps is the ultimate all-in-one menu organizer, smart meal generator, and recipe keeper. Designed for busy couples and families, this app helps you save time, cut grocery bills, and eat healthier by creating custom meal plans based on your specific diet, allergies…"
"6448680829","FODMAP Coach - Diet Foods","Poland","Eastern Europe","39","1","4","1","Introducing FODMAP Coach - Diet Foods, your ultimate guide to managing IBS and other digestive disorders with ease. The FODMAP diet is an eating plan designed to help manage digestive symptoms, particularly in people with irritable bowel syndrome (IBS). Unlock the power of over 400+ low FODMAP food …"
"1482204597","Anova Oven","Poland","Eastern Europe","40","1","2","1","The Anova Precision® Oven is the first combi oven with pro-level features designed specifically for the home cook. Paired with the Anova Oven app, you’ll enjoy a fully connected cooking experience and the most advanced features of the Oven. Break out of your everyday cooking routine with inspiration…"
"6468939420","Souschef | Recipe Keeper","Poland","Eastern Europe","41","1","5","1","Souschef is a recipe keeper for saving the dishes you love, organizing them into collections, planning meals, shopping from recipes, and cooking step by step. All cooking and organization features are free. Save recipes, edit them, search your collection, build grocery lists, use Cooking Mode, keep …"
"1481818660","CibouScan - Food & beauty","Poland","Eastern Europe","42","224","4.67856","224","CIBOUSCAN: Scan Your BEAUTY & FOOD Products Health Score, Nutri-Score, NOVA, Calories & Recipes CIBOUSCAN is the all-in-one app to take care of your health, skin, nutrition, and the planet. Scan beauty products and food in seconds to understand what you use and eat - ingredients, health scores, Nutr…"
"6777471316","mise - meal planner","Poland","Eastern Europe","43","34","3.85294","34","mise – meal planner Take the stress out of deciding what to eat. mise helps you generate personalised meal plans in seconds based on your dietary preferences, calorie goals, favourite UK supermarkets, budget, and the ingredients you already have at home. Whether you're meal prepping for the week, tr…"
"312101965","Epicurious","Poland","Eastern Europe","44","56","4.82143","56","Cook smarter with 50,000+ tested recipes from Epicurious, Bon Appétit, and more. Find easy dinners, healthy meals, and expert cooking guidance - all in one app. Subscribe to the Epicurious in the app, or if you’re already a subscriber, log in for unlimited access to recipes and so much more. THE EPI…"
"1433840494","RecipeBox - Save Your Recipes!","Poland","Eastern Europe","45","5","5","5","Cook with confidence and convenience. RecipeBox is the ultimate recipe organizer and meal planning companion for busy home chefs. Save all your favorite recipes from any website or app – from popular food blogs to Instagram and TikTok posts – and keep them organized in one place. Plan delicious meal…"
"6738356754","MagicMix dla Monsieur Cuisine","Poland","Eastern Europe","46","50","4.48","50","Z oficjalną aplikacją MagicMix odkryjesz swojego Monsieur Cuisine na nowo! Teraz wprowadź więcej różnorodności do swojej codziennej kuchni dzięki niezliczonej liczbie pomysłów. Korzystaj z przepisów testowanych i ocenianych przez dużą społeczność Monsi i zaskocz bliskich domowymi pysznościami! Funkc…"
"6482573732","Baby Food Solids BLW - YumYum","Poland","Eastern Europe","47","1","5","1","YumYum – BLW Baby Food Tracker, Weaning Chart & First Foods Guide Starting weaning made simple. YumYum is the fast food tracker and feeding journal for mums and dads doing baby-led weaning, purées, or a mix — log first foods, track allergies (egg, milk, peanut, gluten and more), and get AI homemade …"
"6788481955","Bananarium: Recipe Keeper","Poland","Eastern Europe","48","3","5","3","Bananarium turns a link, a photo or pasted text into an editable recipe card, so you never scroll through captions and comments looking for ingredients again. SAVE A RECIPE FROM ANYWHERE Paste a link or share it from Instagram, TikTok, YouTube, Facebook or a food blog. On iPhone, just tap Share → Ba…"
"6759071009","Clemi: Recipe Keeper & Planner","Poland","Eastern Europe","49","0","0","0","Tired of recipes scattered everywhere? Saved on Instagram. Screenshotted from TikTok. Lost in a YouTube video. Buried in a cookbook. Scribbled on a handwritten family recipe card. Sound familiar? Clemi brings all your recipes into one place, helps you plan your meals for the week, and builds a groce…"
"6753148494","Youmeal: Recipe Keeper","Poland","Eastern Europe","50","10","4.59999","10","All your favorite recipes, All your favorite recipes in one simple app Youmeal helps you save and organize every recipe you love — from Instagram, TikTok, Facebook, and more. Build grocery lists, plan your weekly meals, and get instant nutrition facts for any recipe. MAIN FEATURES Save recipes from …"
"6741418664","Cocktails Guru - Cocktail app","Poland","Eastern Europe","51","1","5","1","Discover nearly 20,000 cocktail recipes and make better drinks with the ingredients you already have. Cocktails Guru is a cocktail app, home bar organizer and mixology guide for making great cocktails. Find timeless classics, official IBA cocktails, modern creations, party drinks and alcohol-free mo…"
"6740143703","Airfryer+ Recipes with AI","Poland","Eastern Europe","52","30","4.86667","30","Airfryer+: Your Hub for Quick, Tasty, and Community-Powered Airfryer Recipes Explore the exciting world of airfryer cooking with Airfryer+ – an app that transforms your kitchen and connects you with a lively community of cooking enthusiasts! From speedy snacks to gourmet meals and recipes by fellow …"
"1472765520","Sidekick by Sorted Food","Poland","Eastern Europe","53","4","5","4","Sidekick - Your Personal Kitchen Sidekick Tired of the same old meals? Let Sidekick solve your dinner dilemma with exciting new recipes, smarter shopping and stress-free cooking. Over 4,000,000 dishes cooked so far… Sidekick is here to simplify your weekly meal planning, making cooking at home easie…"
"6736356575","CoffeeBase: Specialty Coffee","Poland","Eastern Europe","54","3","3.66667","3","CoffeeBase — your coffee journal, your map of specialty cafés and roasters, and the crew who drinks what you drink. Join 5,000+ coffee lovers already on CoffeeBase. Save every coffee you try, find new places nearby, and see what friends are brewing — all in one app. Discover A map of specialty cafés…"
"1434244144","iCook: Meal Planner・Food Prep","Poland","Eastern Europe","55","30","4.76667","30","Over 1000 healthy recipes for the whole family, a smart meal planner, and your personal AI nutrition assistant — all in one app! HEALTHY MEALS FOR THE WHOLE FAMILY — quick, simple, and science-based. iCook helps you easily maintain balanced nutrition every day. DEVELOPED BY A CERTIFIED NUTRITIONIST …"
"6761322310","Zastillia: Recipes & Shopping","Poland","Eastern Europe","56","9","5","9","Zastillia is your personal recipe book that builds the shopping list for you — and finds the groceries at the best price. Saw a great recipe on TikTok, Instagram, or YouTube? Share the link with Zastillia and within seconds it lands in your book: ingredients, step-by-step instructions, and calculate…"
"6468674686","Guardian Feast: Daily Recipes","Poland","Eastern Europe","57","14","5","14","With over 7,000 recipes to choose from, find unique flavours, explore different cuisines and expand your usual repertoire, with a 14-day free trial of the Feast app. Or if you are already a Guardian subscriber, sign in to see if Feast is included in your subscription. The Feast app is filled with da…"
"1499044130","Keto Diet- Carb Tracker & Meal","Poland","Eastern Europe","58","102","4.2843","102","Keto Diet helps you track carbs, log meals, and follow a diet plan built around your goals - no guesswork, no spreadsheets. TRACK WHAT MATTERS Log your food in the food diary and see net carbs, calories, and macros for everything you eat. Daily nutrition summaries and progress trends show where you …"
"1249805978","MealPrepPro Planner & Recipes","Poland","Eastern Europe","59","87","4.45977","87","Have your meals and groceries planned for you with MealPrepPro. MealPrepPro is a smart meal planner that adapts to your schedule, food preferences and goals. Reach your health goals No more counting calories. Meal plans are automatically adapted to your calorie and macro needs. #1 for Meal Prep Prep…"
"6759342397","KusKus: Save Any Recipe","Poland","Eastern Europe","60","15","3.33333","15","Stop losing recipes you find on social media. Kuskus turns your saved TikTok, Instagram, YouTube, X, and Facebook recipe videos into clean, easy-to-follow recipes you can actually cook from. Just paste a link — Kuskus extracts the ingredients, steps, prep time, and servings so you can get cooking wi…"
"6450664772","Scoolinary: Learn & Cook","Poland","Eastern Europe","61","3","5","3","Scoolinary is the culinary learning app for chefs, entrepreneurs, students, and passionate home cooks. Learn from the world’s best chefs, with 50+ Michelin stars, and access 400+ courses and 3,000 step-by-step video recipes. What you’ll learn •Professional cooking techniques applicable to any dish. …"
"6783742855","NeatEat - Meal Planner","Poland","Eastern Europe","62","0","0","0","Tell NeatEat your store and your weekly food budget. Get a full week of simple meals and a costed shopping list that comes in under it — every time. No spreadsheets, no guesswork, no nasty surprise at the till. HOW IT WORKS (WITH NEATEAT PREMIUM) • Pick your supermarket and set a weekly budget • Get…"
"6811413849","beans - dial your espresso","Poland","Eastern Europe","63","0","0","0","Your coffee bags are too good to throw away. Every bag says something — the label, the story, the roaster's whole reason for being. Then the coffee's gone, and so is the bag, into the bin with the eggshells. beans keeps it: turn any bag into a keepsake 3D model and stand it on a shelf that's actuall…"
"6748003406","Yoomla・Recipe Keeper & Planner","Poland","Eastern Europe","64","23","4.78261","23","Yoomla – Your Smart Recipe Keeper & Manager Discover, save, and organize all your favorite recipes in one place! Whether you're exploring new dishes or managing your go-to meals, Yoomla makes it easy to keep your culinary inspiration at your fingertips. SEARCH FOR RECIPES Smart Filters – Find recipe…"
"1572670746","Little Lunches: Kids Meals","Poland","Eastern Europe","65","0","0","0","Little Lunches helps families save time, reduce mealtime stress, and feed their children with confidence through personalised meal planning, kid-friendly recipes, lunchbox ideas, and feeding guidance designed by paediatric experts. TRUSTED BY 500,000+ FAMILIES • App Store App of the Day in 100+ coun…"
"1301257625","Jow - easy recipes & groceries","Poland","Eastern Europe","66","2","1","2","Discover Jow: The Ultimate Free Recipe and Grocery Shopping App. Tired of asking ""What's for dinner?"" Step your meal planning with Jow. Our app offers personalized recipes and seamless grocery shopping, tailored to your dietary preferences and household needs. Connect with your favorite stores like …"
"6759174582","PLATO: Recipes & Pantry AI","Poland","Eastern Europe","67","0","0","0","Never stare into the fridge wondering what to cook again. PLATO uses AI to turn your preferences into a complete weekly meal plan, a ready-to-shop grocery list, and recipes you'll actually want to cook. Tell PLATO your dietary needs, calorie goals, weekly budget, and favourite supermarket, and it in…"
"926211004","NoWaste: Food Inventory List","Poland","Eastern Europe","68","16","4.1875","16","Easily track, organize and manage the food in your home. With inventory lists for your freezer, fridge and pantry, you can check what food you have left, see what needs using first, get reminded before things expire, create a shopping list, plan your meals, avoid buying what you already own, reduce …"
"1515369685","Rise: Baking & Bread Recipes","Poland","Eastern Europe","69","5","5","5","Rise is devoted to every aspect of making yummy bread! It includes great recipes, makes planning & scheduling easy, and serves as a baking journal. Rise syncs across all of your devices and supports sharing recipes with others. Rise has everything you need to bake bread for both beginners and expert…"
"6756592070","KitchenCost - Recipe Costing","Poland","Eastern Europe","70","1","5","1","No spreadsheets. See your margins at a glance. Still calculating food cost in a spreadsheet every night? Ever set a price by gut feeling, only to find no profit left at the end of the month? I built KitchenCost after watching my wife spend 30 minutes costing every new menu at her cafe. Now it's your…"
"6806607230","Meal Planner Polska","Poland","Eastern Europe","71","5","5","5","Meal Planner Polska to inteligentny asystent planowania posiłków, stworzony z myślą o polskich sklepach i polskiej kuchni. PLANOWANIE POSIŁKÓW Wygeneruj zbilansowany plan posiłków dopasowany do Twoich preferencji, alergenów i celu kalorycznego. Aplikacja sama dobiera przepisy, minimalizując marnowan…"
"1150921819","Filtru Coffee: Best Brew Guide","Poland","Eastern Europe","72","311","4.75563","311","Coffee is more than a morning habit. With Filtru, you can brew better coffee at home, learn each method step by step, and repeat your favourite recipes with confidence. Filtru guides you through Espresso, AeroPress, Chemex, Hario V60, Kalita Wave, Moka Pot, French Press, Siphon, Cezve, Vietnamese Ph…"
"1572826611","SO VEGAN: Healthy Recipes","Poland","Eastern Europe","73","9","4.55556","9","Do you want to transform your diet and eat more plants, but don’t know where to start? Welcome to the SO VEGAN App - a celebration of delicious plant-based cooking. With over 700 easy and healthy plant-based recipes, you’ll find something for everyone. Whether you’re searching for a quick lunch, a n…"
"6747952210","QiMeal","Poland","Eastern Europe","74","7","4.85714","7","QiMeal is your AI-powered food assistant for real life. Plan what to eat, cook step by step, and fill your grocery cart – all in one place. No more “What should I eat tonight?” and no more food wasted in the fridge. PLAN Tell QiMeal what you feel like eating (or let the assistant ask you smarter que…"
"6754413004","TGB: Meal Planner & Recipes","Poland","Eastern Europe","75","1","5","1","Do you buy groceries with a plan, then still feel stuck at dinner time? TGB helps you map out the week first, then builds a grocery list from your plan. Your shopping matches your week menu, so you use what you buy. Save what works and move things around when plans change. Keep recipe ideas in one p…"
"6477230784","101 before one","Poland","Eastern Europe","76","0","0","0","Paid Membership to 101 before one required to use our app. Introduce 101 foods through baby-led weaning & family-style meals. Welcome to 101 before one! We are a team of pediatric experts here to help parents introduce solids to their baby through our signature Family Meals from the Start® program, …"
"974683711","Recipe Keeper","Poland","Eastern Europe","77","20","4.5","20","Recipe Keeper is the easy to use, all-in-one recipe organizer, shopping list and meal planner available across all of your devices. ADD RECIPES QUICKLY AND EASILY Enter your recipes with as much or as little information as you like. Copy and paste recipes from your existing documents or apps. Catego…"
"419098758","Food Intolerances","Poland","Eastern Europe","78","26","4.80769","26","■ Latest Awards • Healthline.com: Best Allergy Apps of the Year 2020 • Focus Money 2019: ""Best App"" in the health category • MeinAllergiePortal – Digital Health Heroes Award 2018 & 2021 The app Food Intolerances helps you if you have to stick to a restricted diet after being diagnosed with food into…"
"6761322310","Zastillia: Recipes & Shopping","Ukraine","Eastern Europe","1","178","4.95505","178","Zastillia is your personal recipe book that builds the shopping list for you — and finds the groceries at the best price. Saw a great recipe on TikTok, Instagram, or YouTube? Share the link with Zastillia and within seconds it lands in your book: ingredients, step-by-step instructions, and calculate…"
"6636546385","Culinara: Easy Cooking Recipes","Ukraine","Eastern Europe","2","602","4.68106","602","Culinara is the first Ukrainian culinary app designed to make cooking simple, fast, convenient, and incredibly delicious. Here you’ll find 100% of recipes with video guidance — watch every step and cook with confidence. All recipes are created together with professional chefs and thoughtfully crafte…"
"6759633681","MealTime: AI Recipe Keeper","Ukraine","Eastern Europe","3","5","5","5","Your all-in-one recipe importer, organizer, planner and calorie tracker! MealTime saves all your recipes in one place. Import recipes from TikTok, Instagram, Facebook, Threads, YouTube, Reddit, Pinterest, and any website. Organize them into cookbooks, share them easily, create grocery lists, and tur…"
"1164423781","Gronda: Recipes for Chefs","Ukraine","Eastern Europe","4","163","4.84049","163","** Apple’s App of the Day in 120+ Countries ** ** Used by 2M+ Chefs Worldwide ** ""Unlimited amount of inspiration"" — Netflix Superstar Ana Roš Gronda is the #1 app for professional and home chefs. Learn from the world’s best, fine dining recipes, and connect with a global community of culinary exper…"
"1593779280","ReciMe: Recipes & Meal Planner","Ukraine","Eastern Europe","5","50","4.32","50","The number 1 recipe organizer. ReciMe saves all your favorite recipes in one place, including Instagram, Facebook, TikTok, YouTube and Pinterest. Create grocery lists and meal plans. Calculate calories for every recipe. However you cook, ReciMe helps you do it, better. FEATURES - Save Recipes from I…"
"6477230784","101 before one","Ukraine","Eastern Europe","6","0","0","0","Paid Membership to 101 before one required to use our app. Introduce 101 foods through baby-led weaning & family-style meals. Welcome to 101 before one! We are a team of pediatric experts here to help parents introduce solids to their baby through our signature Family Meals from the Start® program, …"
"585332633","Cookpad: Recipe Book & Meals","Ukraine","Eastern Europe","7","2082","4.91018","2082","Not sure what to cook tonight? Cookpad recommends: search by ingredient or by meal across thousands of authentic recipes from a global community of home cooks — all verified by the people who have actually cooked them. WHAT SHALL I COOK TONIGHT? Tell us what's in the fridge and we'll tell you what t…"
"6756547169","Cookara Recipe Cost Calculator","Ukraine","Eastern Europe","8","22","5","22","You cook every day. But the math never ends. Cookara replaces the spreadsheets, notebooks and mental load with one system that does the calculating for you. Add your recipes once. Cookara handles the math from there. Cookara helps bakers, pastry chefs, chefs and small food businesses handle the most…"
"6756065960","Fridgea: Fridge & Grocery List","Ukraine","Eastern Europe","9","7","4.71429","7","Fridgea is a smart way to keep your fridge, groceries, and daily food routines under control. It helps you remember what you already have, what’s about to expire, and what you actually need to buy — without stress or overthinking. Stop wasting food and money. Fridgea turns your fridge into an organi…"
"1618589011","Pick Up Limes","Ukraine","Eastern Europe","10","4","5","4","Plan your meals, feel nourished, and eat delicious plant-based food. The Pick Up Limes App brings together nourishing vegan recipes, personalized meal plans, grocery tools, nutrition support, and all your favourite online recipes in one place. Top features • 1800+ plant-based recipes, with new ones …"
"6479693198","Eatr・AI Healthy Diet Meal Plan","Ukraine","Eastern Europe","11","3154","4.50793","3154","Welcome to Eatr - the ultimate companion for everyone from cooking novices to seasoned chefs! Our app is designed to guide you through a culinary adventure tailored just for you. Whether you're pressed for time or looking to indulge in a leisurely cooking spree, Eatr has you covered. Time Management…"
"6757010709","lopu: Weekly Meal Plan & Prep","Ukraine","Eastern Europe","12","43","4.88372","43","Not sure what to cook tonight? lopu helps you build a weekly meal plan, find dinner ideas faster, and keep a grocery list right next to your recipes — all in one place, without the daily decision fatigue. How it works: 1. Pick your days — lopu suggests meals for breakfast, lunch, and dinner based on…"
"6670216494","Mob: Meal Planner and Recipes","Ukraine","Eastern Europe","13","6","3.16667","6","Join 4 million+ home cooks who've made weeknight cooking easy. Plan your week, build your shopping list in a tap, and never cook the same thing twice. Apple App of the Day and featured by Apple. Rated 4.5 stars by our community and loved in the press. Mob turns cooking from a daily scramble into the…"
"6450508838","Little Foodie: Start Solids","Ukraine","Eastern Europe","14","76","4.22368","76","Discover a world of nutritious ingredients, blw tips and delicious recipes tailored specifically for your little one with Little Foodie: Start Solids, the ultimate app for baby food. Designed to simplify the process of preparing wholesome meals for your baby, this intuitive app is a must-have for ev…"
"6760356103","Breakfast Recipes - Yollly","Ukraine","Eastern Europe","15","16","5","16","Yollly is your personal breakfast companion, a smart recipe app that helps you discover, cook, and plan delicious morning meals. Whether you're chasing a quick weekday bite, a high-protein power breakfast, or a slow weekend brunch, Yollly turns the most important meal of the day into the easiest one…"
"1553130679","Your Secret Menu for Starbucks","Ukraine","Eastern Europe","16","5","4.4","5","Discover 500+ secret menu drinks, viral TikTok favorites, and creative custom recipes for your next coffee run. NEW RECIPES ADDED EVERY WEEK • 14,000+ FIVE-STAR REVIEWS See a drink all over your feed? Find out what’s in it, choose your size, and get clear, simple instructions for how to order it. Th…"
"1619509620","Meal Planner & Grocery List","Ukraine","Eastern Europe","17","132","4.76515","132","Meal Planner & Grocery List by Jojo Apps is the ultimate all-in-one menu organizer, smart meal generator, and recipe keeper. Designed for busy couples and families, this app helps you save time, cut grocery bills, and eat healthier by creating custom meal plans based on your specific diet, allergies…"
"6743325524","MealPreper・Weekly Meal Planner","Ukraine","Eastern Europe","18","46","4.95652","46","Tired of the daily ""what to cook?"" torture? Stop thinking about food. Mealpreper Guide gives you one system that eliminates 100+ meal decisions per week. Cook once for 3 hours → get 9 different meals → forget about dinner for 4 days. Not boring meal prep boxes. Not the same chicken-and-rice five tim…"
"1540604002","Pam Fitness & Food","Ukraine","Eastern Europe","19","149","4.94631","149","THE BASICS: 1.⁠ ⁠Yummy and healthy recipes, using natural ingredients. No artificial sweeteners, etc. 2.⁠ ⁠I love to replace „bad“ ingredients of classic recipes - for example cane sugar or white flour - with more healthy alternatives. Therefore we can still eat dessert. But we get important nutrien…"
"6460821436","Meal Plan & Weekly Menu","Ukraine","Eastern Europe","20","62","4.75806","62","Did you know that meal planning can improve your health and mood? YouMealPlan is a beautiful all-in-one weekly meal planner that makes meal planning and preparation simple and fun. PLAN YOUR MEALS WITH A BEAUTIFUL DESIGN Create weekly meal plans, organise recipes and automatically generate shopping …"
"6766358272","RecipeLab - Healthy Recipes","Ukraine","Eastern Europe","21","0","0","0","RecipeLab is the recipe app for people who want to eat healthier without making it complicated. RecipeLab is built around the idea that eating for your goals should feel good, taste great, and actually fit your life. Tell us a little about yourself and we'll match you with delicious recipes that cru…"
"1434244144","iCook: Meal Planner・Food Prep","Ukraine","Eastern Europe","22","203","4.867","203","Over 1000 healthy recipes for the whole family, a smart meal planner, and your personal AI nutrition assistant — all in one app! HEALTHY MEALS FOR THE WHOLE FAMILY — quick, simple, and science-based. iCook helps you easily maintain balanced nutrition every day. DEVELOPED BY A CERTIFIED NUTRITIONIST …"
"911422904","NYT Cooking: Quick Tasty Meals","Ukraine","Eastern Europe","23","52","4.92307","52","New York Times Cooking has thousands of easy recipes you’ll love to make, from easy weeknight dinners to holiday showstoppers. Editor-curated collections make it easy to find the right recipe, and helpful videos make them fun and simple to cook. With our digital Recipe Box, you can easily save favou…"
"403188971","Pepperplate Cooking Planner","Ukraine","Eastern Europe","24","0","0","0","Pepperplate is the only app for serious cooks. It has all the tools you need to cook weeknight dinners or host a dinner party for 12. Manage your recipes, create menus, shop with ease and cook like a pro on your iPad and iPhone. Features: * Pepperplate seamlessly manages recipes, menus and shopping …"
"6759460270","FoodsPlans – Recipes & Planner","Ukraine","Eastern Europe","25","7","4.42856","7","Tired of the daily ""what should I eat?"" struggle? FoodsPlans makes meal planning simple and actually enjoyable. Save all your favorite dishes in one place, plan your week in minutes, and let AI build your grocery list automatically. No calorie counting. No macro tracking. Just a simple system to eat…"
"1481818660","CibouScan - Food & beauty","Ukraine","Eastern Europe","26","976","4.6332","976","CIBOUSCAN: Scan Your BEAUTY & FOOD Products Health Score, Nutri-Score, NOVA, Calories & Recipes CIBOUSCAN is the all-in-one app to take care of your health, skin, nutrition, and the planet. Scan beauty products and food in seconds to understand what you use and eat - ingredients, health scores, Nutr…"
"959638683","Anova Culinary","Ukraine","Eastern Europe","27","14","4.14286","14","The Anova family of precision cookers allows everyone to cook like a pro! Paired with the Anova Culinary app, now perfectly cooked restaurant quality meals are as easy as the touch of a button. Browse the largest collection of sous vide recipes by Michelin star chefs and home cooks just like you. Th…"
"1280464759","Mixel - Cocktail Recipes","Ukraine","Eastern Europe","28","10","5","10","What cocktails can you make right now? Tell Mixel what's in your bar, and instantly see every drink you can mix, from the classic to modern craft cocktails. Whether you're a home bartender, mixology enthusiast, or just hosting friends, Mixel turns your ingredients into perfectly crafted drinks. WHAT…"
"1461650987","Crouton: Recipe Manager","Ukraine","Eastern Europe","29","21","4.95238","21","Crouton is feature packed recipe organizer & meal planner. The best place to store your favorite recipes from where ever you find them, websites, cookbooks or a handwritten note from your Grandma. IMPORT ANYWHERE Crouton supports importing recipes from almost everywhere! Pull recipes automatically o…"
"6766314121","Dinnerish: Рецепти, меню, КБЖВ","Ukraine","Eastern Europe","30","10","4.7","10","Рецептів купа, а коли час готувати — в голові тільки макарони, гречка й картопля. Знайомо? Рецепти розкидані по Instagram, TikTok, YouTube, Facebook, закладках і скриншотах — і щоразу доводиться шукати той самий, коли настав час готувати. Dinnerish упорядковує всі твої рецепти в одному місці. Більше…"
"1195541934","My Recipe Box: Cookbook & Plan","Ukraine","Eastern Europe","31","82","4.80488","82","● Join millions of cooking lovers that use our recipe keeper to save and use their favorite recipes. Saving, organizing, and finding recipes has never been easier. My Recipe Box is your neat, clutter-free, and intuitive digital cookbook that also comes with a grocery list creator and meal planner. S…"
"6745083688","Bar&Chef Pro","Ukraine","Eastern Europe","32","7","4.85714","7","B&CPro is the ultimate platform for chefs, bartenders, baristas, sommeliers, pastry chefs, restaurant managers, and all professionals in the HoReCa industry. More than just an app, B&CPro is your smart assistant and daily source of inspiration. Whether you're just starting your culinary journey or m…"
"1249805978","MealPrepPro Planner & Recipes","Ukraine","Eastern Europe","33","49","4.32653","49","Have your meals and groceries planned for you with MealPrepPro. MealPrepPro is a smart meal planner that adapts to your schedule, food preferences and goals. Reach your health goals No more counting calories. Meal plans are automatically adapted to your calorie and macro needs. #1 for Meal Prep Prep…"
"6741995783","Clove: Import & Share Recipes","Ukraine","Eastern Europe","34","9","5","9","Clove is designed to simplify everyday home cooking. Discover inspiring creator recipes, save recipes from anywhere, plan your weekly cook, simplify groceries and become a more confident cook. Features Get inspired - Curated collections of hundreds of vetted creator recipes, perfect for everyday coo…"
"6748638722","SomeYum: What to Eat Tonight","Ukraine","Eastern Europe","35","8","5","8","What should we eat tonight? Swipe a few dish cards - yes or no - an AI learns your taste, and dinner's decided in seconds, with the full recipe. Cook it, or tap to order that exact dish nearby. Can't agree with your partner? Decide together - pair once, then you both swipe the same dishes on your ow…"
"6804266012","Retsepa","Ukraine","Eastern Europe","36","2","5","2","Retsepa turns the recipes you save from your socials into an actual cookbook you can cook from, then helps you plan the week and shop for it. SAVE RECIPES FROM YOUR SOCIALS Found a recipe on your socials? Send it to Retsepa and get back the real recipe: ingredients, step-by-step method, and photos, …"
"6754613061","Tiny Spoon: Baby Led Weaning","Ukraine","Eastern Europe","37","5","3.6","5","Starting solids doesn’t have to feel overwhelming. Tiny Spoon helps parents plan baby meals, introduce new foods, follow baby-led weaning (BLW), track allergens, and build confidence at every stage. Designed for babies 6–24 months, Tiny Spoon gives you practical, age-based guidance for everyday feed…"
"6755971582","Starting solids – Baby Foods +","Ukraine","Eastern Europe","38","13","4.69231","13","# Baby's First Foods: First Products, Safe Serving Options, and Convenient Meal Planning Starting solid foods is an important milestone in your child's development. Every parent wants to introduce new foods calmly, safely, and with confidence that the food is right for their baby. Our app helps make…"
"6739583764","Baby Plates","Ukraine","Eastern Europe","39","15","1.73333","15","The Baby Plates mobile app is your reliable assistant in ensuring healthy and proper nutrition for your baby from the very beginning of weaning! We created this app to make the process of preparing and planning baby meals easy and enjoyable. In the app, you will find: Recipes We have many recipes sp…"
"1518078585","Stashcook: Recipe Keeper","Ukraine","Eastern Europe","40","5","4.4","5","Stashcook - Meal Planner & Recipe Keeper Stashcook is a simple, thoughtful recipe keeper and meal planner that brings your recipes, weekly plans and shopping into one place. Whether you’re saving ideas from social media or trying to stay organised through the week, Stashcook helps make cooking feel …"
"1548466041","Mela - Recipe Manager","Ukraine","Eastern Europe","41","3","5","3","Mela is a simple, elegant and modern recipe manager that syncs with iCloud. SYNC Sync your recipes with iCloud, either privately (default) or by sharing a recipe library with other iCloud users. IN-APP BROWSER WITH LIVE PREVIEW Quickly save a recipe while browsing: If Mela detects a recipe on the cu…"
"6758266575","Air Fryer Recipes - AirFryMeal","Ukraine","Eastern Europe","42","0","0","0","Tired of wondering what to cook tonight? AirFryMeal makes meal planning effortless and air fryer cooking fun! SWIPE TO DISCOVER Browse 250+ delicious air fryer recipes with a simple swipe. Left to go back, right to discover something new. Finding your next favourite meal has never been easier. STEP-…"
"815128988","Pocket Wine Pairing: Sommelier","Ukraine","Eastern Europe","43","3","5","3","Featured as one of the “Best New Apps” on the App Store! Food and wine pairing has never been so clear, accessible and easy to understand. The app gives you a detailed index of hundreds of meal types, showing you the best matches for different wine styles, grape varieties and blends. A “Do’s & Don’t…"
"6792286987","Кулінарний нотатничок","Ukraine","Eastern Europe","44","3","5","3","«Мій нотатничок» збирає твої рецепти в одному зручному місці — зі скрінів, фото зошита, продиктованого чи вставленого тексту. Додай матеріал, перевір готову структуру — і рецепт збережеться з інгредієнтами, кроками, часом та порціями. Скрін іншою мовою нотатничок перекладе українською. Що є в застос…"
"1454663016","World of Mouth","Ukraine","Eastern Europe","45","2","5","2","World of Mouth connects you with the world’s best restaurants, recommended by top chefs, food writers, and sommeliers. Whether you’re traveling to a new city or exploring your hometown, discover trusted, insider picks for every meal. LET TOP CHEFS AND FOOD WRITERS GUIDE YOU Over 800 carefully select…"
"1242710083","Cooker: AI Recipe Manager","Ukraine","Eastern Europe","46","51","4.7843","51","Cooker is your AI recipe manager for saving, organizing, cooking, and sharing every recipe you love. Stop losing recipes in screenshots, notes, browser tabs, and social media saves. Copy a recipe link or text from Instagram, TikTok, YouTube, a website, or a chat, and Cooker helps turn it into a clea…"
"1582999186","My Cookery Book","Ukraine","Eastern Europe","47","4","4.75","4","Collect your recipes in one place. Fast and simple. ~ Summary: A minimalistic app to collect and organize your favorite recipes in a single place. ~ How it works: Simply add your recipes by using the manual editor. Alternatively, you can also scan a recipe or import a PDF. ~ All Features: - Create n…"
"1475409786","100 лучших рецептов Mom Story","Ukraine","Eastern Europe","48","27","4.51851","27","100+ лучших рецептов от MomStory с яркими пошаговыми фото и детальным описанием процесса теперь в удобном приложении. От простых салатов к сложным десертам, которые всегда получаются. Только проверенные рабочие рецепты, только выверенные пропорции и много любви к кулинарии."
"1472765520","Sidekick by Sorted Food","Ukraine","Eastern Europe","49","3","4","3","Sidekick - Your Personal Kitchen Sidekick Tired of the same old meals? Let Sidekick solve your dinner dilemma with exciting new recipes, smarter shopping and stress-free cooking. Over 4,000,000 dishes cooked so far… Sidekick is here to simplify your weekly meal planning, making cooking at home easie…"
"1531641801","Look & Cook: здоровые рецепты","Ukraine","Eastern Europe","50","14","3.14286","14","Look & Cook поможет разнообразить ваш рацион сбалансированными и здоровыми блюдами и сохранит ваше время. Планируйте неделю и не тратьте часы на кухне. Look & Cook больше, чем сборник авторских рецептов от фудблогера @look_whaticook. Это ваш помощник в планировании ежедневного питания с пошаговым пр…"
"1157455937","Keto Diet Recipes App","Ukraine","Eastern Europe","51","40","4.25","40","Embark on a Transformative Keto Journey with Our App! *** Your Ultimate Keto Guide: Curious about the Keto Diet? Explore in-depth insights into Ketosis, different Keto approaches, benefits backed by science, overcoming Keto flu, and more! *** Comprehensive Food Lists: Discover vital lists for your K…"
"486811622","Cocktail Flow - Drink Recipes","Ukraine","Eastern Europe","52","134","4.87313","134","Cocktail Flow features beautifully presented cocktail recipes with step by step guides and is packed with features you’ll love whether you’re a novice bartender or a professional mixologist. YOUR BAR, YOUR CABINET Mark the cocktail ingredients you have at home in the cabinet page and see what drinks…"
"1059211083","OrganizEat Recipe Keeper Box","Ukraine","Eastern Europe","53","65","4.66153","65","Streamline your cooking experience with OrganizEat Recipe Keeper. Our all-in-one app is your ultimate recipe organizer, cookbook, and keeper box, packed with features to simplify your culinary journey. Your All-in-One Recipe Organizer, Cookbook, and Keeper Box. No Typing! Snap Photos, Import, Tag, a…"
"714004506","Official Cookidoo App","Ukraine","Eastern Europe","54","272","4.90441","272","The Official Thermomix® Cookidoo® App gives you access to the growing universe of mouth-watering Thermomix® Guided Cooking recipes. You pick and choose which recipes go with you wherever you are. Create an account and get cooking! SMART @ HEART Connect to Cookidoo® and access over 100,000 worldwide …"
"1195428600","Cocktail Art-Drink Recipes App","Ukraine","Eastern Europe","55","132","4.30302","132","A huge selection of cocktails with collections of recipes for any occasion. Descriptions of all ingredients and variants for their replacement. Add your drinks to the bar and you can see what you can make from them. Have your own cocktail? Add it to the app. Rate cocktails and create your own select…"
"1540196240","BLW Meals: Starting Solids","Ukraine","Eastern Europe","56","3","4.66667","3","What parents are saying: Iluvpalmtrees Favorite BLW app ""So much free information and excellent examples of what you can feed your little one through all stages. Follow their IG as well for daily tips and videos."" MJ - first time mom Love this app! ""I absolutely love this app and the Instagram page.…"
"1673078434","Food Recipes, Cooking AL DANTE","Ukraine","Eastern Europe","57","32","4.78125","32","Cook like a Chef together with Al Dante - your perfect cooking app! Enjoy our collection of insanely delicious recipes, find new meal prep ideas, and transform everyday ingredients into exceptional dishes. Features: USE READY RECIPES: explore our step-by-step recipe text guides to discover the ingre…"
"1171368248","Еда, питание для детей－рецепты","Ukraine","Eastern Europe","58","173","4.72254","173","«Рецепты для детей - еда малышам - Child Feed» - огромный, постоянно пополняющийся каталог лучших Бесплатных рецептов для Ваших детишек. Только самые полезные и нужные рецепты для детей, начиная с первого прикорма до 3 лет и старше! Сейчас в базе приложения уже 2000 рецептов! Мы добавляем новые реце…"
"1445614297","Low FODMAP diet foods for IBS","Ukraine","Eastern Europe","59","24","4.5","24","Are you tired of suffering from the symptoms of Irritable Bowel Syndrome (IBS)? The FODMAP diet is a proven method for reducing or eliminating these symptoms, and our app makes it easy to follow! Developed by Australian researchers in 2005, the FODMAP diet involves removing certain carbohydrates fro…"
"6469321012","Starting Solids & Baby Food","Ukraine","Eastern Europe","60","13","4.61538","13","Our app has 250+ delicious and healthy recipes carefully prepared for your baby and an unlimited number of recipes that you can create with artificial intelligence. Key app features: *Recipes: 250+ healthy and delicious baby recipes carefully prepared for your baby, Plus new recipes will be added re…"
"6777471316","mise - meal planner","Ukraine","Eastern Europe","61","14","4.07143","14","mise – meal planner Take the stress out of deciding what to eat. mise helps you generate personalised meal plans in seconds based on your dietary preferences, calorie goals, favourite UK supermarkets, budget, and the ingredients you already have at home. Whether you're meal prepping for the week, tr…"
"795495986","KptnCook: Cook & Meal Planner","Ukraine","Eastern Europe","62","27","4.8148","27","""What should I cook today?"" KptnCook answers that question every single day. You get 3 fresh, handpicked recipes daily, curated by nutritionists and chefs, so you spend less time deciding and more time actually cooking. Built for the everyday cook who wants to eat well without the stress. 8M+ users …"
"1166155114","Диета EASY: правильное питание","Ukraine","Eastern Europe","63","6","3.83333","6","Наше приложение - это диеты на любой вкус! В нем вы найдете самые разнообразные диеты: - белковые и углеводные; - диеты по группе крови; - быстрые и модные диеты; - жесткие диеты и легкие; - монодиеты и диеты звезд; - низкокалорийные диеты; - диеты раздельного питания; - и многие, многие другие диет…"
"1445442810","Fasting Tracker App","Ukraine","Eastern Europe","64","5","5","5","*** CALORIE-BASED FASTING *** If you’re doing intermittent fasting for 13 hours incl. being active during your fast, will you burn more calories than by just doing intermittent fasting for 16 hours? Find out yourself - with calorie-based fasting: Count how active you are or how much calories you bur…"
"1669762026","Baby Led Weaning Cookbook","Ukraine","Eastern Europe","65","22","4.13636","22","Embark on a seamless Baby-Led Weaning Journey with our app: * Discover Baby-Led Weaning: Navigate the world of solids with confidence. Our app is your comprehensive guide, presenting the latest research findings, nutritional insights and tips for safe, joyful weaning. * 1000+ Foods & Recipes: Indulg…"
"1488585822","Brewfather","Ukraine","Eastern Europe","66","0","0","0","Powerful and easy to use tool for your brewing needs. Easily create and manage your recipes. Keep track of all the details in your batches and your ingredients inventory. Brewfather is made from the ground up to give you the best recipe design and brewing experience on both desktop and mobile device…"
"980368562","FitMenCook - Healthy Recipes","Ukraine","Eastern Europe","67","6","5","6","Struggle free, healthy recipes that are easy on the wallet. It’s as simple as that, and it’s a message that’s seen over 1 million people follow FitMenCook on social media. Be honest, have you ever heard these complaints about healthy eating? - “Eating healthy is too expensive!” - “It takes too long!…"
"6759342397","KusKus: Save Any Recipe","Ukraine","Eastern Europe","68","37","3.7027","37","Stop losing recipes you find on social media. Kuskus turns your saved TikTok, Instagram, YouTube, X, and Facebook recipe videos into clean, easy-to-follow recipes you can actually cook from. Just paste a link — Kuskus extracts the ingredients, steps, prep time, and servings so you can get cooking wi…"
"1303222868","Paprika Recipe Manager 3","Ukraine","Eastern Europe","69","7","3.71429","7","Organize your recipes. Create grocery lists. Plan your meals. Download recipes from your favorite websites. Seamlessly sync to all your devices. Features • Recipes - Download recipes from your favorite websites, or add your own. • Grocery Lists - Create smart grocery lists that automatically combine…"
"1143941420","GuildSomm","Ukraine","Eastern Europe","70","0","0","0","The GuildSomm Compendium at your fingertips, whenever you need it! The GuildSomm App provides offline access to the full resources of the GuildSomm Compendium. Perfect for studying during your commute or quickly looking up a fact during service. The database includes regional wine and appellation la…"
"466252999","Green Kitchen","Ukraine","Eastern Europe","71","3","5","3","Regardless if you just want to eat more greens or already are a full time vegetarian - Green Kitchen is the perfect companion in your kitchen or while planning from your sofa. Green Kitchen is filled with tasty and inspiring vegetarian food with ingredients straight from nature and a bare minimum of…"
"640670118","BeerSmith Mobile Home Brewing","Ukraine","Eastern Europe","72","0","0","0","Do you want to create great beer recipes on the go? BeerSmith 3, the world's top selling home brewing software, comes to iPhone/iPad. BeerSmith Mobile gives you all the tools to design, edit and brew your best beer from your phone or tablet. BeerSmith mobile is tightly integrated with our recipe clo…"
"1575544584","Incipe: Recipes & Cooking","Ukraine","Eastern Europe","73","154","4.7987","154","Incipe — a cookbook for everyday recipes Save recipes from the web, add your own, edit ingredients and steps, attach photos, and keep cooking ideas in one convenient place. Save recipes – Import recipes from cooking websites by link – Add recipes manually – Edit ingredients, instructions, cooking ti…"
"1088859983","Fivesec Health by Alexandra","Ukraine","Eastern Europe","74","1","5","1","Cook Delicious Plant-Based Meals with Ease! Discover 700+ easy, healthy, and delicious plant-based recipes with the Fivesec Health App — your go-to companion for everyday vegan cooking! Whether you’re fully plant-based or just looking to add more nutritious meals to your routine, this app makes heal…"
"1016450821","VST CoffeeTools PRO for iPhone","Ukraine","Eastern Europe","75","0","0","0","PROFESSIONAL COFFEE TOOLS DESIGN SOFTWARE for the BARISTA, SPECIALTY ROASTER, CAFÉ and RESTAURANT OPERATOR and COFFEE & ESPRESSO BEVERAGE EQUIPMENT DESIGNER Based on MoJoToGo – Best New Product SCAA EXPO 2010 VST's UNIVERSAL BREWING CONTROL CHART SOFTWARE For Coffee, Espresso, Cupping and Equipment …"
"1241057014","Keto Diet App - Macro Tracker","Ukraine","Eastern Europe","76","4","5","4","Ketogenic Diet App - get healthy, feel good, and lose weight. Our app is your ultimate companion in adopting a flexible, low-carb diet for health benefits and weight reduction, combining our successful meal plans with over 200k happy customers! The Keto Diet App is designed to help you realize the h…"
"771068291","Kitchen Stories Easy Recipes","Ukraine","Eastern Europe","77","1844","4.9051","1844","Kitchen Stories is your ultimate digital cookbook, recipe keeper, and meal planner for everyday cooking! Discover thousands of chef-tested recipes, get inspired by culinary creators, and learn new cooking techniques step-by-step. Whether you want a quick weekday meal, healthy dinner ideas, or baking…"
"1447158881","Maja Vase","Ukraine","Eastern Europe","78","3","5","3","The app has more than 150 detailed, easy-to-follow cake and dessert recipes. You only pay once and get access to all the recipes in the app. Highlights: • 150+ inspiring recipes • Lots of tips and wild techniques • Gorgeous, high-quality pictures • Search recipes using ingredient keywords • All reci…"
"974683711","Recipe Keeper","Ukraine","Eastern Europe","79","6","4.33333","6","Recipe Keeper is the easy to use, all-in-one recipe organizer, shopping list and meal planner available across all of your devices. ADD RECIPES QUICKLY AND EASILY Enter your recipes with as much or as little information as you like. Copy and paste recipes from your existing documents or apps. Catego…"
"987998708","Поваренок - рецепты c фото","Ukraine","Eastern Europe","80","9","1","9","Приложение обеспечивает доступ к кулинарным рецептам сайта Поварёнок.ру, добавляемым на протяжении многих лет пользователями сайта. Вы видите объективные оценки, комментарии пользователей - и можете выбрать только проверенные рецепты. Одна из крупнейших баз рецептов - более 100 тысяч штук! Все рецеп…"
"460979760","下厨房-美食菜谱","China","East Asia","1","438061","4.83877","438061","• 菜谱更全，人气更高的美食社区； • 苹果官方 App Store 精选推荐的美食应用； • 被央视CCTV新闻频道报道为年轻人流行的生活方式APP。 ----主要功能----- • 时令流行：根据不同节气，告诉你应该吃什么，三餐不重样； • 榜单推荐：进来看看被两万多人做过的一道菜谱是什么？ • 人气社区：你尝试发布一道菜谱，会获得最真实的厨友点赞，交流心得提升厨艺； • 活动奖品：定期与品牌联合发布线上和线下活动征集令，赢奖品，交朋友； • 购买食材：联合达人推荐，帮你挑选最有品质的食材和厨具，瞬间成为身边人仰慕的美食专家。 【连续续费会员说明】 -- 订阅服务：连续包月会员、连续包年会…"
"1377082167","懒饭 - 厨房里的美食指南","China","East Asia","2","158779","4.87744","158779","** 荣获 2019年 App Store 本土优秀App ** ** App Store 官方推荐的美食视频应用 ** 懒饭，专注出品适合新手的零失败视频菜谱。 快节奏的都市生活中，年轻人属于自己的时间、空间正在遭受挤压，人们开始更多地在美食当中寻找安慰。忙碌一天之后，回到厨房，哪怕是一碗面条、一锅炒饭，都能带来无限慰藉，感受到生活的温度。 ------ 懒饭核心特色： • 1分钟高清短视频，高效呈现所有用料、用具、步骤，一目了然。 • 精心研发容易上手、不易失败的美味菜谱，比如略有难度的鱼香肉丝、宫保鸡丁，研发团队研究出鱼香汁、宫保汁的简单配比，只要跟着菜谱做，零厨艺也能做出不失手的经典菜…"
"1558104588","美善品Cookidoo","China","East Asia","3","14672","4.92298","14672","官方美善品® Cookidoo® APP，为您开启全球美食之旅！这里汇集了世界各地持续更新的诱人食谱，搭 配美善品® 的智能引导式烹饪，无论身在何处，您都能轻松找到心仪的菜式。立即创建账户，开启您的 美食创作吧！ 智能有“芯”，烹饪更自在 连接 Cookidoo® 平台，通过 APP 或美善品® 触屏直接访问近十万道食谱！全新的步骤图解与视频教 学，让每一步操作都清晰直观，从获取灵感到引导式烹饪简单流畅。 您的专属烹饪账号 开启您的美善品® Cookidoo® 账户。请立即下载 APP 完成注册，或前往您所在地区的美善品® Cookidoo® 官网了解详情，快速开启智能烹饪新体验。 灵感无处不…"
"1133056767","菜谱大全–小白学做菜做饭助手","China","East Asia","4","318832","4.86707","318832","菜谱大全，汇集了来自全国各地的数十万道家常菜，并配以精美的图片，内容丰富详细，图文搭配更容易上手，页面简洁大方，超级好用，瞬间爱上了有木有！ 我们的产品特色： （1）数十万精品菜谱，统统免费使用！ （2）强大的搜索，帮你找到所有你想要的！ （3）强大的收藏功能，喜欢就毫不犹豫地留住！ （4）贴心的浏览记录，看过的菜谱都在这里，很贴心！ （5）描述详细，图片高清，让做菜变得轻松又容易！ （6）每天都有精品好菜推荐，天天都能吃出新花样！ 有了菜谱大全，让你立马爱上做菜，轻松成为完美的厨房小能手！ 【自动续费服务套餐声明】 1. 订阅周期：1个月（连续包月产品），3个月（连续包季度），12个月（连续…"
"1098628542","香哈菜谱-精选食谱 家常菜做法大全","China","East Asia","5","235638","4.87592","235638","上香哈，学名厨做菜，每天记录美食，感觉超幸福！ 我们这里有100多万道原创高清菜谱，1万多道原创视频菜谱，家常菜、西餐、烘焙菜谱都很全，每天还推荐早中晚餐营养食谱，一家人再也不用愁每天吃啥了。 上万五星好评，超过9000万人的共同选择！ 超百万道菜谱，热门高清菜谱图文推荐！ 香哈菜谱是2018年受欢迎的菜谱美食社区，用户规模超过9000万人！ 【视频菜谱&名厨课】 高清视频菜谱，学做菜更快更嗨！同时，香哈联合中国顶级名厨，共同打造创意新式菜谱，高清视频，娴熟的技法，让你从零可以学会做菜。 【海量菜谱】 100人的美食团队，数十万美食家共同贡献了超过100万道精选菜谱。在这里，不仅有简单易学的家…"
"1164423781","Gronda: Recipes for Chefs","China","East Asia","6","154","4.81168","154","** Apple’s App of the Day in 120+ Countries ** ** Used by 2M+ Chefs Worldwide ** ""Unlimited amount of inspiration"" — Netflix Superstar Ana Roš Gronda is the #1 app for professional and home chefs. Learn from the world’s best, fine dining recipes, and connect with a global community of culinary exper…"
"434212566","豆果美食-菜谱食谱视频菜谱大全","China","East Asia","7","199420","4.90086","199420","汇聚 3 亿美食用户，精选 300 万道美食菜谱，迸发美食灵感，尽在豆果美食。 【主要功能】 ——发现热门内容： 从吃货日常“家常菜”到全球各国 “各地美味”，有无辣不欢“下饭菜”，也有新手小白“快手餐”在这里找到你365天的每一餐，海量食谱、菜单任你挑选！千万厨娘、厨神在此集结，各种生活相关优质内容呈现，品质趣文，想看就看！ ——在线课堂： 美食视频在线教学，直击现场，大咖0距离面授厨房秘籍，在线互动问答，助你扫清烹饪路上的所有难题。 ——笔记： 美食爱好者的交流平台，分享你的生活点点滴滴，与千万爱吃的灵魂们一起，缔造美好生活！ ——商城： 帮您严格甄选品质好物，把关商品质量，严苛服务品质，…"
"6767801514","Mynu","China","East Asia","8","135","4.8963","135","Mynu 帮助你把每天做过与吃过的料理，整理成属于自己的食谱菜单与饮食日记。 用照片记录料理、分类整理菜单、通过日历记录和规划每天的餐食。无论你是为自己、伴侣，还是家人做饭，Mynu 都能帮助你更轻松地回顾喜欢的料理，并决定下一餐吃什么。 功能特色 • 建立属于你的家庭料理菜单 把做过的菜拍照存档，添加分类、食材和食谱加入你的菜单 • 用照片记录料理 从相机或相簿保存食物照片加上美观的盘子呈现你的美食相册 • 饮食日历 记录当天吃了什么，或回顾以前吃过的美食，计划下一顿饭吃什么，自动记录每道菜吃过的次数 • 家庭共享 *需要有iCloud储存空间* 通过 iCloud 私密共享菜单，与家人或朋…"
"6760777403","极简食谱 - AI做饭助理","China","East Asia","9","20","4.59999","20","每天最难的问题，不是做饭，而是不知道吃什么。 极简食谱是一款专为家庭、上班族和健身人群打造的智能食谱助手。 收藏喜欢的菜谱，AI帮你规划一周菜单，自动生成购物清单，让每天做饭变得简单高效。 AI智能排餐 不知道吃什么？ 输入人数、口味偏好和忌口要求，AI自动生成三餐计划。 一周菜单规划 提前安排早餐、午餐和晚餐。 告别每天纠结吃什么。 自动生成购物清单 根据菜单自动汇总食材。 买菜不遗漏。 专属食谱库 支持收藏和管理自己的菜谱。 打造属于你的私人菜谱库。 AI导入菜谱 支持识别小红书、抖音、B站等平台分享链接。 看到「一周减脂餐」「七天早餐计划」等合集内容时，可一次识别多个食谱并批量导入，无需…"
"1540604002","Pam Fitness & Food","China","East Asia","10","229","4.11354","229","THE BASICS: 1.⁠ ⁠Yummy and healthy recipes, using natural ingredients. No artificial sweeteners, etc. 2.⁠ ⁠I love to replace „bad“ ingredients of classic recipes - for example cane sugar or white flour - with more healthy alternatives. Therefore we can still eat dessert. But we get important nutrien…"
"1143941420","GuildSomm","China","East Asia","11","0","0","0","The GuildSomm Compendium at your fingertips, whenever you need it! The GuildSomm App provides offline access to the full resources of the GuildSomm Compendium. Perfect for studying during your commute or quickly looking up a fact during service. The database includes regional wine and appellation la…"
"6476509845","时食记 - 记录菜谱和冰箱食材、规划三餐制作电子菜单","China","East Asia","12","114","4.75439","114","「时食记」是一款记录菜谱、冰箱库存的App 「时食记」的主要功能： - 菜谱记录：支持从下厨房、小红书图文笔记、小红书视频笔记菜谱分享平台导入（使用AI智能解析菜谱用料和步骤），您可以记录私房菜 - 冰箱管理：跟踪冰箱中有的食材、从菜谱库中匹配菜谱，也可提醒过期时间，帮助消灭库存，食材不浪费 - 饮食计划：J人必备，提前规划好一周或更长时间的菜谱，到饭点再也不用临时抱佛脚，要吃什么做到心中有数 - 家人共享：家人可以加入到家庭组中，共同规划吃什么，你做饭来我买菜，分工合作更有效率 - 烹饪模式：做饭的时候想看手机菜谱但腾不出手来怎么办，打开烹饪模式，眨眼睛就能翻页看菜谱 - 转盘抽菜：实在不知…"
"6748003406","Yoomla: 智能食谱管理与规划","China","East Asia","13","1","5","1","Yoomla – 您的智能食谱管理工具 在一个地方发现、保存并整理您最喜爱的食谱！无论是探索新菜肴还是管理日常餐点，Yoomla 让您随时保持烹饪灵感。 搜索食谱 智能筛选 – 通过名称快速找到食谱，或利用烹饪时间、食材、过敏原、饮食偏好等条件缩小搜索范围。 餐点灵感 – 浏览精选分类，如主菜、甜点、沙拉、早餐、汤品等，探索无穷创意。 推荐菜肴 – 根据您的喜好与已保存食谱，获得个性化建议。 从任何地方导入食谱 从网站 – 只需轻点几下，即可从喜爱的烹饪博客或网站下载食谱。 从照片 – 上传杂志、食谱书甚至手写笔记的照片 – Yoomla 自动提取所有细节。 从社交媒体 – 在 Instagr…"
"6479693198","Eatr: AI膳食规划·饮食管理 健康食谱&卡路里管理","China","East Asia","14","214","4.42056","214","欢迎使用 Eatr —— 从烹饪新手到资深厨师的理想伙伴。 我们的应用专为你打造个性化的美食旅程。无论时间紧张还是想悠闲下厨，Eatr 都能满足。 厨房时间管理 选择烹饪时长，从 15 分钟快手小食到 1 小时内的丰盛餐点，Eatr 会为你规划菜单。繁忙日程也能轻松应对。 获取灵感 探索成千上万道美味食谱，每天都有新点子，不再为下一餐烦恼。 技能成长 无论初学还是高手，Eatr 与你一同进步。选择水平，获取既有挑战又有趣的食谱。 饮食偏好 生酮、纯素、鱼素？Eatr 提供个性化推荐，助你坚持自己的生活方式。 强大筛选功能 按菜系、饮食、餐别等快速找到所需。 评分与反馈 加入社区，分享评价，让每…"
"6479637639","胃之书 - 人生美食收纳手册","China","East Asia","15","1878","4.73055","1878","告别卡路里追踪的谎言和焦虑，BellyBook是献给美食家的应用。 整理你人生中品鉴过的全球菜系，AI辅助记录、收纳。 我们相信，真正的智能来自人的感受、记忆与经历。 AI 只是帮助你整理、理解并延续这些关于食物的人生片段。 BellyBook 记录的不只是你吃了什么， 而是你在什么地方，和谁一起，度过了怎样的一餐。 核心体验 自然饮食记录 用一句话记录每天的饮食。 无需表单，像聊天一样，把吃过的食物留存下来。 AI 会理解你的描述，补全食物信息与背景故事。 人生美食收藏 通过拍照与识别，生成属于你自己的食谱档案。 从家常一餐到异国风味，逐步构建你的饮食人生。 咖啡杯收藏 拍下你喝过的每一杯咖…"
"1059134258","クラシル - 毎日の献立に！レシピ動画で料理がおいしく作れる","China","East Asia","16","1267","4.85161","1267","レシピプラットホーム『クラシル』 ◆クラシルとは クラシルは、アプリダウンロード数（※1）・平均レビュー評価（※2）・レシピ動画数（※3）のすべてにおいて国内No.1のレシピプラットホームです。2016年2月のサービス開始以降、「くらしを美味しく、あたたかく」をサービスコンセプトに掲げ、管理栄養士監修の「誰でも安全に・おいしい料理を作ることができるレシピ動画」を約50,000件以上提供してまいりました。おかげさまで、国内で最も利用されるレシピプラットフォームへと成長しました。 この度、クラシルはこれまで以上に便利で、楽しい料理体験を提供するプラットフォームへと進化します。 「レシピが見つかる場…"
"502803489","美食杰VIP-视频菜谱大全","China","East Asia","17","11351","4.85252","11351","一百万免费图文视频菜谱为您服务 我们是【美食杰-養】 这是一款多次被苹果APPSTORE推荐的美食菜谱APP 这是一款获得世界美食家大奖提供的美食菜谱APP 如果您是美食杰的新朋友，我想先向您介绍已经十二岁的 美食杰-養 这家初创公司 美食杰-養 成立于2007年 我们一直是国内非常领先的菜谱网站，至今拥有中国及国外图文菜谱及菜谱视频100万篇。 让更多人下厨做饭，给最爱的人做菜吃，烹饪厨房美食是我们觉得最容易获得幸福感的事情。 从图文菜谱时代开始，我们就推出各类家常菜、私房菜、川菜、湘菜、煲汤、早餐食谱、烘焙食谱、广东粤菜等适合家庭的电子菜谱，成为每一个厨房妈妈的好帮手，炒菜煮菜超简单。 这…"
"1466743868","料理笔记 - 规划三餐 食材采购清单","China","East Asia","18","290","4.58276","290","料理笔记App是用于保存菜谱的笔记软件。你可以创建自己的菜谱，记录制作心得，对菜谱进行调整，随时随地打开查看。同时，这些菜谱还能用来规划用餐计划，生成采购清单。 同时我们还为你准备了一些其他功能，让您可以更好的使用自己的菜谱。比如你可以在App中使用这些菜谱来规划三餐，通过菜谱来生成采购清单，通过图片把菜谱分享给朋友们，管理食材库存，等一系列功能！欢迎来使用体验哦~ -------------------- 【特色】 · 多平台可用 · 菜谱多种输入方式（普通模式，文字模式，分词模式），输入更灵活。 · 支持二级标签，可以更好的搭建自己的标签体系。 · 直观的安排计划页面，像点菜一样计划一日三…"
"6753860151","厨记 - AI菜谱与冰箱食材助手","China","East Asia","19","47","4.85106","47","不知道今天吃什么？打开厨记，从冰箱现有食材出发，快速找到能做的菜。 厨记是一款把 AI 菜谱、冰箱食材管理、购物清单和厨房日志放在一起的下厨助手。你可以按食材反向搜索菜谱，记录库存和保质期，设置临期、到期和补货提醒，做完菜后确认扣减库存，让“买什么、做什么、剩什么”一眼清楚。 核心功能： - 按食材找菜谱：输入家里已有食材，快速找到合适做法。 - 冰箱库存管理：记录食材数量、分类、保质期和剩余库存。 - 临期提醒：及时提醒快过期、已到期或需要补货的食材。 - 购物清单：把缺的食材整理成清单，买菜更省心。 - 菜谱导入与收藏：保存常做菜和喜欢的做法，慢慢建立自己的厨房资料库。 - 厨房日志：记录…"
"1540196240","BLW Meals: Starting Solids","China","East Asia","20","5","4.59999","5","What parents are saying: Iluvpalmtrees Favorite BLW app ""So much free information and excellent examples of what you can feed your little one through all stages. Follow their IG as well for daily tips and videos."" MJ - first time mom Love this app! ""I absolutely love this app and the Instagram page.…"
"6759403019","谱提 Pullit","China","East Asia","21","12","5","12","谱提 Pullit — 把视频和图文变成能照着做的结构化食谱 刷到一道菜顺手收藏，真要做的时候翻不出来；好不容易翻出来，也只是一段没有用量的视频，得一边煮一边倒回去看。谱提把链接丢进来就行，AI 读完视频字幕和图文，整理成一份带食材、用量、步骤、烹饪时间和营养信息的食谱卡，随手可以编辑，原始链接和原文也一直留着。 它更像一个属于你自己的菜谱管理器，而不是又一个让你搜别人菜谱的 App——你收进来的、你改过的、你做过的，都在这儿。 【AI 提取：从链接、图片或文字到结构化食谱】 四种方式导入：粘贴链接、从其他 App 分享、拍照识别、粘贴纯文本。AI 自动拆出食材与用量、烹饪步骤、烹饪时间、份量…"
"6756104733","下周吃什么","China","East Asia","22","15","4.86667","15","刷到一道想做的菜，拍照、截图，或者直接把链接粘进来 —— AI 几秒读出食材、步骤和分量，存成一份真能照着做的菜谱。 下周吃什么 = AI 拍照/链接存菜谱 + 一周三餐计划 + 自动买菜清单。 专为""真的会下厨""的人做的菜谱本。 • AI 拍照识别：任何菜谱图片，截图即存，自动拆成食材和步骤 • 链接一键导入：菜谱链接粘贴进来就行，图文和视频都能读 • 一周三餐计划：排到具体哪天哪一顿，早餐、午餐、晚餐分开放 • 自动买菜清单：按计划自动汇总，同样的食材并成一行、数量帮你加好 • 做菜日历回顾：这个月哪天做了什么菜，一屏看完 • 分享菜谱卡片：把拿手菜导出成好看的图片 • iCloud 同步…"
"1619509620","电子菜单 - 购物清单 - 养生食谱","China","East Asia","23","56","4.58929","56","电子菜单 - 购物清单 - 养生食谱 (由 Jojo Apps 开发) 是一款集菜单管家、智能备餐生成器和食谱本于一体的全能应用。它能根据您特定的饮食习惯、过敏史以及家里现有的食材，为您量身定制每日餐单，帮助情侣和家庭节省时间、省钱，并吃得更健康。 它的功能与适用人群 我们的应用专为极致的灵活性而设计，能够完美契合您的生活方式。无论您是需要一款能为家人的特定饮食需求生成专属的每周餐单的应用，还是想将奶奶手写的老食谱数字化，或者仅仅是想与伴侣实时共享购物清单，这款应用都能帮您彻底告别每天不知道“吃什么”的烦恼。 我们为您解决的痛点 • 节省时间：再也不用站在冰箱前苦思冥想该做些什么菜了。让智能生…"
"771068291","Kitchen Stories Easy Recipes","China","East Asia","24","37050","4.87934","37050","Kitchen Stories is your ultimate digital cookbook, recipe keeper, and meal planner for everyday cooking! Discover thousands of chef-tested recipes, get inspired by culinary creators, and learn new cooking techniques step-by-step. Whether you want a quick weekday meal, healthy dinner ideas, or baking…"
"959638683","Anova Culinary","China","East Asia","25","70","3.94286","70","The Anova family of precision cookers allows everyone to cook like a pro! Paired with the Anova Culinary app, now perfectly cooked restaurant quality meals are as easy as the touch of a button. Browse the largest collection of sous vide recipes by Michelin star chefs and home cooks just like you. Th…"
"951454103","家常菜做法大全","China","East Asia","26","28","4.82143","28","《家常菜做法大全》是一款全面介绍家常菜谱的给力App. -----依照中国家常饮食菜谱习惯进行设计； -----精心收集整理； -----内容包括了不同地域、不同口味的家常菜做法详情。 -----每款都经典、每款都值得家庭主妇们学习、品味。 每天不知道做什么菜下厨总翻车菜谱步骤繁杂这款家常菜做法大全汇聚海量家常菜品用料简单操作易懂十五元买断无内购离线随时查看新手也能轻松做出美味三餐待客好菜 三、完整商店爆款简介 不少人下厨都会遇到各种困扰每日三餐菜品重复网上菜谱信息杂乱食材用量模糊火候调味难以把控家庭聚餐想做特色小菜却找不到简单教程新手零基础很难掌握烹饪技巧 家常菜做法大全整合全国南北家常菜品…"
"6670216494","Mob: Meal Planner and Recipes","China","East Asia","27","0","0","0","Join 4 million+ home cooks who've made weeknight cooking easy. Plan your week, build your shopping list in a tap, and never cook the same thing twice. Apple App of the Day and featured by Apple. Rated 4.5 stars by our community and loved in the press. Mob turns cooking from a daily scramble into the…"
"6760212956","煮理人 - 你的私人菜谱与下厨管家","China","East Asia","28","10","4.59999","10","一日三餐，藏着一个家的幸福。孤身一人，也能盛满生活的烟火气。 「煮理人」不仅是一个工具，更是你的私人美食管家。我们希望帮你把做饭这件日常小事，变得井井有条且充满乐趣。无论你是刚进厨房的新手，还是厨艺精湛的美食家，都能在这里找到专属于你的下厨节奏。 【核心功能】 • 一键极速导入，汇聚全网灵感 看到想吃的菜，丢进收藏夹就吃灰了？只需复制链接，即可智能解析并提取各大平台的菜谱图文。彻底告别繁琐的手动输入，轻松打造你的专属私人美食库。 • 多维标签管理，告别选择困难 极简清爽的卡片式浏览体验。支持通过食材、菜系、卡路里等多维标签进行自定义分类。当你面对“今天吃啥”的世纪难题时，只需指尖轻滑，瞬间锁定…"
"1523175532","iBrewCoffee - Coffee Journal","China","East Asia","29","10","5","10","iBrewCoffee is a coffee app that lets you save roasted coffee beans, record all your brewing recipes, and export print-ready PDF so you can enjoy your coffee journal and share your brewing mastery with your friends. Using the app is simple: 1) save a Product (bag of specialty coffee), 2) record your…"
"6794754834","月芽辅食-宝宝辅食,排敏记录,日历,食物库,饮食,过敏,食谱","China","East Asia","30","2","4.5","2","月芽辅食：专注宝宝辅食记录与食物排敏管理的 App。 记录宝宝每天吃了什么、吃了多少，帮助你轻松管理每一种食物的食用历史和排敏进度，让辅食添加更安心。 主要功能： • 一餐快速记录 记录食物、用量、餐次、备注和照片，几步完成一餐辅食记录。 • 食物排敏管理 自动记录排敏进度，支持查看未尝试、排敏中、已通过和未通过等状态。 • 丰富食物库 按月龄、分类和排敏状态浏览食物，快速找到适合宝宝尝试的新食材。 • 常用搭配 将多种食物保存为常用搭配，一键添加，提高记录效率。 • 日历回顾 按日、周、月查看历史辅食记录，轻松回顾宝宝的饮食情况。 • 排敏统计 汇总宝宝已尝试食物和排敏进度，让成长过程更加清…"
"1280464759","Mixel - Cocktail Recipes","China","East Asia","31","14","4.57143","14","What cocktails can you make right now? Tell Mixel what's in your bar, and instantly see every drink you can mix, from the classic to modern craft cocktails. Whether you're a home bartender, mixology enthusiast, or just hosting friends, Mixel turns your ingredients into perfectly crafted drinks. WHAT…"
"6742053950","食光冰箱-帮助食材收纳临期管理的冰箱管家","China","East Asia","32","149","4.84564","149","《食光冰箱》是一款集食物库存提醒、食谱制作、饮食数据分析的冰箱管理APP。内置独家生成的350+食材图和120+食谱图，用户可建立专属个性化食材/食谱素材库。 在快节奏的当下生活，你是否—— 下班后才发现上周买的青菜已成“僵尸菜” 刚买回来的芝麻酱与隔层中的双胞胎兄弟面面相觑 打开冰箱后总在「做饭or摆烂」的命题前光速认输 别怕，《食光冰箱》拍了拍你，并甩出一份《人类冰箱自救指南》！ 核心功能： 一、冰箱管理 【极速录入】：根据食材模版（350+食材）中预设的保质期及存储方式。 - 支持手动名称搜索+分类筛选一键添加，3秒完成记录。 - 支持拍照识别食材，通过AI自动提取食材详情信息，一键加入…"
"534220544","The Great Coffee App","China","East Asia","33","167","4.12575","167","由具有多年经验的专家级咖啡师提供的基于意式浓咖啡的流行饮品和替代冲泡方法。 - 获得中国应用商店“2013应用商店最佳应用”; - 在30个国家“食物及饮品”大类中是排名第一的付费应用; - 在8个国家是排名第一的付费应用; - 在韩国获得“编辑选择奖”; - 被crateandbarrel.com网站推荐; - 被苹果公司在一个电视广告中推荐。 以横截面图展示饮料、该过程的每一步的影片、有关咖啡的有趣信息、特别创作的音乐和令人印象深刻的图形设计——所有这些将帮助拓展您的视野，并让您了解“咖啡世界”。 通过经历从初学者到专家的阶段，您将会对饮料有全新的了解，或许其中的一种饮料会成为您的最爱！ …"
"911422904","NYT Cooking: Quick Tasty Meals","China","East Asia","34","26","4.96154","26","New York Times Cooking has thousands of quick recipes you’ll love to make, from easy weeknight dinners to holiday showstoppers. Editor-curated collections make it easy to find the right recipe, and helpful videos make them fun and simple to cook. With our digital Recipe Box, you can easily save favo…"
"6753361476","AI菜谱·做饭·菜单: RecipeGenie","China","East Asia","35","0","0","0","打开冰箱却不知道做什么？拍张照片，RecipeGenie 的 AI 立刻识别你的食材，并生成现在就能做的菜谱。 RecipeGenie — 你的AI智能菜谱助手。拍张照片，AI自动识别冰箱里的食材，一键生成专属菜谱！ 不知道今天吃什么？打开RecipeGenie，对着食材拍一拍，几秒钟内获得个性化菜谱推荐。支持家常菜、快手菜、减脂餐、素食、生酮等多种饮食方式，真正实现从食材到餐桌的智能化。 智能膳食计划 + 一键购物清单 + 分步烹饪指导，从买菜到上桌，一个App全搞定。 主要功能 AI拍照识别食材 拿起手机，对准冰箱里的食材拍一张，AI会自动识别所有食材，并立即生成可以烹饪的菜谱列表。无需手…"
"6777471316","mise - meal planner","China","East Asia","36","3","5","3","mise – meal planner Take the stress out of deciding what to eat. mise helps you generate personalised meal plans in seconds based on your dietary preferences, calorie goals, favourite UK supermarkets, budget, and the ingredients you already have at home. Whether you're meal prepping for the week, tr…"
"6771622039","饭点 - 饮食记录与吃什么推荐","China","East Asia","37","4","4","4","饭点是一款帮你减少“今天吃什么”纠结的饮食记录与推荐 App。 你可以用拍照记录一餐，饭点会帮助识别菜品、整理饮食记录，并逐步形成你的个人食库。到了饭点，它会结合时间、位置、天气、过往记录、口味偏好和家中食材，给出更适合当下的推荐。 主要功能： 【拍照记录】 用相机或相册记录每一餐，快速保存菜品、时间、餐次和相关信息。 【今日推荐】 根据你的饮食历史、食库、偏好和当前场景，帮你从多个选择里更快做决定。 【食库管理】 管理自己的菜品、食材和菜谱，让日常记录、选菜和做菜更方便。 【菜谱导入与跟做】 导入小红书视频或图文菜谱，整理食材、用量和烹饪步骤；通过备料检查、步骤配图和烹饪计时，跟着菜谱一步步…"
"6747945628","食记 - AI 美食菜谱管家","China","East Asia","38","40","4.775","40","AI 拍图识菜谱，美味瞬间存为独家秘籍！ 重新定义美食记录与分享，让繁琐变简单，让美味被看见！ 你只需对着菜品拍照上传，AI 立刻精准生成食材、用量和做法，助你高效建立专属电子食谱库。随时随地编辑优化，打造你的独家美味秘籍！ 产品亮点： AI 拍照识菜谱：镜头一扫，配料做法全知道，菜谱记录超轻松！ AI 饮食计划：智能搭配一日三餐，轻松解决“今天吃什么”！ 美食记录：记录每一次美味相遇，打造专属美食成长档案！ 趣味贴纸体验：AI 抠图去背景，制作专属美食贴纸，集邮式贴图体验超有趣！ 液态玻璃享受： iOS26 液态玻璃设计，系统级顺滑操作，沉浸式视觉享受！ 主要功能： -我的菜谱：详细记录配料…"
"1533933692","Secret Menu: 咖啡配方","China","East Asia","39","117","4.63248","117","把厨房变成你最爱的咖啡馆。 看到咖啡馆里色彩缤纷的饮品，你是否好奇它们是用什么做的？Secret Menu: Coffee Recipes 为你带来 600 多种创意饮品配方，让你探索新口味，在家制作喜爱的饮品。 发现下一款心仪饮品 浏览 8 大美味类别： • 搅打饮品 • 饮品 • 茶饮 • 拿铁 • 清爽饮品 • 玛奇朵 • 热巧克力 • 果昔 无论你喜欢浓郁顺滑，还是果香清爽，都能找到适合当下心情的饮品。每份配方都包含原料和简单的分步说明，帮助你在家轻松制作。 用 AI 识别饮品 遇到不认识的饮品？拍张照片，或从照片图库中选择一张。我们的 AI 识别工具可以推荐可能的饮品名称、描述风味、…"
"1618589011","Pick Up Limes","China","East Asia","40","4","5","4","Plan your meals, feel nourished, and eat delicious plant-based food. The Pick Up Limes App brings together nourishing vegan recipes, personalized meal plans, grocery tools, nutrition support, and all your favourite online recipes in one place. Top features • 1800+ plant-based recipes, with new ones …"
"554065086","爱料理","China","East Asia","41","1880","4.76649","1880","美食自己做！超过 300,000 道食谱任你探索，天天都有料理新灵感！ 不论是健康轻食丶家常小菜，还是挑战高难度甜点，爱料理都能帮你轻松上手，享受幸福美味时光。 【特色功能】 ▶ 快速搜寻食谱 输入食材名称或料理关键字，即可快速找到适合的食谱。不论是想探索全新菜式，还是用冰箱剩馀的食材做料理，都能帮你激发创意！ ▶ 图文步骤详解，料理零失败 食谱提供图文详细步骤说明，无论是料理新手还是烹饪高手，都能按照指引一步步完成！ ▶ 个人化收藏清单，随时管理喜好食谱 喜欢的食谱不只可以收藏，还能根据需求建立多个专属清单，例如「减重计划」丶「健康轻食」丶「节日派对菜单」等，方便快速查找。 ▶ 创作并分享私…"
"455221304","网上厨房-家常菜谱美食烘焙教程","China","East Asia","42","4607","4.81289","4607","- 一个能免费查阅图文、视频菜谱的工具； - 一个交流分享厨艺的美食社区； - 成立11年，6000万厨友们共同的选择； 网上厨房是一个专注于教人如何学会做菜的美食菜谱APP，能为千万厨房提供海量美食菜谱，包括家常菜，西餐，烘焙食谱，减肥餐，健身餐，宝宝辅食，孕妇食谱，八大菜系等。 『主要功能』 - 搜索功能：搜菜谱，搜食材，搜课程，搜厨友，帮你快速找到想要的内容； - 分类菜谱：包括一日三餐，时令美食，地方小吃，热门榜单，本周流行，最新菜谱等等，帮你快速发现自己喜爱的内容； - 收藏功能：一键收藏喜欢的内容，登陆账号云端保留永不丢失； - 厨艺课堂：在线手把手教你提升厨艺，互动教学零失败； …"
"315514944","实用家常菜谱大全","China","East Asia","43","8","3.375","8","苹果官方长期首选美食烹饪应用，236万用户下载安装; App店最成功、真实用户口碑传播最佳的菜谱应用; 连续四年多中国店Lifestyle排名第一; 2009年iPhone中国上市苹果官方推荐应用; 2010年App中国店正式推荐应用,付费应用总排名第二; 美国店Lifestyle Top应用; 支持中文简、繁体。 主要功能: 1)含专业大厨制作的526精选菜谱，包括：凉菜、蔬菜、汤煲、主食、水产、猪肉、牛羊肉、鸡鸭鹅肉、甜品与点心、鸡蛋与豆制品；以及5000多私房菜、家常菜、四季养生、鲁菜、川菜、粤菜、湘菜、闽菜、浙菜、苏菜、京菜、沪菜、东北菜、清真菜等类别的菜谱。 2)系统全面的食材列表以…"
"987065303","烘焙小屋-小白学烘焙必备视频食谱大全","China","East Asia","44","55169","4.87979","55169","烘焙小屋，一款专注于提供优质烘焙食谱的手机应用。在这里，你可以轻松地学习掌握各式烘焙技巧，尽情享受自己亲手做烘焙的乐趣。 烘焙小屋采用了温暖的设计风格，让您感受到扑面而来的清新，如午后的阳光，好不惬意。 我们的产品特色： （1）分类详细，想学什么这都有； （2）精品推荐，精品配方每日更新； （3）强大的搜索，随时搜搜搜； （4）浏览记录和收藏，贴心、好用； 快来和小伙伴们一起享受烘焙的乐趣吧！"
"6751501147","卡片食谱 - 收藏食谱，安排三餐","China","East Asia","45","1","5","1","还在为“今天吃什么”“下周吃什么”而烦恼吗？想把收藏的食谱妥善管理，却厌倦了杂乱的备忘录？ 欢迎使用「卡片食谱」——一款集食谱库管理、膳食计划、智能采购与库存管理于一体的厨房生活工具。 从收藏食谱、安排三餐，到准备采购清单和管理家中食材，都可以在一个地方轻松完成。 我们相信，规划饮食不该是一件苦差事。 【一站式膳食规划】 • 随机安排：不知道吃什么？从自己的食谱库中一键安排今天、未来一周或自定义日期的饮食计划。 • 智能匹配：为模板中的菜品位置关联食谱分类，让随机安排更符合你的饮食习惯，并尽量减少同一天的重复。 • 膳食模板：创建你的“健身餐模板”“减脂周模板”，一键复用，告别重复安排。 • …"
"1016450821","VST CoffeeTools PRO for iPhone","China","East Asia","46","1","5","1","PROFESSIONAL COFFEE TOOLS DESIGN SOFTWARE for the BARISTA, SPECIALTY ROASTER, CAFÉ and RESTAURANT OPERATOR and COFFEE & ESPRESSO BEVERAGE EQUIPMENT DESIGNER Based on MoJoToGo – Best New Product SCAA EXPO 2010 VST's UNIVERSAL BREWING CONTROL CHART SOFTWARE For Coffee, Espresso, Cupping and Equipment …"
"1488585822","Brewfather","China","East Asia","47","18","3.77778","18","Powerful and easy to use tool for your brewing needs. Easily create and manage your recipes. Keep track of all the details in your batches and your ingredients inventory. Brewfather is made from the ground up to give you the best recipe design and brewing experience on both desktop and mobile device…"
"6772121421","食谱家 - AI菜谱管理&一周饮食计划","China","East Asia","48","1","1","1","把喜欢的食谱收藏起来，提前安排一周吃什么，自动生成买菜清单，再看看这一周吃得够不够营养。 食谱家，是你的家庭食谱本 + 一周饮食计划 + 智能采购清单 + 营养分析工具。 无论是妈妈的家常菜、自己的减脂餐，还是孩子的辅食配方，都可以整理进属于你的食谱库。 【AI记录食谱】 拍照识别菜谱图片、杂志、菜单或手写食谱，AI自动提取食材、用量和烹饪步骤。 也可以输入菜名，快速生成食谱；现在还支持直接根据手头食材生成菜谱。 【一周饮食计划】 把早餐、午餐、晚餐和加餐提前安排进日历。 把想做的食谱加入计划，提前解决“今天吃什么、明天吃什么”的问题。 【自动生成买菜清单】 根据一周食谱计划自动汇总所需食材和…"
"1157455937","Keto Pro Diet","China","East Asia","49","76","4.52632","76","Embark on a Transformative Keto Journey with Our App! *** Your Ultimate Keto Guide: Curious about the Keto Diet? Explore in-depth insights into Ketosis, different Keto approaches, benefits backed by science, overcoming Keto flu, and more! *** Comprehensive Food Lists: Discover vital lists for your K…"
"1669762026","Baby Led Weaning App","China","East Asia","50","86","4.94186","86","Embark on a seamless Baby-Led Weaning Journey with our app: * Discover Baby-Led Weaning: Navigate the world of solids with confidence. Our app is your comprehensive guide, presenting the latest research findings, nutritional insights and tips for safe, joyful weaning. * 1000+ Foods & Recipes: Indulg…"
"1434244144","iCook: 食谱, 菜单, 膳食计划, 健康食品, 食物","China","East Asia","51","0","0","0","超过1000个适合全家人的健康食谱，智能膳食计划和您的个人AI营养助手——全部集成在一个应用中！ 适合全家人的健康餐点——快速、简单且基于科学。 iCook帮助您轻松保持每日均衡饮食。 由认证营养师开发 由营养专家玛丽亚·卡尔达科娃博士（医学与生物技术博士，英国萨塞克斯大学吉尔福德分校）开发。所有食谱均基于科学原理和家庭实际需求。 25分钟内准备好的健康餐点 快速、美味且营养丰富的早餐、午餐和晚餐创意——不到25分钟即可完成。 AI营养助手 回答您的问题，提供指导并给出个性化建议。 每周膳食计划 轻松规划您的周计划：添加餐点、调整份量、包含零食——用灵活的计划工具养成健康习惯。 营养跟踪 追踪…"
"486811622","Cocktail Flow - Drink Recipes","China","East Asia","52","309","4.76699","309","Cocktail Flow features beautifully presented cocktail recipes with step by step guides and is packed with features you’ll love whether you’re a novice bartender or a professional mixologist. YOUR BAR, YOUR CABINET Mark the cocktail ingredients you have at home in the cabinet page and see what drinks…"
"351660247","VST CoffeeTools for iPhone","China","East Asia","53","6","4","6","PROFESSIONAL COFFEE TOOLS for the BARISTA, SPECIALTY ROASTER and COFFEE BEVERAGE EQUIPMENT DESIGNER Best New Product SCAA EXPO 2010 VST CoffeeTools™ allows professional and home users to quickly compute proper brew formulas using any method of brewing coffee or espresso. Used with a coffee refractom…"
"340368403","レシピはクックパッド -No1節約料理や献立の検索アプリ","Japan","East Asia","1","677593","4.61338","677593","◆クックパッドとは クックパッドは、利用者数 No.1のレシピサービス（iOSアプリ1日あたりのアクティブユーザー数 2024年7月〜9月 Data.ai より）です。料理中も見やすいレシピ、広告も一切なし、食材検索するだけで今日つくるものが決まります。またフォーマットに沿って材料や手順を入力するだけで、自分のレシピを簡単に書けます。 今日つくるものが決まる ・食材や料理名で検索するだけで、今日作りたいレシピが簡単に見つかる ・豊富なレシピ数で、定番からマンネリ解消レシピまで見ることができる 料理中も見やすいレシピ ・レシピにあるピンアイコンを押すと、今日つくりたいレシピをピン留めできる ・主…"
"763377066","食べログ - おいしいお店を見つけて予約できるグルメアプリ","Japan","East Asia","2","684318","4.5349","684318","食べログは掲載店舗数No.1!!* 【2500万ダウンロード突破！】食べログは、空いているお店がすぐに見つかる飲食店アプリです。日本最大級の飲食店データベースから、ランチやディナーはもちろん、ラーメン、寿司、居酒屋、洋食、スイーツ、カフェなど幅広いジャンルのお店を選べます。飲食店探しから予約まで、食べログ1つで完結します。 全国89万件以上の飲食店、9,047万件以上の口コミ、2億4,074万枚以上の写真を無料でチェックできます。料理・雰囲気など気になる情報を比較しながらお店を選べて、会員登録なしですぐ使えます。近くのお店探しや旅先のグルメ検索、人気店のネット予約まで幅広く対応。プレミアム会員…"
"1059134258","クラシル - 毎日の献立に！レシピ動画で料理がおいしく作れる","Japan","East Asia","3","759190","4.57673","759190","レシピプラットホーム『クラシル』 ◆クラシルとは クラシルは、アプリダウンロード数（※1）・平均レビュー評価（※2）・レシピ動画数（※3）のすべてにおいて国内No.1のレシピプラットホームです。2016年2月のサービス開始以降、「くらしを美味しく、あたたかく」をサービスコンセプトに掲げ、管理栄養士監修の「誰でも安全に・おいしい料理を作ることができるレシピ動画」を約50,000件以上提供してまいりました。おかげさまで、国内で最も利用されるレシピプラットフォームへと成長しました。 この度、クラシルはこれまで以上に便利で、楽しい料理体験を提供するプラットフォームへと進化します。 「レシピが見つかる場…"
"1177907423","レシピ動画で料理献立を簡単‪に - デリッシュキッチン","Japan","East Asia","4","507801","4.62123","507801","◆作りたい！が見つかるレシピ動画アプリ ・レシピサービス アプリ+ウェブ利用者数 国内No.1 （※）アプリの月間利用者数300万人以上かつウェブサイトでの国内における月間利用者数2,500万人以上の国内主要レシピサービス3社の月間利用者数（2025/10〜2026/4、スマホアプリ市場分析プラットフォーム「Sensor Tower」及びサイトトラフィックやユーザー行動の分析ツール「Similarweb」における数値）を比較（株式会社エブリー調べ） ・レシピサービス SNSフォロワー数 国内No.1 （※）国内レシピサービス（レシピを検索・保存できるアプリやウェブサービス）のうち、SNSのフォ…"
"973084539","ナディア-プロの料理家のレシピで毎日の献立がすぐ決まる","Japan","East Asia","5","6619","4.40882","6619","プロの料理家によるつくりやすくておいしいレシピが満載！ 月間2000万人が利用するレシピサイトNadiaの公式アプリです。 Nadiaに掲載されているレシピは、プロの料理家が作ったものばかり。 写真がきれいでつくりやすく、レシピ検索で失敗しない、とたくさんの方にご満足いただいています。 時短・簡単・節約レシピから、お弁当や作り置きおかず、おもてなしパーティー料理まで。 さらに、コラムやレシピまとめなど、たくさんのお料理コンテンツを毎日お届けしています。 あらゆるシーンで失敗しない、あなたがつくりたいレシピがきっと見つかります。 さらに、アプリ限定の献立機能が便利！ プロの料理家によるおすすめ献…"
"6744090840","CookGo：食事の計画とレシピの保存","Japan","East Asia","6","9824","4.50234","9824","CookGo(クックゴー)：かんたんレシピ取り込み＆スマート管理 CookPal は CookGo(クックゴー) になりました — あなたのオールインワン・レシピアプリが、新しい名前とデザインで生まれ変わりました。 CookGo(クックゴー) は、どこからでもレシピを保存・整理・調理できる便利なアプリです。Instagram の話題の料理、Facebook のレシピ、または食材の写真など —— CookGo はそれらすべてを、信頼できる栄養情報付きの整理されたレシピに変換します。CookGo があれば、あらゆるプラットフォームの料理インスピレーションが、あなただけのデジタルクックブックになりま…"
"1422992607","レシピ記録・レシピ管理アプリ クックスルー","Japan","East Asia","7","8521","4.59558","8521","\\ 総登録レシピ数2000万件突破!!! // No.1レシピ記録・管理アプリ クックスルーがあれば、あなたが見つけたあらゆるレシピや料理を、簡単にアプリに記録して管理・共有できます。記録したレシピは、材料名で検索したり、自分好みに編集したり、フォルダで整理できたりします。また、買い物リストの自動作成や献立作成もできます。基本的な機能はすべて無料で使えるので、ぜひ一度お試しください。(※) ◆利用者の声◆ ・どんなレシピでも1タップで簡単に記録できるので、とにかく気になったレシピがあればすぐにアプリに保存しています。 ・他のレシピ記録アプリもつかって比較してみたのですが、結局クックスルーが一…"
"1494651925","レシピ記録・献立作成・買い物リスト管理 - レピッタ","Japan","East Asia","8","4517","4.72128","4517","\\ レビュー評価、対応レシピサイト数国内No.1 // （※1） 妻と子のために毎日夕食を作っているパパが頑張って開発しています！ ・anan 2025トレンド大賞に掲載されました！ ・都心で発行されているフリーペーパーPoco'ceの2025年8月号に1ページ使って紹介されました！ 以下の機能を非常に気に入っていただいています。 * あらゆるWebレシピを同じフォーマットで記録できて、絶対になくならない！ * レシピ本の写真をアップするだけで内容を自動的に取り込んでくれる！ * 家族やパートナーと共同管理できる！ * 献立で予定まで管理できる！ * レシピや献立から自動的に買い物リストを作…"
"1123908844","土井善晴の和食 - 旬の献立をレシピ動画で紹介 -","Japan","East Asia","9","5896","4.59583","5896","こんにちは！ 土井善晴です。 知ってはりますか？ 「土井善晴の和食」というアプリがあるんです。 今まで、テレビや雑誌で、家庭料理を伝えてきましたが、加えて、スマホアプリというデバイスで、皆さんに直接繋がることができればと思って、始めたことです。 アプリの良いところは、時間やページに制限がないということで、微妙なニュアンスを伝えるにはうってつけのツールなんです。まあ、論より可視化、見てもらえればわかります。 私が好きなことを好きなだけ話していますから、お料理以外の話も時々出てきます。 それは家庭料理の周辺には、家族がいて、友人がいて、そして何より自分がいるでしょ。周辺にある人や物や暮らし、自然と…"
"6450391858","リュウジのバズレシピ","Japan","East Asia","10","518","3.49035","518","■リュウジのバズレシピの紹介 【カテゴリー・タグ別検索】 レシピをカテゴリー・タグ別に分類し、ワンタップで気になるジャンルのレシピを見ることができます。 【冷蔵庫に残っていた食材使えないかなと思った時の検索機能】 牛肉と玉ねぎが残ってるけど簡単に美味しくご飯が作れないかなと思った時等に材料で検索したり カテゴリー、タグ、料理名からレシピを絞り込んで検索できます。 人気キーワードが20個まで表示されるので人気キーワードをチェックできます。 【レシピをフォルダに保存してお気に入りレシピを作れる】 いつでもレシピをすぐに確認できるようにお気に入りのレシピをフォルダに保存できます。 【レシピ決めルーレ…"
"1612952087","献立記録カレンダー 食事記録&レシピ記録","Japan","East Asia","11","174","4.17241","174","献立記録カレンダーはシンプルに記録できる献立記録アプリです。 簡単に献立を登録できるので献立記録が続きます！ カレンダーから一眼で食事した内容を確認できます。 献立は画像も登録できます。 記録した献立はGoogle Driveにバックアップすることができ、簡単に他の端末に移行ができます。 ・登録方法 記録したい日付をタップ、食事する・した時間帯「朝」「昼」「夜」を選択。 記録したい献立をを新規登録で登録完了。 次回同じ献立を登録する時は下に表示されている登録されている献立からタップで登録できます。 ・自動バックアップシステム アプリ起動時とアプリを閉じた時に自動でバックアップを行い万が一メイン…"
"882395571","TERIYAKI","Japan","East Asia","12","17","2.82353","17","美食を追求する人々による、美味しい料理だけを食べたい人のための、レストランガイド。 本当に美味しいお店が探せるグルメアプリ【TERIYAKI】 ＜TERIYAKIとは＞ 30名のTERIYAKIST（キュレーター）と呼ばれる食の賢人が全国各地のうまい店のみを厳選して掲載しているグルメキュレーションアプリです。 日常的な外食から大事な旅行先、デート、会食、宴会等で、ストレスフリーで後悔のないお店選びが可能となります。 ＜雑誌感覚でアプリを使いこなそう＞ グルメアプリTERIYAKIがあればどこにいても、美味しいお店を探す事が可能。 無料ダウンロード後は本当にうまい店情報の最新情報がご覧になれます…"
"6479693198","Eatr: 食事管理·ダイエット健康レシピ&カロリー記録","Japan","East Asia","13","358","4.35754","358","Eatr へようこそ。初心者から経験豊富なシェフまで、あらゆる人のための理想的な料理パートナーです。 このアプリは、あなた専用にカスタマイズされた“食の冒険”へと導くために設計されています。時間がないときも、ゆっくり料理を楽しみたいときも、Eatr が支えます。 キッチンの時間管理 調理時間を選ぶだけで、Eatr がメニューを自動設計。15分で作れるクイックメニューから、1時間以内のしっかりした食事まで、忙しい日々でも時短レシピで無理なく続けられます。 毎日にインスピレーションを 食欲をそそる数千のレシピを収録。Eatr が毎日新しいアイデアを届け、次の食事に困りません。 スキルに合わせた成長…"
"1568122827","The Doctor’s Kitchen","Japan","East Asia","14","0","0","0","Take the hassle out of cooking healthy, balanced meals and discover 1000s of doctor-approved, simple delicious, recipes to cook at home. Plan meals with tailored recipe recommendations, personalised to your dietary and health needs. Search high protein meals, freezable recipes and many more categori…"
"6547843291","ファビオ飯 -イタリア料理人の世界-","Japan","East Asia","15","513","4.61988","513","YouTubeで大人気のファビオシェフのエッセンスが凝縮されたアプリが完成しました！ 【アプリの主な機能】 ＜無料・プレミアム（有料）会員共通＞ ■ホーム おすすめ、特集などの様々な最新レシピを紹介しています。 ■探す 多数レシピの中から気になるカテゴリを探すことができます。 ■お知らせ プッシュ通知のメッセージを表示します。 ■その他 ファビオへの質問や最新レシピ本の案内を確認できます。 レシピの疑問やご要望があれば質問箱からご連絡ください。 ＜プレミアム（有料）会員＞ ■限定レシピ アプリのための特別な限定レシピを公開。特別な料理をお楽しみください。 ■フリーワード検索 自由にレシピを探す…"
"1164423781","Gronda: Recipes for Chefs","Japan","East Asia","16","137","4.56203","137","** Apple’s App of the Day in 120+ Countries ** ** Used by 2M+ Chefs Worldwide ** ""Unlimited amount of inspiration"" — Netflix Superstar Ana Roš Gronda is the #1 app for professional and home chefs. Learn from the world’s best, fine dining recipes, and connect with a global community of culinary exper…"
"1663446718","レピモ｜レシピ管理・献立表＆買い物リスト","Japan","East Asia","17","1236","4.69578","1236","レシピ解析・献立表・買い物リストをまとめて管理。 AIによるレシピ自動抽出で、URLや写真から材料や手順を登録できます。 毎日の「今日なに作ろう？」を、スマート献立機能で手軽に解決します。 料理レシピの保存から献立計画、買い物リストの自動作成まで対応。 家族やパートナーとリアルタイムで共有できるから、準備や買い物もスムーズに。 【主な機能】 ■ レシピ記録と保存 料理サイトや手書きレシピ、写真など、さまざまな形式のレシピを保存可能。 AI解析でレシピサイトから自動でレシピを抽出することもできます。 ■ 献立表の作成と管理 カレンダー形式で献立を一覧表示。 過去の献立を簡単に振り返ることができ、…"
"974683711","Recipe Keeper","Japan","East Asia","18","319","4.53918","319","Recipe Keeperは、すべてのデバイスで利用できる、使いやすいオールインワンのレシピオーガナイザー、買い物リスト、食事プランナーです。 レシピをすばやく簡単に追加 必要な情報をできるだけ多くまたは少なくしてレシピを入力します。既存のドキュメントまたはアプリからレシピをコピーして貼り付けます。食事の種類とカテゴリでレシピを分類します。写真を追加し、レシピを評価し、お気に入りにフラグを付けます。 ウェブサイトからレシピをインポートする Webでレシピを検索し、コレクションに直接追加します。何百もの人気のレシピウェブサイトがサポートされています。インポートしたレシピをニーズに合わせてカスタマ…"
"1179723744","レシパル - 毎日のレシピ記録・献立作成ができるレシピ帳","Japan","East Asia","19","4115","4.50498","4115","大切なレシピを集めて、いつまでも使える自分だけのレシピ帳に。自分の料理もWebレシピも、フォルダやタグで分かりやすく整理。献立やごはん日記と一緒に、毎日の料理の記録を残せます。 レシパルは2017年のリリース以来、毎日の料理に寄り添うレシピ帳として改善を重ねてきました。これからも、大切なレシピや料理の記録を安心して残し、長く使い続けられるアプリを目指していきます。 ＼ こんな方におすすめ ／ ・自分で考えたレシピや家庭の味を残したい ・料理の覚え書きやアレンジをメモしたい ・Webや料理アプリで見つけたレシピをまとめたい ・ブックマークが増えて、作りたいレシピが見つからない ・レシピをフォルダ…"
"6760982647","こどもレシピ - 離乳食・幼児食の献立サポート","Japan","East Asia","20","11","4.81818","11","離乳食の不安も、好き嫌いの悩みも。 お子さまの「いま」にぴったりの安心ごはんを。 『こどもレシピ』は、0歳〜5歳のお子さまを持つママ・パパのための食サポートアプリです。 単にレシピを調べるだけでなく、月齢や発育に応じた「今日のごはん」の提案から「苦手な食材の克服」まで、日々の離乳食・幼児食づくりをトータルでサポートします。 ------ ■ この子の「いま」にぴったりの提案 月齢や好き嫌い・アレルギーを分析し、子どもにぴったりなレシピをおすすめ。 毎日レシピを探す負担を減らします。 ■ 1週間の献立をおまかせ 1週間分の献立をワンタップで作成。 「今日なに作ろう？」の悩みから解放されます。 ■…"
"1021499133","E・レシピ ‐ プロの献立レシピを毎日お届け","Japan","East Asia","21","6115","4.43614","6115","＜毎日の献立作りを強力サポート！＞ 旬の食材を使った献立レシピを毎日提案。 副菜/主菜ごとの検索で「あと一品」がすぐ決まる。 「E・レシピ」のアプリがあれば、もう献立に悩みません。 ■""おいしさ""で選ぶなら「E・レシピ（いーれしぴ）」 おいしそうな料理は、プロが手がけた""味""の確かなものばかり。 「おいしいって喜ばれる料理を作りたい！」 そんなあなたにぴったりの料理や献立のレシピが見つかります。 ■Ｅ・レシピの特徴（全て無料） - 全てプロ考案の""おいしい""レシピ - 献立のレシピを365日、毎日提案 - 過去の献立（約5,500件）が見放題！ - ウィークデーのお弁当献立を毎週提案 - すべ…"
"6801675747","レシピスクラップ-インスタのレシピ保存・取り込み","Japan","East Asia","22","0","0","0","いいレシピを見つけて保存したのに、あとから探せない。 レシピスクラップは、その「あのレシピ、どこだっけ」を終わらせるアプリです。 InstagramやTikTok、レシピサイトで見つけた投稿を、共有ボタンから送るだけ。長い前置きや宣伝文を取り除いて、材料と手順だけが決まった形で手元に残ります。 ■ 共有ボタンから、そのまま保存 気になる投稿を開いて共有ボタンを押し、「レシピスクラップ」を選ぶだけ。アプリを開かなくても取り込みが始まります。URLを貼り付けての取り込みもできます。 ■ 材料と手順だけを抜き出す 「今日は寒いので温かいものを作りました」から始まる長い前置きも、他の投稿の宣伝も、関係…"
"6584513153","Tipsy: カクテルレシピ","Japan","East Asia","23","29","4.41378","29","自宅で作りたいカクテルをTipsyで見つけましょう。分量と手順がわかるレシピ、お気に入りの保存、ホームバーの管理をひとつのアプリで。 手持ちの材料から探す Tipsy+の材料検索では、持っている材料を選ぶだけで作れるカクテルを探せます。あと1つ材料があれば作れるレシピも確認できるので、次にバーへ加える材料を考えるときにも役立ちます。 分量と手順を確認しながら作る モヒートやネグローニ、ハイボールなど、カクテルの材料、分量、作り方を掲載。名前で検索したり、ベースのお酒や味わい、スタイルで絞り込んだりできます。人数に合わせて分量を調整し、oz・ml・cl・比率の表示を切り替えられます。一部の定番カ…"
"1009261129","月刊専門料理","Japan","East Asia","24","4","2.25","4","日本料理、イタリア料理、フランス料理、中国料理、デザート、その他各国料理の技術と情報を満載。近年、関心が高まっている素材の動向、食材生産地の現状もフォローします。「専門性の高さ」をキーワードに一流の調理技術を惜しみなく解説。 ◎出版物のタイトル: 月刊専門料理 ◎発行間隔：毎月 ◎定期購読の価格と期間 1ヶ月 1,400円 2ヶ月 2,800円 3ヶ月 4,200円 6ヶ月 8,400円 1年 16,800円 ◎課金について 定期購読料金はiTunes アカウントにて行われます。 ◎定期購読の自動更新について 定期購読期間終了の24時間以上前に自動更新を解除しない限り、自動更新されます。 ◎自…"
"1243266157","タニタ社員食堂レシピ","Japan","East Asia","25","58","2.3793","58","◆「タニタ社員食堂レシピ」って？ 野菜をたっぷり使って、1定食あたりのカロリーを500kcal前後、塩分を3g以下に抑えながら、おいしく食べ応えのある、タニタの社員食堂のレシピコンセプトに基づいたレシピを掲載しております。ぜひダイエットや、子どもの食育など、家族の健康づくりにお役立てください！ 定食形式のヘルシーレシピで、栄養バランスばっちり！もう献立に迷いません。 ※一部のレシピを無料公開中！ ※すべてのレシピの閲覧、コンテンツ利用には月額200円（税込）がかかります。 ◆「タニタ社員食堂レシピ」のおすすめ機能 ・食材検索だけでなくカロリー検索なども可能！ ・栄養グラフで5大栄養素などの情報…"
"1593779280","料理レシピ記録・献立カレンダー・買い物リスト: ReciMe","Japan","East Asia","26","82","4.45122","82","The number 1 recipe organizer. ReciMe saves all your favorite recipes in one place, including Instagram, Facebook, TikTok, YouTube and Pinterest. Create grocery lists and meal plans. Calculate calories for every recipe. However you cook, ReciMe helps you do it, better. FEATURES - Save Recipes from I…"
"6798665290","C-Cook:ノンフライヤーの温度・時間設定管理アプリ","Japan","East Asia","27","8","3.875","8","ノンフライヤー調理の「温度と時間」に特化した専用アプリ 「鶏の唐揚げ、何度で何分だっけ？」 もう迷いません。C-Cookがすべて記録・管理します。 【こんな方におすすめ】 ・ノンフライヤーを買ったけど、温度と時間がわからない ・毎回ネットで調べるのが面倒 ・オーブンのレシピをノンフライヤーで作りたい ・自分なりのベスト設定を記録して残したい ・何をよく作っているか振り返りたい 【主な機能】 ▼ すぐ使える50種のプリセット 唐揚げ、フライドポテト、焼き鮭、ハンバーグ… よく作るメニューの温度・時間設定がすでに登録済み。 インストールしてすぐに使えます。 ▼ オーブン → ノンフライヤー 温度・…"
"1303222868","Paprika レシピ・マネージャー３","Japan","East Asia","28","60","4.75","60","レシピを整理したり、買い物リストを作成したり、食事を計画しましょう。お気に入りのウェブサイトからレシピをダウンロードしてください。すべてのデバイスにシームレスに同期します。 特徴 •レシピ - お気に入りのウェブサイトからレシピをダウンロードしたり、独自のレシピを追加。 •買い物リスト - 食材を自動的に組み合わせて、通路ごとに並べ替えるスマートな買い物リストを作成する。 •パントリー - パントリーを使用して、在庫にある食料品と有効期限を記録して追跡。 •食事プランナー - 毎日、毎週、または毎月のカレンダーを使用して食事を計画。 •メニュー - お気に入りの食事プランを再利用可能メニューと…"
"1575726528","Cuisinez pour bébé","Japan","East Asia","29","0","0","0","Recevez chaque semaine un nouveau menu pour faire le plein de découvertes culinaires avec votre bébé ! Dans cette application, il y a 2000 recettes pour bébé : - Des purées, - Des goûters, - Des desserts, - Des finger food, - Des batch cooking, - Et des recettes à partager en famille ! Quelle que so…"
"6758827606","ホットクックレシピ - シャープヘルシオのレシピを検索保存","Japan","East Asia","30","2","5","2","【ホットクック ヘルシオ シャープ レシピ 番号】は、ホットクック・ヘルシオ・シャープの全レシピを検索・管理できるアプリです。レシピ番号から簡単に検索でき、豊富な絞り込み機能でお好みのレシピを見つけられます。 ■ レシピ番号で簡単検索 レシピ番号を入力するだけで、該当するレシピをすぐに見つけられます。番号がわかれば、すぐにレシピの詳細を確認できます。 ■ 豊富な絞り込み検索 ・調理時間で絞り込み（10分、20分、30分など） ・予約調理の有無で絞り込み ・含む食材・除外食材で絞り込み ・カテゴリ・ジャンルで絞り込み ・型番別にレシピを表示 複数の条件を組み合わせて、お好みのレシピを簡単に見つけ…"
"959638683","Anova Culinary","Japan","East Asia","31","525","4.30476","525","The Anova family of precision cookers allows everyone to cook like a pro! Paired with the Anova Culinary app, now perfectly cooked restaurant quality meals are as easy as the touch of a button. Browse the largest collection of sous vide recipes by Michelin star chefs and home cooks just like you. Th…"
"6779303849","Disha: 節約献立と自炊・食費管理","Japan","East Asia","32","1","1","1","Dishaは、あなたの予算・いつものスーパー・好みに合わせて、1週間の献立をまるごと組み立てます。ほんの数秒で。悩む時間も、迷いもありません。 1週間の予算、よく行くお店、食べ方の好みを教えてください。Dishaがすぐに7日分の献立を作成します。売り場ごとに並んだ買い物リストも付いてくるので、同じ売り場を何度も往復する必要はもうありません。 ■ ポケットの中の「節約シェフ」 • 1週間分の献立が数秒で完成 • 予算内にしっかり収まる — 買い物前に概算金額を確認できます • 食材を複数の料理で賢く使い回し、食品ロスを削減 • 写真・調理時間・手順付きの、実際に作れるレシピ ■ いつものスーパー…"
"6477910930","妊娠中の食事：食品とレシピ","Japan","East Asia","33","0","0","0","妊娠中の食事、毎回こんなふうに悩んでいませんか？ 「これって妊娠中に食べても大丈夫？」 Pregnancy Diet は、そんな不安を少しでも減らすために作られた妊娠期向けフードガイドアプリです。 どの食べ物が安全か、どれは控えめにすべきか、何に気をつけるべきかを、わかりやすくチェックできます。さらに、妊娠中でも安心して食べられるレシピや食事プランもまとめてサポートします。 主な機能 ■ 「これは食べても安全？」食品チェック ・食べ物の名前を検索するだけで、妊娠中に安全かどうかをすばやく確認できます。 ・「安全」「控えめに」「避けたほうがよい」といった目安が一目でわかります。 ・毎回インターネ…"
"1536873201","meek - 献立表・カレンダー","Japan","East Asia","34","9217","4.55267","9217","超シンプルな献立メモアプリです。 自分が作ることができる料理・こんだてを登録してデータで残すことで、 悩む事なく無理のない範囲で献立を設定することができるようになります。 一度入力してしまうと次からは一覧から選んで１タップするだけで献立に組み込めます。 さらに料理やレシピの写真、メモ、URL、カテゴリ等々を登録しておくと簡単に参照可能！ 夕食だけの献立記録にも対応しています！ ネットで献立を検索しても実際に作るのがめんどくさい・・ レシピが難しい等々・・・ 「自分が作れる料理・レシピで献立を立てるのが楽」という方におすすめです！ 「あの料理忘れてた！」というようなことがなくなります。 また、一…"
"6795023578","献立ノート - 買い物リスト自動作成","Japan","East Asia","35","0","0","0","「今日なに作ろう？」を毎日考えるのは大変。 献立ノートは、いつも作る料理を登録しておくだけで、献立決めと買い物をまるごとラクにするアプリです。 ■ こんな方に ・毎日の献立を考えるのがしんどい ・買い物でいつも何か買い忘れる ・作った料理を記録して増やしていきたい ・家族に今日のごはんを共有したい ■ 主な機能 【献立の登録】 料理名・調理時間・材料・作り方を登録できます。写真は料理そのものにも、手順ごとにも付けられます。何人前のレシピかを決めておけば、あとで人数に合わせて材料が自動計算されます。 【カレンダーで献立を計画】 登録した料理を、カレンダーに置くだけで献立が決まります。朝・昼・晩の…"
"815476114","食べメモ","Japan","East Asia","36","129","3.42636","129","◇◇◇◇◇◇◇◇◇◇◇◇◇◇◇◇◇◇◇◇◇◇◇◇ フードカテゴリ「トップセールス4位」獲得！ アプリ紹介サイトAppBankにレビューを掲載して頂きました！ 週刊アスキーiPhonePLUS「開発者アプリランキング5位」ランクイン、ありがとうございます。 要望の多かった地図機能を追加しました！ ◇◇◇◇◇◇◇◇◇◇◇◇◇◇◇◇◇◇◇◇◇◇◇◇ あなたによる”あなたのため”の評価が出来る、お店・食事の記録管理アプリです。 食べ歩きが多いグルメなあなたへ。 他人の基準に左右されない、あなた自身の評価基準で点数を付けて記録してみて下さい。 ＜たくさんのレポートから簡単に検索＞ ・「今日は点数が高いお…"
"6478274112","ホットクックレシピ集 - 献立・買い物リスト・時短料理","Japan","East Asia","37","139","4.40287","139","【HotcookRecipes - ホットクック専用レシピアプリ】 シャープのホットクック水なし自動調理鍋専用の無料レシピアプリです。豊富なレシピデータベースから、あなたの料理を劇的に簡素化します。 ■ 主な機能 ◆ 豊富なレシピ検索・閲覧 ・カテゴリ別検索でお探しのレシピをすぐに発見 ・材料名からレシピを検索 ・調理時間やカロリー情報も詳しく表示 ・ホットクック専用のレシピを厳選 ◆ お気に入り機能 ・レシピに5段階の星評価を付けて管理 ・評価の高いレシピから簡単にアクセス ・自分好みのレシピコレクションを作成 ◆ 履歴機能 ・閲覧したレシピを自動で履歴として保存 ・過去に見たレシピに素早く…"
"911422904","NYT Cooking: Quick Tasty Meals","Japan","East Asia","38","381","4.76115","381","New York Times Cooking has thousands of quick recipes you’ll love to make, from easy weeknight dinners to holiday showstoppers. Editor-curated collections make it easy to find the right recipe, and helpful videos make them fun and simple to cook. With our digital Recipe Box, you can easily save favo…"
"312101965","Epicurious","Japan","East Asia","39","66","4.87879","66","Cook smarter with 50,000+ tested recipes from Epicurious, Bon Appétit, and more. Find easy dinners, healthy meals, and expert cooking guidance - all in one app. Subscribe to the Epicurious in the app, or if you’re already a subscriber, log in for unlimited access to recipes and so much more. THE EPI…"
"6790577470","カクテルレシピ・図鑑 VIBRA","Japan","East Asia","40","2","4","2","バーカートに置きたくなる、カクテルの図鑑。 VIBRA Cocktailsは、2,500枚以上のカクテル画像とレシピを収録した図鑑です。すべての一杯に、分量、手順、そのカクテルにまつわる小話を掲載しています。 ■ カクテルもモクテルも 主要なベーススピリッツに加え、アルコール0%のモクテルを12種収録。専用の「モクテル」カテゴリから、気分に合うノンアルコールの一杯をすぐ探せます。 ■ マイバー — 手持ちの棚から探せる 棚にある素材を選ぶだけで、いま作れるカクテルを自動判定。「あとひとつで作れる」一杯もわかるので、次に買うボトルに迷いません。 ■ 目的の一杯がすぐ見つかる ベース・テイスト・強…"
"1505065609","Love, Manuela","Japan","East Asia","41","4","3.25","4","Love, Manuela is a baking app created by Norwegian baker Manuela Kjeilen, known as @passionforbaking. For more than a decade, Manuela has shared her love of baking with people around the world. She has published nine baking books, hosted her own baking show on TV in Sweden, and inspires more than 1.…"
"582563892","KATSUYOレシピ ～小林カツ代の家庭料理～","Japan","East Asia","42","5","3.6","5","『KATSUYOレシピ』では、「家庭料理」のレシピを通じてたくさんの笑顔を約50年に渡ってお届けしてきた、『料理研究家・小林カツ代』の直伝レシピ6000点以上を公開！ 結婚するまで料理をしたことがなかった小林カツ代が、働く女性として、子育てをする母として、日々の生活から生み出されたアイデアや知恵を余すことなくお届けします。 このアプリを使って、ぜひあなたも「プロの家庭料理」を堪能＆マスターしてください！ 【『KATSUYOレシピ』の魅力】 ◎魅力1：厳選！「プロ」の家庭料理！ ご紹介するレシピは、家庭料理45年、カツ代の集大成ともいえる厳選お料理！お手軽カンタンにして「プロ」ならではのヒケツや…"
"1636414129","料理ノート - 献立・レシピの記録や料理日記に","Japan","East Asia","43","1158","4.68135","1158","◆記録数50万件突破！◆ 毎日の料理、献立、レシピの記録に！ ■かんたん記録 写真、料理名、材料、URL、メモなど好きな項目を入力するだけ。全部を入力する必要はありません。 材料や分量の入力補助も充実していてサクサク記録できます。 ■カレンダー 毎日の料理・献立をカレンダーに残せます。献立管理や料理日記におすすめです。 ■材料・カテゴリでまとまる 同じ材料やカテゴリの料理が自動でまとまります。レパートリー管理にも最適です。 ■選べる表示モード 写真を綺麗にまとめたい人も、写真は撮らずにテキストだけ記録したい人も自分にあったスタイルを選べます。 ■プレミアムプラン ・月間プラン¥280 / 年間…"
"6756592070","キッチンコスト - レシピ原価計算アプリ","Japan","East Asia","44","19","4.05263","19","Excelなしで、利益が一目でわかる原価計算。 毎日電卓を叩いて、材料費を計算していませんか？ なんとなくの値付けで、月末になると利益が残らない…そんな経験、ありませんか？ 妻がカフェで新メニューのたびに30分も原価計算しているのを見て作りました。 その時間を、計算ではなく料理に使えるようになります。 材料を一度登録すれば、キッチンコストがレシピ原価、原価率、粗利率、適正販売価格を自動で算出します。 ▶ すばやく原価計算 材料を一度登録すれば、計算は自動。 1食あたりの原価、合計原価、材料別の内訳まで一目で確認できます。 ▶ 原価率に合わせた価格設定 「原価率30%で売るにはいくら？」 目標の…"
"1627509950","ごはんメモ - 食事日記/ごはん記録/ごはん日記/食べ物記録","Japan","East Asia","45","245","3.94694","245","◆ごはんカレンダー ・日々の食事を写真でカレンダーに記録！ ・眺めるだけで『いつ』『何を』食べたか分かります！ ◆外食マップ ・外食記録に使えます！ ・眺めるだけで『どこ』で、『何を』食べたか分かります！ ◆記録を写真一覧で表示 ・これまでの記録を一度に見返せます！ ・カレンダーでは見えにくい記録全体を見返すことができます！ ◆シンプルで続けやすい ・アプリ内からカメラを起動して、そのまま記録することが可能です！ ・ライブラリから写真を選んで、メモ、日時、ジャンルを選んで記録できます！ ・昔の写真も記録できます！ ・『朝ごはん』、『昼ごはん』、『夜ごはん』、『おやつ』、『飲み物』のジャンルに分…"
"6740056091","レシピ管理 - Recipe Bro","Japan","East Asia","46","10","4","10","クックパッドやクラシルでレシピを探すのはもう終わり！RecipeBroがあれば、あなたのキッチンがもっと楽しくなります。レシピのインポート、整理、新しい発見まで、すべてが美しくデザインされたアプリで完結します。 RecipeBroを選ぶ理由： レシピを簡単インポート: お気に入りのウェブサイト、ブログ、スクリーンショットから、レシピを瞬時にインポート。材料、手順、写真があっという間にRecipeBroに保存されます。 整理整頓も楽々: ブックマークやメモがあちこちに散らばる心配はもうありません。レシピをコレクションにまとめたり、タグを付けたり、必要な時にすぐ検索できます。 美味しいレシピを発見…"
"6759263991","ハンドドリップ抽出タイマー・コーヒー日記：Gota","Japan","East Asia","47","9","4.88889","9","毎日のコーヒーを、もう一段階おいしく。 ハンドドリップを楽しむすべての人へ。ステップ式タイマー、レシピ、抽出記録をひとつのアプリに。 ■ 93種類の抽出方法、1,000を超えるレシピ V60、エアロプレス、ケメックス、カリタウェーブ、オリガミ、オレア、フレンチプレス、モカポット、コールドブリュー、サイフォンなど、主要な抽出器具に対応。バリスタやワールド・ブリュワーズ・カップのファイナリストによるレシピを、分量、水量、比率、挽き目、温度、タイマー付きの注ぎ手順まで収録しています。 ■ ステップ式抽出タイマー レシピを選ぶと、タイマーが各ステップを自動で進めます。蒸らし、注ぎ、待ち、スワール — …"
"6742833068","クリップレシピ｜お気に入りレシピ保存・管理","Japan","East Asia","48","124","4.41934","124","レシピを簡単に保存・管理できるアプリ 「クリップレシピ」 で、毎日の料理をもっとスムーズに！ お気に入りのレシピサイトのURL、画像、写真撮影から、材料や手順を自動取得。 手動でもレシピを追加でき、オフラインでも快適に閲覧可能！ カテゴリーやキーワード検索で、探したいレシピもすぐに見つかります。 主な機能： ・ レシピの自動取得：URL、画像から材料や手順を自動保存！ ・ オフライン対応：電波がなくても手順や材料が閲覧可能！ ・ フィルター検索：「カテゴリー」「フリーワード」「お気に入り」で整理 ・ 手動入力OK：紙のレシピやオリジナルレシピも自由に登録！ ・ レシピの編集・削除：不要なレシピ…"
"1173750584","レシピを検索し管理するREPICI","Japan","East Asia","49","2432","4.31661","2432","「きょうの献立、すぐ決まる。」 REPICI(レピシ) は、レシピサイトやレシピ本、オリジナルレシピなどあらゆるレシピを検索・管理することができるレシピ検索・管理アプリです。 煩わしい会員登録が不要で、無料で以下の機能がご利用いただけます。 主な機能 -------------------------------------------------------- ■ 今日作るレシピだけを登録して、一覧表示できる「今日つく」 お気に入りに追加することなく、今日作るレシピだけを登録して、一覧表示できます。そのままカレンダーで過去に遡ることも可能なので、いつどんな献立だったかを後から確認することも可…"
"6758575846","ぽけっとコレクション - 日本酒を飾る","Japan","East Asia","50","8","4.25","8","呑んだ日本酒を、あなたの棚に。 写真からラベルを切り出すだけで、 3Dボトルと一緒に記録を残せます。 集めるほど、自分の好みが見えてくる。 呑んだ一本が、あなたの棚に少しずつ増えていく感覚を楽しめます。 【できること】 ・写真からラベルを切り出して保存 ・ラベル付きの3Dボトルを眺める ・棚に並べてコレクション ・評価、日付、メモ、味わいを記録 ・統計から自分の傾向を振り返る ・都道府県や評価、種類などから記録を分析 ・みんなの登録傾向や人気ランキングを確認 ・記録した日本酒をAIで詳しく分析 AI分析では、日本酒の概要、味わいの傾向、おすすめの飲み方、合わせやすい料理などを確認できます。 ※…"
"6752840319","マグネットレシピ | あらゆるレシピを保存する","Japan","East Asia","51","2","5","2","マグネットレシピは、気になるレシピを簡単に保存できる便利なレシピ管理アプリです。レシピサイトはもちろん、動画サイトやSNS、写真からもAI解析でレシピを取り込み、あなただけのレシピ帳をつくることができます。 ◆こんな方におすすめ ・料理サイトやSNSで見つけたレシピを同じフォーマットで保存したい ・YouTubeやTikTokなどのレシピ動画を保存したい ・レシピ本や雑誌の写真からレシピを保存したい ・料理中もハンズフリーでレシピを確認したい ・献立にあわせた買い物リストを作って効率よくお買い物したい ◆主な機能 ・AI解析により、ほぼすべてのサイト・画像・テキストからレシピを保存できます ・…"
"6739286231","Osta: Save & Share Recipes","Japan","East Asia","52","35","4.77142","35","With Osta, you can save & import recipes from Instagram, websites, and TikTok. Organize and cook your favorite recipes in your own personalized recipe box. All your recipes in one place. • Import recipes instantly from Instagram, TikTok, or a website. • Cook using a simple recipe display with no clu…"
"6773163235","レシピポケット レシピ管理＆翻訳","Japan","East Asia","53","7","4.42856","7","日本初！翻訳できるレシピアプリ！ 海外のレシピサイトや外国語のレシピを、日本語に翻訳して読める。それが「レシピポケット」です。気になった世界中のレシピを、言葉の壁を気にせず、自分のレシピ帳にためていけます。 ■ 海外レシピも、日本語で読める（翻訳機能） 英語・フランス語・イタリア語・中国語・韓国語など、外国語のレシピをアプリ内で日本語に翻訳して表示します。翻訳した内容はそのまま保存でき、材料や手順を自分の使いやすいように書き換えてカスタマイズすることも可能です。翻訳は無料で15回までお試しいただけます（以後はレシピポケット Plus）。海外サイトで見つけた憧れのレシピが、あなたのキッチンで作れ…"
"6752536517","コーヒー記録アプリの決定版 - CoffeePad","Japan","East Asia","54","8","4.75","8","自宅で淹れた一杯も、カフェで出会った一杯も。すべてのコーヒー体験を記録できる、シンプルで美しい、コーヒー好きのためのアプリです。 【機能】 ・テイスティングノートで味わいの記録 - 写真・評価・メモを残して、飲み比べをサポート ・コーヒー豆をコレクション管理 - 産地・焙煎度・精製方法・フレーバーを登録 - カラータグで整理、写真付きで確認可能 ・抽出メソッドをステップごとに保存 - お湯の量・時間・温度を細かく設定 - タイマー付きで再現性の高い抽出が可能 ・レシピをQRコード/リンクで共有 - お気に入りの淹れ方を友達にシェア - 有名なレシピを取り込んで試せる ・近くのカフェをマップで探…"
"6779061380","BrewLab","Japan","East Asia","55","0","0","0","コーヒーを、科学する。 BrewLabは、学術論文に基づいたアルゴリズムで、あなたのコーヒー豆に最適なレシピを生成するアプリです。勘や経験に頼らず、科学的な根拠から「なぜこの湯温・粉量・注ぎ方が良いのか」を提示します。 ■ AIパッケージ解析 コーヒー豆のパッケージを撮影するだけで、産地・焙煎度・精製方法を自動認識。豆の写真でさらに精度を高めます。 ■ Elegance Protocol 24本の抽出論文を統合した独自アルゴリズム「Elegance Protocol」が、湯温・粉量・湯量・注ぎ回数・蒸らし時間を計算します。さらにBalance（バランス重視）、Light Touch（明るい酸味…"
"6773660762","AI予算献立","Japan","East Asia","56","0","0","0","「食費を減らしたいけど、毎日の献立を考えるのが大変…」 そんな方のために作りました。 予算を入力するだけで、AIが予算内に収まる献立を提案。食材の無駄買いを防いで、自然と食費が節約できる仕組みです。 ■ こんな方におすすめ ・食費を節約したいけど何から始めればいいかわからない ・毎日の献立を考えるのが面倒 ・スーパーで余計なものを買いすぎてしまう ・家族の好みを考えながら献立を考えるのが大変 ■ 主な機能 【予算内に収まる献立生成】 ・週の食費予算を設定するだけ ・1〜7日分の献立をAIが自動作成 ・予算をオーバーしない食材選び ・家族構成・好み・アレルギーを考慮 ・和食・洋食・タンパク質重視…"
"6747713807","レシピ保存・管理 - レシピポケット","Japan","East Asia","57","17","4.23529","17","———————— 「あの美味しいレシピ、どこに保存したっけ？」 「他のアプリでいきなり保存数上限が来た...(T_T)」 そんなお悩み、「レシピポケット」が解決します！ Webサイト、SNS、動画、そしてお手元の料理本まで。 あらゆるレシピを【無制限】でまとめて管理できる、最強のレシピ記録アプリです 料理好きだけどズボラな妻のために作った、 余計な機能を削った、超シンプルなレシピ保存アプリです ++++++++++++++++++++++++++++++++ 【レシピポケットのここが凄い】 ◆レシピ保存数は「無制限」 何件登録してもOK！ 作りたい料理、気に入った料理をまとめて管理。 他のアプ…"
"1143941420","GuildSomm","Japan","East Asia","58","0","0","0","The GuildSomm Compendium at your fingertips, whenever you need it! The GuildSomm App provides offline access to the full resources of the GuildSomm Compendium. Perfect for studying during your commute or quickly looking up a fact during service. The database includes regional wine and appellation la…"
"1059211083","Recipe Keeper Box - OrganizEat","Japan","East Asia","59","17","4.70587","17","Streamline your cooking experience with OrganizEat Recipe Keeper. Our all-in-one app is your ultimate recipe organizer, cookbook, and keeper box, packed with features to simplify your culinary journey. Your All-in-One Recipe Organizer, Cookbook, and Keeper Box. No Typing! Snap Photos, Import, Tag, a…"
"6740173342","レシピ保存・管理・記録・メモアプリなら -レピレピ","Japan","East Asia","60","282","4.33688","282","レシピ保存の場所に困る！ 完全無料で気軽に使いたい！ カテゴリーや食材で整理したい！ 1.タップするだけ！ URL登録で簡単にレシピ保存！ 2. タグで検索もラクラク！ カテゴリーや食材タグで一瞬で検索！ 3. 完全無料＆ユーザー登録不要！ スマホ内でデータ管理、安心＆手軽！ -私たちのこだわり- 「レシピどこだっけ？」を解決！ シンプルUIで、料理時間をもっと楽しく！ 「レピレピ」で快適な料理ライフを！ 【規約類・プライバシーポリシー】 ・AppStore 公式利用規約 https://www.apple.com/legal/internet-services/itunes/dev/stde…"
"6483363226","Cookle - レシピ","Japan","East Asia","61","1","5","1","お気に入りのレシピと、毎日の「作った」をひとつに。 Cookleは、レシピを集めて、料理を楽しみ、食事の思い出を残すアプリです。気になる一品を保存するところから、台所で手順を確かめて、今日の食事を記録するところまで。いつもの料理に寄り添います。 自分だけのレシピ帳を 材料や分量、作り方、写真、メモをまとめて保存。まずは料理名だけ登録して、あとから詳しく書き足すこともできます。iOS 26以降では、テキスト・写真・レシピのWebサイトから取り込み、下書きを確認・編集して保存できます。Webサイトから取り込んだレシピには元のページへのリンクも残ります。取り込み結果は元の内容によって異なります。 作…"
"1587685734","COOKmate - レシピ整理ツール","Japan","East Asia","62","33","4.30302","33","""COOKmateで、自分だけのデジタルクックブックを作成しましょう。ウェブ上でレシピを集め、インポート機能を利用して、自分だけのレシピデータベースを構築できます それは、あなた自身とあなたの料理の世界です 新しいレシピをお探しですか？検索エンジンを利用して、ウェブ上から新しいレシピを探してください。気に入ったレシピを見つけたら、COOKmateにインポートしてください。そうすれば、スマートフォンやタブレットでどこにいてもそのレシピをご覧いただけます。ご自身で写真を追加したり、材料や調理手順を変更したり、コメントを追加することも可能です 既にクックブックをお持ちですか？新たなレシピを手動でCO…"
"6749248723","kissaten – コーヒーの記録と抽出","Japan","East Asia","63","1","5","1","kissatenは、飲んだコーヒーと抽出レシピ、評価、テイスティングノートを美しくまとめて残せるアプリです。 豆のパッケージをスキャンするか、手動で追加するだけ。コーヒーの情報をまとめ、実用的なレシピを提案し、わかりやすい手順とタイマーで抽出を案内します。抽出後はコーヒーを評価し、味わいを記録。もう一度淹れたいときに、いつでも振り返れます。 コーヒーの記録を、ひとつに - 飲んだコーヒーのパッケージが並ぶ、自分だけのコレクション - 評価、ノート、保存したレシピをコーヒーごとに整理 - コーヒー単体、または任意の公開プロフィールで共有 迷わず、淹れる - 豆のパッケージをスキャンして、情報とお…"
"6758983301","SNSレシピメモ - 動画レシピを保存・整理","Japan","East Asia","64","0","0","0","「あのレシピ、どこで見たっけ？」をなくす、SNSレシピの保存・整理アプリ。 InstagramやTikTok、YouTubeで見つけた料理動画のURLを貼るだけ。 サムネイル付きで、自分だけのレシピ帳ができあがります。 ■ こんな方におすすめ ・SNSで「保存」したレシピが埋もれて見つからない ・いいねした料理動画をあとで見返したい ・作った感想や自分なりのアレンジを書き残したい ■ 主な機能 【URLを貼るだけでレシピ登録】 ・Instagram・TikTok・YouTube・X などのリンクに対応 ・サムネイルとSNSの種類を自動で表示 ・タイトル・食材・調味料・タグ・5段階評価・メモを記…"
"1572826611","SO VEGAN: Healthy Recipes","Japan","East Asia","65","1","5","1","Do you want to transform your diet and eat more plants, but don’t know where to start? Welcome to the SO VEGAN App - a celebration of delicious plant-based cooking. With over 700 easy and healthy plant-based recipes, you’ll find something for everyone. Whether you’re searching for a quick lunch, a n…"
"554065086","愛料理","Japan","East Asia","66","540","4.73888","540","美食自己做！超過 300,000 道食譜任你探索，天天都有料理新靈感！ 不論是健康輕食、家常小菜，還是挑戰高難度甜點，愛料理都能幫你輕鬆上手，享受幸福美味時光。 【特色功能】 ▶ 快速搜尋食譜 輸入食材名稱或料理關鍵字，即可快速找到適合的食譜。不論是想探索全新菜式，還是用冰箱剩餘的食材做料理，都能幫你激發創意！ ▶ 圖文步驟詳解，料理零失敗 食譜提供圖文詳細步驟說明，無論是料理新手還是烹飪高手，都能按照指引一步步完成！ ▶ 個人化收藏清單，隨時管理喜好食譜 喜歡的食譜不只可以收藏，還能根據需求建立多個專屬清單，例如「減重計劃」、「健康輕食」、「節日派對菜單」等，方便快速查找。 ▶ 創作並分享私…"
"6753148494","Youmeal：レシピ保存","Japan","East Asia","67","79","4.53165","79","お気に入りレシピ全部、1つのシンプルなアプリに。 Youmealなら、Instagram・TikTok・Facebookなどで見つけた好きなレシピを保存して、きれいに整理できます。買い物リストを作ったり、1週間の献立を立てたり、レシピの栄養情報もすぐにチェックできます。 主な機能 Instagram / TikTok / Facebookのレシピを保存 SNSのレシピをそのまま一瞬で取り込み。材料と手順が見やすく整った形で保存されます。 どこからでもレシピ追加 Paprika、メモ、Notion、Googleドキュメントから取り込みOK。自分で入力して追加することもできます。全部まとめて1か所…"
"1593779280","레시피 저장 & Meal Planner: ReciMe","South Korea","East Asia","1","27","4.62962","27","The number 1 recipe organizer. ReciMe saves all your favorite recipes in one place, including Instagram, Facebook, TikTok, YouTube and Pinterest. Create grocery lists and meal plans. Calculate calories for every recipe. However you cook, ReciMe helps you do it, better. FEATURES - Save Recipes from I…"
"911422904","NYT Cooking: Quick Tasty Meals","South Korea","East Asia","2","161","4.92547","161","New York Times Cooking has thousands of quick recipes you’ll love to make, from easy weeknight dinners to holiday showstoppers. Editor-curated collections make it easy to find the right recipe, and helpful videos make them fun and simple to cook. With our digital Recipe Box, you can easily save favo…"
"6769601354","TapCook: Budget Meal Plans","South Korea","East Asia","3","0","0","0","1. Enter your ZIP and pick the grocery store you actually shop at 2. Tell us how many you're feeding, which nights you cook, and what you want to spend 3. Get a week of dinners and one grocery list, totalled at your store TapCook plans your dinners for the week and tells you what the groceries will …"
"6777471316","mise - meal planner","South Korea","East Asia","4","3","3.66667","3","mise – meal planner Take the stress out of deciding what to eat. mise helps you generate personalised meal plans in seconds based on your dietary preferences, calorie goals, favourite UK supermarkets, budget, and the ingredients you already have at home. Whether you're meal prepping for the week, tr…"
"6778760884","Potto - meal planner","South Korea","East Asia","5","0","0","0","Potto turns a few simple choices into a full week of meals — built around your supermarket, your budget, and the way you like to eat. No account, no fuss. Tell Potto your store, your weekly budget, your dietary needs and the gadgets in your kitchen, and it instantly creates a meal plan with recipes,…"
"1164423781","Gronda: Recipes for Chefs","South Korea","East Asia","6","163","4.77301","163","** Apple’s App of the Day in 120+ Countries ** ** Used by 2M+ Chefs Worldwide ** ""Unlimited amount of inspiration"" — Netflix Superstar Ana Roš Gronda is the #1 app for professional and home chefs. Learn from the world’s best, fine dining recipes, and connect with a global community of culinary exper…"
"6739286231","Osta: Save & Share Recipes","South Korea","East Asia","7","14","4.92856","14","With Osta, you can save & import recipes from Instagram, websites, and TikTok. Organize and cook your favorite recipes in your own personalized recipe box. All your recipes in one place. • Import recipes instantly from Instagram, TikTok, or a website. • Cook using a simple recipe display with no clu…"
"1365223384","America's Test Kitchen","South Korea","East Asia","8","0","0","0","The America's Test Kitchen app delivers the best-tasting recipes, cooking videos, product reviews, and more than 30 years of test kitchen discoveries! Get every rigorously tested recipe from America’s Test Kitchen, Cook’s Illustrated, and Cook’s Country. Recipe collections for every occasion: Weekni…"
"575756462","eMeals - Healthy Meal Plans","South Korea","East Asia","9","0","0","0","eMeals is the easiest way for busy families to plan healthy meals. With 15 different weekly meal and diet plans there is sure to be enough recipe inspiration to please even the pickiest eater. Our meal plans create your customizable shopping list ingredients that connect directly to one of our onlin…"
"6670216494","Mob: Meal Planner and Recipes","South Korea","East Asia","10","1","5","1","Join 4 million+ home cooks who've made weeknight cooking easy. Plan your week, build your shopping list in a tap, and never cook the same thing twice. Apple App of the Day and featured by Apple. Rated 4.5 stars by our community and loved in the press. Mob turns cooking from a daily scramble into the…"
"312101965","Epicurious","South Korea","East Asia","11","35","4.85714","35","Cook smarter with 50,000+ tested recipes from Epicurious, Bon Appétit, and more. Find easy dinners, healthy meals, and expert cooking guidance - all in one app. Subscribe to the Epicurious in the app, or if you’re already a subscriber, log in for unlimited access to recipes and so much more. THE EPI…"
"1249805978","MealPrepPro Planner & Recipes","South Korea","East Asia","12","5","3.6","5","Have your meals and groceries planned for you with MealPrepPro. MealPrepPro is a smart meal planner that adapts to your schedule, food preferences and goals. Reach your health goals No more counting calories. Meal plans are automatically adapted to your calorie and macro needs. #1 for Meal Prep Prep…"
"6743496454","CookShelf: Search Cookbooks","South Korea","East Asia","13","0","0","0","Do you love cookbooks? Us, too. That's why we created CookShelf, the app that helps you make the most of your cookbook collection, and cook from the books you already own. Got too much zucchini in the summer, and an excess of cabbage in winter? Or are you just trying to find that one Bolognese recip…"
"1583947369","Pepper - Recipe Organizer","South Korea","East Asia","14","0","0","0","Welcome to Pepper, your Social Recipe Organizer! Organize recipes from Instagram, TikTok, Pinterest, recipe blogs, or paste from your Notes! Your favorite recipe organizer, now with friends! * Build Your Cookbook: Pepper is your go-to social cookbook, ready to be accessed by you, your friends/family…"
"1553130679","Your Secret Menu for Starbucks","South Korea","East Asia","15","1","5","1","500개 이상의 시크릿 메뉴 음료, 틱톡에서 화제인 인기 음료, 그리고 다음 커피 타임에 즐길 수 있는 다양한 커스텀 레시피를 만나보세요. 14,000개 이상의 별 5개 리뷰 • 매주 새로운 레시피 업데이트 피드에서 계속 보이던 그 음료? 어떤 재료가 들어가는지 확인하고, 원하는 사이즈를 고른 뒤 Starbucks에서 어떻게 주문하면 되는지 간단한 주문 방법을 확인하세요. 이 앱은 팬들이 팬들을 위해 만든 독립 앱이며, Starbucks Corporation과 제휴, 후원 또는 보증 관계가 없습니다. ‘YOUR SECRET MENU…"
"1433840494","RecipeBox - Save Your Recipes!","South Korea","East Asia","16","1","5","1","Cook with confidence and convenience. RecipeBox is the ultimate recipe organizer and meal planning companion for busy home chefs. Save all your favorite recipes from any website or app – from popular food blogs to Instagram and TikTok posts – and keep them organized in one place. Plan delicious meal…"
"974683711","Recipe Keeper","South Korea","East Asia","17","10","5","10","Recipe Keeper은 모든 기기에서 사용할 수있는 사용이 간편한 올인원 레시피 구성, 쇼핑 목록 및 식사 플래너입니다. 빠르고 쉽게 레시피 추가 원하는만큼 정보를 많이 또는 적게 사용하여 레시피를 입력하십시오. 기존 문서 또는 앱에서 레시피를 복사하여 붙여 넣습니다. 식사 유형 및 카테고리별로 레시피를 분류하십시오. 사진을 추가하고 레시피를 평가하고 즐겨 찾기에 플래그를 지정하세요. 웹 사이트에서 레시피 가져 오기 웹에서 레시피를 검색하고 컬렉션에 바로 추가하세요. 수백 개의 인기 레시피 웹 사이트가 지원됩니다. 필요에 맞게 …"
"6783742855","NeatEat - Meal Planner","South Korea","East Asia","18","0","0","0","Tell NeatEat your store and your weekly food budget. Get a full week of simple meals and a costed shopping list that comes in under it — every time. No spreadsheets, no guesswork, no nasty surprise at the till. HOW IT WORKS (WITH NEATEAT PREMIUM) • Pick your supermarket and set a weekly budget • Get…"
"6736347122","Inspo - Recipes & Meal Planner","South Korea","East Asia","19","0","0","0","All your favorite social media recipes in one place! Import recipes from Instagram, TikTok, Facebook and any website. Inspo uses AI to instantly extract ingredients, step-by-step instructions, nutrition facts, and more from any recipe link. Inspo makes cooking effortless — from saving to shopping to…"
"1215348056","Plan to Eat","South Korea","East Asia","20","0","0","0","Meal planning doesn’t have to feel like an inconvenience. Store all your recipes in one place, auto-generate a shopping list for your week, and let Plan to Eat help you find joy in meal planning again. Plan to Eat is the meal planning app designed with the planner in mind. Try Plan to Eat FREE for 1…"
"959638683","Anova Culinary","South Korea","East Asia","21","138","4.75362","138","The Anova family of precision cookers allows everyone to cook like a pro! Paired with the Anova Culinary app, now perfectly cooked restaurant quality meals are as easy as the touch of a button. Browse the largest collection of sous vide recipes by Michelin star chefs and home cooks just like you. Th…"
"6714449541","Honeydew: 레시피 & 요리책","South Korea","East Asia","22","3","5","3","HONEYDEW로 요리와 식단 계획을 바꾸세요 AI 기반 레시피·장보기 목록·식단 계획 앱. SNS, 유튜브 요리 영상, 인스타그램·페이스북 릴스, 스크린샷, 메모, 웹사이트에서 어떤 레시피도 한 번에 가져오세요. 유행하는 음식을 바로 다음 한 끼로. 모든 집밥을 위한 필수 기능 - 깔끔하게 정리된 디지털 요리책 - AI 식단 플래너 – 주간 식단을 몇 초 만에 - 스마트 재료 대체 제안 - 카피캣 레시피 – 식당 음식 사진으로 집밥 버전 생성 - 레시피 번역 – 세계 레시피를 한 번에 - 재료로 검색 – 집에 있는 재료로 요리 -…"
"1518078585","Stashcook: Recipe Keeper","South Korea","East Asia","23","0","0","0","Stashcook - Meal Planner & Recipe Keeper Stashcook is a simple, thoughtful recipe keeper and meal planner that brings your recipes, weekly plans and shopping into one place. Whether you’re saving ideas from social media or trying to stay organised through the week, Stashcook helps make cooking feel …"
"1059211083","Family Cookbook - OrganizEat","South Korea","East Asia","24","2","5","2","OrganizEat Recipe Keeper로 더욱 간편하고 체계적인 요리 경험을 시작해 보세요. 레시피 정리함, 요리책, 레시피 보관함의 모든 기능을 하나의 앱에 담아, 요리 과정을 쉽고 편리하게 만들어 드립니다. 올인원 레시피 정리함, 요리책, 레시피 보관함. 직접 입력할 필요가 없습니다! 사진을 찍고, 가져오고, 태그를 추가하고, 공유하세요. 지금 다운로드하세요! OrganizEat Recipe Keeper로 요리의 창의력을 펼쳐 보세요 레시피는 OrganizEat Recipe Keeper의 핵심입니다. 좋아하는 레시피를 한곳…"
"1303222868","Paprika Recipe Manager 3","South Korea","East Asia","25","7","5","7","Organize your recipes. Create grocery lists. Plan your meals. Download recipes from your favorite websites. Seamlessly sync to all your devices. Features • Recipes - Download recipes from your favorite websites, or add your own. • Grocery Lists - Create smart grocery lists that automatically combine…"
"6766358272","RecipeLab - Healthy Recipes","South Korea","East Asia","26","0","0","0","RecipeLab is the recipe app for people who want to eat healthier without making it complicated. RecipeLab is built around the idea that eating for your goals should feel good, taste great, and actually fit your life. Tell us a little about yourself and we'll match you with delicious recipes that cru…"
"1618589011","Pick Up Limes","South Korea","East Asia","27","3","4.66667","3","Plan your meals, feel nourished, and eat delicious plant-based food. The Pick Up Limes App brings together nourishing vegan recipes, personalized meal plans, grocery tools, nutrition support, and all your favourite online recipes in one place. Top features • 1800+ plant-based recipes, with new ones …"
"6443578246","Deglaze: Cooking, Simplified","South Korea","East Asia","28","0","0","0","Deglaze is built for people that love to cook. It simplifies your life by making it easy to get all of your recipes in one place and to create organized grocery lists in seconds. A fully featured free version is included, and you can optionally upgrade to Deglaze Pro—an auto-renewing subscription th…"
"6736664843","Tastemade Cooking","South Korea","East Asia","29","0","0","0","Meal planning, done for you. Personalized weekly plans and smart grocery lists—tailored to your taste. Let us build you a personalized weekly meal plan, or build a plan from recipes you love – plus a smart grocery list that comes together automatically. Set your taste preferences once so every recom…"
"6807514592","Chow: Meal Planner & Groceries","South Korea","East Asia","30","0","0","0","You've tried meal planning before. It worked for a week, maybe two, and then a late night or a sick kid or plain Wednesday exhaustion broke it. The groceries rotted. The delivery app won. This moment — where the plan falls apart and takeout wins — isn't a failure of willpower. It's a design problem.…"
"1073341917","Recipe Keeper - CookBook","South Korea","East Asia","31","0","0","0","Stop screenshotting dinner ideas. CookBook turns recipes from Instagram, TikTok, websites and photos into meals you can plan, shop and cook. CookBook is a smart recipe keeper loved by thousands of home cooks. Save recipes from anywhere, organise them into a private digital cookbook, plan meals, crea…"
"6736766728","Loaflo: 사워도우 스타터","South Korea","East Asia","32","0","0","0","Loaflo: 사워도우 스타터 - AI 기반의 올인원 빵 굽기 동반자입니다. 당신의 스타터를 추적하고, 빵을 분석하며, 모든 굽기를 완벽하게 만들어 드립니다—가입 불필요! - 스타터 트래커: 급여 기록, 수분 함량 추적, 성장 모니터링을 통해 사워도우가 항상 최상의 거품 상태를 유지하도록 합니다. - 빵 계산기: 매번 일관된 장인의 결과를 위해 재료 비율을 손쉽게 조절할 수 있습니다. - AI 분석: 빵이나 스타터의 사진을 찍어 크러스트(겉껍질), 크럼(속살) 및 전체 굽기 품질에 대해 즉각적인 피드백을 받아보세요. - 미스터 크럼…"
"1595938390","Zest: Meal Planner & Recipes","South Korea","East Asia","33","4","4.5","4","Tired of cooking the same 3 meals on repeat? Zest integrates a mind-blowing cooking education into your routine. Learn to cook with us through step-by-step explanations of foundational cooking concepts in fewer than 10 minutes and dishes that bring the concept to life. Our recipes are created by two…"
"6478546136","Flavorish | Save Any Recipe","South Korea","East Asia","34","0","0","0","Save recipes from Instagram, Facebook, TikTok, YouTube, websites, cookbooks, handwritten notes, and more, all in one app! Turn them into meal plans and grocery lists in seconds. With Flavorish, your go-to recipe app, organizing, saving, and cooking has never been easier. Save recipes from anywhere -…"
"1217456898","Tasty: Recipes, Cooking Videos","South Korea","East Asia","35","463","4.92441","463","Welcome to the Tasty App – your ultimate cooking companion, featuring over 10,000 delicious recipes with video, step-by-step cooking mode, personalized recommendations, a thriving community of home chefs, and recipe shopping and seamless checkout. Tasty brings you the best of food and recipe discove…"
"340368403","レシピはクックパッド -No1節約料理や献立の検索アプリ","South Korea","East Asia","36","213","4.73238","213","◆クックパッドとは クックパッドは、利用者数 No.1のレシピサービス（iOSアプリ1日あたりのアクティブユーザー数 2024年7月〜9月 Data.ai より）です。料理中も見やすいレシピ、広告も一切なし、食材検索するだけで今日つくるものが決まります。またフォーマットに沿って材料や手順を入力するだけで、自分のレシピを簡単に書けます。 今日つくるものが決まる ・食材や料理名で検索するだけで、今日作りたいレシピが簡単に見つかる ・豊富なレシピ数で、定番からマンネリ解消レシピまで見ることができる 料理中も見やすいレシピ ・レシピにあるピンアイコンを押すと、今日つくりたいレシピをピン留めできる ・主…"
"1568122827","The Doctor’s Kitchen","South Korea","East Asia","37","1","5","1","Take the hassle out of cooking healthy, balanced meals and discover 1000s of doctor-approved, simple delicious, recipes to cook at home. Plan meals with tailored recipe recommendations, personalised to your dietary and health needs. Search high protein meals, freezable recipes and many more categori…"
"1540196240","BLW Meals: Starting Solids","South Korea","East Asia","38","0","0","0","What parents are saying: Iluvpalmtrees Favorite BLW app ""So much free information and excellent examples of what you can feed your little one through all stages. Follow their IG as well for daily tips and videos."" MJ - first time mom Love this app! ""I absolutely love this app and the Instagram page.…"
"899058990","Real Plans - Meal Planner","South Korea","East Asia","39","0","0","0","Real Plans is a meal planning app that helps you and your family consistently enjoy healthy, home-cooked food. Our award-winning meal planner is brimming with delicious recipes and is easily personalized for your unique tastes and lifestyle. We make it super simple to create a plan in minutes and sh…"
"6754413004","TGB: Meal Planner & Recipes","South Korea","East Asia","40","0","0","0","Do you buy groceries with a plan, then still feel stuck at dinner time? TGB helps you map out the week first, then builds a grocery list from your plan. Your shopping matches your week menu, so you use what you buy. Save what works and move things around when plans change. Keep recipe ideas in one p…"
"6779701143","Daily Bite: Save Recipes","South Korea","East Asia","41","0","0","0","Every other recipe app starts empty. Start your free trial and Daily Bite opens with 500+ high-protein recipes from real chefs, ready to cook on day one. Then it saves every recipe you find, from Instagram, TikTok, a screenshot, or almost any site, so you finally cook the ones you have been saving. …"
"706367884","Recipe Keeper - Cook'n","South Korea","East Asia","42","0","0","0","Tired of scrolling through 8 pages just to find the recipe? Cook’n pulls recipes from blogs, Pinterest & more—ad-free and clean. Save your first recipe in seconds—Try Cook’n free today! There’s a better way to save, organize, and cook your favorite recipes—ad-free, distraction-free, and frustration-…"
"1472765520","Sidekick by Sorted Food","South Korea","East Asia","43","1","5","1","Sidekick - Your Personal Kitchen Sidekick Tired of the same old meals? Let Sidekick solve your dinner dilemma with exciting new recipes, smarter shopping and stress-free cooking. Over 4,000,000 dishes cooked so far… Sidekick is here to simplify your weekly meal planning, making cooking at home easie…"
"1461650987","Crouton: Recipe Manager","South Korea","East Asia","44","11","5","11","Crouton is simple feature packed recipe organizer & meal planner. The best place to store your favorite recipes from where ever you find them, websites, cookbooks or a handwritten note from your Grandma. IMPORT ANYWHERE Crouton supports importing recipes from almost everywhere! Pull recipes automati…"
"1351412313","FullyRaw by Kristina","South Korea","East Asia","45","1","5","1","Join the FullyRaw Revolution! FullyRaw by Kristina is the ultimate guide to living a cleaner and healthier lifestyle through the consumption of organic raw foods. Offering over 500 recipes (including juices, smoothies, salads, desserts, and main dishes) with instructional videos, grocery shopping li…"
"1598423213","Just the Recipe: Cook smarter","South Korea","East Asia","46","1","5","1","Cook more, scroll less. JustTheRecipe pulls the recipe out of any page. No life stories, no ad walls, no endless scrolling. Just ingredients, steps, and the details you need to cook. PASTE OR SHARE A LINK Paste a URL or share straight from your browser, TikTok, Instagram, or any app with a share but…"
"6479693198","Eatr: 식단 관리·다이어트 건강 레시피&칼로리 기록","South Korea","East Asia","47","328","4.39634","328","Eatr에 오신 것을 환영합니다. 이 앱은 요리를 처음 시작하는 분부터 숙련된 셰프까지, 모든 사용자를 위한 최고의 동반자입니다. 사용자별로 맞춤화된 요리 여정을 안내하도록 설계되었으며, 시간이 부족한 날에도, 여유롭게 요리를 즐기고 싶은 날에도 Eatr가 함께합니다. 주방 시간 관리 조리 시간을 선택하면 Eatr가 메뉴를 계획합니다. 15분이면 완성되는 간단한 요리부터 1시간 이내의 든든한 식사까지, 바쁜 일정에도 시간 절약형 레시피로 부담을 줄여드립니다. 매일 새 영감 찾기 수천 개의 식욕을 돋우는 레시피를 탐색해 보세요. Ea…"
"1574776971","Pestle: Recipe Manager","South Korea","East Asia","48","1","5","1","Save recipes from Instagram, TikTok, Facebook, YouTube and more with Pestle. IMPORT FROM ANYWHERE Import recipes from anywhere on the internet to Pestle, and keep just the ingredients and steps. Just tap 'Share', and 'Save to my Cookbook'. GUIDED COOKING Turn any recipe into a step-by-step process w…"
"6450664772","Scoolinary: Learn & Cook","South Korea","East Asia","49","0","0","0","Scoolinary is the culinary learning app for chefs, entrepreneurs, students, and passionate home cooks. Learn from the world’s best chefs, with 50+ Michelin stars, and access 400+ courses and 3,000 step-by-step video recipes. What you’ll learn •Professional cooking techniques applicable to any dish. …"
"403188971","Pepperplate Cooking Planner","South Korea","East Asia","50","0","0","0","Pepperplate is the only app for serious cooks. It has all the tools you need to cook weeknight dinners or host a dinner party for 12. Manage your recipes, create menus, shop with ease and cook like a pro on your iPad and iPhone. Features: * Pepperplate seamlessly manages recipes, menus and shopping …"
"1673078434","AL DANTE: Recipes & Cooking","South Korea","East Asia","51","0","0","0","Cook like a Chef together with AL DANTE - your perfect cooking app! Enjoy our collection of insanely delicious recipes, find new meal prep ideas, and transform everyday ingredients into exceptional dishes. Features: USE READY RECIPES: explore our step-by-step recipe text guides to discover the ingre…"
"6801582860","Vego: Vegan Meal Planner","South Korea","East Asia","52","0","0","0","Vego turns ""what do I cook this week?"" into a swipe. Tell it your cravings and your budget, swipe the recipes you like, and get one grocery list where everything is already priced and sorted by aisle. Going plant-based rarely fails on willpower. It fails on logistics: the supermarket, the restaurant…"
"6749500813","Recipe Saver · RecipeSnap","South Korea","East Asia","53","0","0","0","The number 1 recipe organizer. RecipeSnap keeps all your favorite recipes in one place, effortlessly importing from Instagram, TikTok, Facebook, YouTube, and the Web. As the ultimate recipe keeper, it allows you to create grocery lists, design meal plans, and even calculate calories for every dish y…"
"409157308","Annabel Karmel Kids Recipes","South Korea","East Asia","54","1","2","1","Make feeding your baby, toddler and family easier with Annabel Karmel's multi award-winning recipe app. From first tastes and baby-led weaning to family meals, you'll find expert guidance, practical tools and over 1,500 nutritious recipes all in one place. Millions of families rely on Annabel's reci…"
"486811622","Cocktail Flow - Drink Recipes","South Korea","East Asia","55","156","4.8205","156","Cocktail Flow features beautifully presented cocktail recipes with step by step guides and is packed with features you’ll love whether you’re a novice bartender or a professional mixologist. YOUR BAR, YOUR CABINET Mark the cocktail ingredients you have at home in the cabinet page and see what drinks…"
"6793438980","Recipe Keeper & Food Planner","South Korea","East Asia","56","0","0","0","Your smart recipe organizer, meal planner, and grocery list assistant — all in one place. Save recipes from videos, websites, blogs, screenshots, and social content in seconds. Organize your favorite meals, plan your week, create shopping lists, and keep every recipe easy to find whenever inspiratio…"
"6758783243","RecipeVault: 레시피 저장","South Korea","East Asia","57","0","0","0","틱톡, 인스타그램, 유튜브의 레시피를 한 번에 저장하고 실제로 요리하세요. RecipeVault는 저장해 둔 영상, 스크린샷, 브라우저 탭의 혼란을 검색 가능한 하나의 요리책으로 정리합니다. → 어디서든 가져오기 · 틱톡, 인스타그램 릴스, 유튜브 및 쇼츠 · 모든 웹사이트, 블로그, 레시피 링크 · 카메라 롤의 스크린샷 그대로 → 몇 초 만에 주간 식단 · 저장한 메뉴를 캘린더로 끌어다 놓기 · 오늘 화면에서 아침부터 저녁까지 한눈에 · 요리 모드가 재료와 순서를 화면에 고정. 영상을 되감을 필요 없음 → 하나로 합쳐지는 장보기 …"
"1488585822","Brewfather","South Korea","East Asia","58","1","5","1","Powerful and easy to use tool for your brewing needs. Easily create and manage your recipes. Keep track of all the details in your batches and your ingredients inventory. Brewfather is made from the ground up to give you the best recipe design and brewing experience on both desktop and mobile device…"
"1505065609","Love, Manuela","South Korea","East Asia","59","0","0","0","Love, Manuela is a baking app created by Norwegian baker Manuela Kjeilen, known as @passionforbaking. For more than a decade, Manuela has shared her love of baking with people around the world. She has published nine baking books, hosted her own baking show on TV in Sweden, and inspires more than 1.…"
"1280464759","Mixel - Cocktail Recipes","South Korea","East Asia","60","11","4.54545","11","What cocktails can you make right now? Tell Mixel what's in your bar, and instantly see every drink you can mix, from the classic to modern craft cocktails. Whether you're a home bartender, mixology enthusiast, or just hosting friends, Mixel turns your ingredients into perfectly crafted drinks. WHAT…"
"6777230233","Herbi: Meal Planner + Recipes","South Korea","East Asia","61","0","0","0","Tired of deciding what to cook every night? Herbi makes weekly meal planning simple. Discover delicious recipes, save the ones you spot on TikTok and Instagram, build a personalised meal plan in minutes, and get a supermarket shopping list that's ready to go. Whether you're cooking for yourself, you…"
"1572826611","SO VEGAN: Healthy Recipes","South Korea","East Asia","62","0","0","0","Do you want to transform your diet and eat more plants, but don’t know where to start? Welcome to the SO VEGAN App - a celebration of delicious plant-based cooking. With over 700 easy and healthy plant-based recipes, you’ll find something for everyone. Whether you’re searching for a quick lunch, a n…"
"1540604002","Pam Fitness & Food","South Korea","East Asia","63","7","4.85714","7","THE BASICS: 1.⁠ ⁠Yummy and healthy recipes, using natural ingredients. No artificial sweeteners, etc. 2.⁠ ⁠I love to replace „bad“ ingredients of classic recipes - for example cane sugar or white flour - with more healthy alternatives. Therefore we can still eat dessert. But we get important nutrien…"
"1133637674","Samsung Food","South Korea","East Asia","64","10","4.4","10","Samsung Food — 가장 강력한 무료 식단 계획 앱 당신의 식단 플래너가 모든 것을 해줄 수 있다면 — 그것도 무료로? Samsung Food는 식단 계획, 레시피 저장, 똑똑한 장보기, 더 나은 요리를 위한 모든 기능을 한곳에 제공합니다. 초보자부터 전문가까지 수백만 명의 홈 셰프들이 건강하게 식사하고, 시간을 절약하며, 음식물 쓰레기를 줄이고, 요리를 더 즐길 수 있도록 도와드립니다. Samsung Food에서는 다음과 같은 기능을 사용할 수 있습니다: • 240,000개 이상의 공개 레시피(그중 124,000개는 완전 …"
"6761655719","Balanced Roots Nutrition App","South Korea","East Asia","65","0","0","0","Stop counting calories. Start hitting your minimums. The Balanced Roots Nutrition App is a dietitian-designed meal planning app built around one simple method: the 90-30-50 method. At least 90g of protein, 30g of fiber and 50g of healthy anti-inflammatory fat every single day. When you consistently …"
"1164423781","Gronda: Recipes for Chefs","India","South Asia","1","398","4.82663","398","** Apple’s App of the Day in 120+ Countries ** ** Used by 2M+ Chefs Worldwide ** ""Unlimited amount of inspiration"" — Netflix Superstar Ana Roš Gronda is the #1 app for professional and home chefs. Learn from the world’s best, fine dining recipes, and connect with a global community of culinary exper…"
"6714449541","Honeydew: Recipe & Cookbook AI","India","South Asia","2","268","4.70149","268","TRANSFORM YOUR COOKING & MEAL PLANNING WITH HONEYDEW The smartest AI-powered recipe, grocery list and meal planning app. Instantly import any recipe with one tap from social media, YouTube cooking videos, Instagram and Facebook Reels, screenshots, notes and websites. Turn food trends into your next …"
"6748567429","IceForm Pro","India","South Asia","3","0","0","0","We have been making ice cream since 2015, and we still are. IceForm Pro is where we balance our own mixes, and where a recipe becomes a tech card, a label, a batch on the floor and a price you can defend. Before it we worked in spreadsheets, then in calculators that were always missing something. On…"
"6670216494","Mob: Meal Planner and Recipes","India","South Asia","4","16","4.0625","16","Join 4 million+ home cooks who've made weeknight cooking easy. Plan your week, build your shopping list in a tap, and never cook the same thing twice. Apple App of the Day and featured by Apple. Rated 4.5 stars by our community and loved in the press. Mob turns cooking from a daily scramble into the…"
"6479693198","Eatr・AI Healthy Diet Meal Plan","India","South Asia","5","1843","4.59305","1843","Welcome to Eatr - the ultimate companion for everyone from cooking novices to seasoned chefs! Our app is designed to guide you through a culinary adventure tailored just for you. Whether you're pressed for time or looking to indulge in a leisurely cooking spree, Eatr has you covered. Time Management…"
"6739286231","Osta: Save & Share Recipes","India","South Asia","6","865","4.55029","865","With Osta, you can save & import recipes from Instagram, websites, and TikTok. Organize and cook your favorite recipes in your own personalized recipe box. All your recipes in one place. • Import recipes instantly from Instagram, TikTok, or a website. • Cook using a simple recipe display with no clu…"
"1618589011","Pick Up Limes","India","South Asia","7","83","4.67469","83","Plan your meals, feel nourished, and eat delicious plant-based food. The Pick Up Limes App brings together nourishing vegan recipes, personalized meal plans, grocery tools, nutrition support, and all your favourite online recipes in one place. Top features • 1800+ plant-based recipes, with new ones …"
"911422904","NYT Cooking: Quick Tasty Meals","India","South Asia","8","551","4.88021","551","New York Times Cooking has thousands of easy recipes you’ll love to make, from easy weeknight dinners to holiday showstoppers. Editor-curated collections make it easy to find the right recipe, and helpful videos make them fun and simple to cook. With our digital Recipe Box, you can easily save favou…"
"1505065609","Love, Manuela","India","South Asia","9","6","2.33333","6","Love, Manuela is a baking app created by Norwegian baker Manuela Kjeilen, known as @passionforbaking. For more than a decade, Manuela has shared her love of baking with people around the world. She has published nine baking books, hosted her own baking show on TV in Sweden, and inspires more than 1.…"
"6450664772","Scoolinary: Learn & Cook","India","South Asia","10","12","4.58333","12","Scoolinary is the culinary learning app for chefs, entrepreneurs, students, and passionate home cooks. Learn from the world’s best chefs, with 50+ Michelin stars, and access 400+ courses and 3,000 step-by-step video recipes. What you’ll learn •Professional cooking techniques applicable to any dish. …"
"1540604002","Pam Fitness & Food","India","South Asia","11","92","4.82609","92","THE BASICS: 1.⁠ ⁠Yummy and healthy recipes, using natural ingredients. No artificial sweeteners, etc. 2.⁠ ⁠I love to replace „bad“ ingredients of classic recipes - for example cane sugar or white flour - with more healthy alternatives. Therefore we can still eat dessert. But we get important nutrien…"
"1593779280","ReciMe: Recipes & Meal Planner","India","South Asia","12","479","4.64717","479","The number 1 recipe organizer. ReciMe saves all your favorite recipes in one place, including Instagram, Facebook, TikTok, YouTube and Pinterest. Create grocery lists and meal plans. Calculate calories for every recipe. However you cook, ReciMe helps you do it, better. FEATURES - Save Recipes from I…"
"1303222868","Paprika Recipe Manager 3","India","South Asia","13","51","4.98039","51","Organize your recipes. Create grocery lists. Plan your meals. Download recipes from your favorite websites. Seamlessly sync to all your devices. Features • Recipes - Download recipes from your favorite websites, or add your own. • Grocery Lists - Create smart grocery lists that automatically combine…"
"795495986","KptnCook: Cook & Meal Planner","India","South Asia","14","5","5","5","""What should I cook today?"" KptnCook answers that question every single day. You get 3 fresh, handpicked recipes daily, curated by nutritionists and chefs, so you spend less time deciding and more time actually cooking. Built for the everyday cook who wants to eat well without the stress. 8M+ users …"
"6782612975","MealRadar: What to cook","India","South Asia","15","3","5","3","Fridge full, but still no dinner idea? MealRadar: What to cook turns the food you already have into practical recipes—before groceries go bad or takeout wins again. SCAN. CHOOSE. COOK. • Scan groceries, product barcodes, or an entire receipt • Review and organize everything in one pantry • Choose wh…"
"1585312934","Sanjeev Kapoor Recipes","India","South Asia","16","150","4.84666","150","Cook like Chef Sanjeev Kapoor is in your kitchen. Thousands of tried-and-tested recipes from India's most loved chef — with an AI kitchen brain that knows what to cook, how to cook it, and how to make it fit your diet. WHAT'S IN MY FRIDGE Tell us the ingredients you have. Get real recipes you can ma…"
"1365223384","America's Test Kitchen","India","South Asia","17","1","5","1","The America's Test Kitchen app delivers the best-tasting recipes, cooking videos, product reviews, and more than 30 years of test kitchen discoveries! Get every rigorously tested recipe from America’s Test Kitchen, Cook’s Illustrated, and Cook’s Country. Recipe collections for every occasion: Weekni…"
"6753683618","GoomY: save your recipes","India","South Asia","18","0","0","0","GoomY is the app that turns recipes spotted on social media into clear, ready-to-use recipe cards. Copy a link from your favorite platform and the app will automatically retrieve the recipe—no matter which social network it came from. With a single tap, file your recipes into themed folders, create …"
"1619509620","Meal Planner & Grocery List","India","South Asia","19","55","4.65455","55","Meal Planner & Grocery List by Jojo Apps is the ultimate all-in-one menu organizer, smart meal generator, and recipe keeper. Designed for busy couples and families, this app helps you save time, cut grocery bills, and eat healthier by creating custom meal plans based on your specific diet, allergies…"
"6779666362","Cooklie","India","South Asia","20","0","0","0","Cooklie is your all-in-one smart kitchen assistant, designed to make cooking effortless, interactive, and fun. Whether you’re scaling a recipe for a dinner party, cooking with the ingredients you already have, or looking for a smart ingredient swap, Cooklie has you covered. KEY FEATURES 1. Smart Rec…"
"6759597614","beean: brew your coffee right","India","South Asia","21","0","0","0","Beean app helps you find coffee recipes from roasters that rarely match your grinder, you convert settings between grinders and dial in coffee recipes every time. Explore recipes from your favorite roasters, convert grind size when switching grinders, select a brewing method (espresso, moka pot, Aer…"
"974683711","Recipe Keeper","India","South Asia","22","34","4.76471","34","Recipe Keeper is the easy to use, all-in-one recipe organizer, shopping list and meal planner available across all of your devices. ADD RECIPES QUICKLY AND EASILY Enter your recipes with as much or as little information as you like. Copy and paste recipes from your existing documents or apps. Catego…"
"1249805978","MealPrepPro Planner & Recipes","India","South Asia","23","462","4.46969","462","Have your meals and groceries planned for you with MealPrepPro. MealPrepPro is a smart meal planner that adapts to your schedule, food preferences and goals. Reach your health goals No more counting calories. Meal plans are automatically adapted to your calorie and macro needs. #1 for Meal Prep Prep…"
"1572826611","SO VEGAN: Healthy Recipes","India","South Asia","24","3","5","3","Do you want to transform your diet and eat more plants, but don’t know where to start? Welcome to the SO VEGAN App - a celebration of delicious plant-based cooking. With over 700 easy and healthy plant-based recipes, you’ll find something for everyone. Whether you’re searching for a quick lunch, a n…"
"6758783243","RecipeVault: Recipe Keeper","India","South Asia","25","0","0","0","Save recipes from TikTok, Instagram, and YouTube in one tap then actually cook them. RecipeVault turns the chaos of bookmarked videos, screenshots, and browser tabs into one clean, searchable cookbook. → IMPORT FROM ANYWHERE - TikTok, Instagram Reels, YouTube & Shorts - Any website, blog, or recipe …"
"340368403","Cookpad Recipes","India","South Asia","26","16","4.5625","16","Not sure what to cook tonight? Cookpad recommends: search by ingredient or by dish across thousands of authentic recipes from a global community of home cooks — all verified by the people who have actually cooked them. WHAT SHOULD I COOK TONIGHT? Tell us what's in the fridge and we'll tell you what …"
"6768017245","Ryce: Cook delicious recipes","India","South Asia","27","6","5","6","Turn the recipes you save into meals you actually cook. Ryce brings your cooking inspiration, meal plan, grocery list, and step-by-step instructions together. Save a recipe that catches your eye, give it a place in your week, and take it from your phone to your plate. SAVE IT WHILE IT LOOKS GOOD Imp…"
"1526109755","Sulten","India","South Asia","28","2","5","2","Hungry? Download the Sulten app and see how easy it is to create healthy and delicious dinners that are kind to both your wallet and the environment! Choose from exciting weekly menus or simple dishes, add recipes directly to your shopping list, and follow easy step-by-step instructions. Become a fo…"
"6448680829","FODMAP Coach - Diet Foods","India","South Asia","29","0","0","0","Introducing FODMAP Coach - Diet Foods, your ultimate guide to managing IBS and other digestive disorders with ease. The FODMAP diet is an eating plan designed to help manage digestive symptoms, particularly in people with irritable bowel syndrome (IBS). Unlock the power of over 400+ low FODMAP food …"
"1540196240","BLW Meals: Starting Solids","India","South Asia","30","7","4","7","What parents are saying: Iluvpalmtrees Favorite BLW app ""So much free information and excellent examples of what you can feed your little one through all stages. Follow their IG as well for daily tips and videos."" MJ - first time mom Love this app! ""I absolutely love this app and the Instagram page.…"
"1143941420","GuildSomm","India","South Asia","31","0","0","0","The GuildSomm Compendium at your fingertips, whenever you need it! The GuildSomm App provides offline access to the full resources of the GuildSomm Compendium. Perfect for studying during your commute or quickly looking up a fact during service. The database includes regional wine and appellation la…"
"1454663016","World of Mouth","India","South Asia","32","10","5","10","World of Mouth connects you with the world’s best restaurants, recommended by top chefs, food writers, and sommeliers. Whether you’re traveling to a new city or exploring your hometown, discover trusted, insider picks for every meal. LET TOP CHEFS AND FOOD WRITERS GUIDE YOU Over 800 carefully select…"
"1529870663","My Little Food Critic","India","South Asia","33","8","4","8","The BEST SELLING My Little Food Critic App is your “go to” for feeding babies, toddlers, kids and the whole family! NEW RECIPES EVERY WEEK Fresh NEW recipes landing every week! Step by step recipe instructions, images and instructional recipe VIDEOS for selected recipes. Easily change cooking units …"
"1568122827","The Doctor’s Kitchen","India","South Asia","34","5","5","5","Take the hassle out of cooking healthy, balanced meals and discover 1000s of doctor-approved, simple delicious, recipes to cook at home. Plan meals with tailored recipe recommendations, personalised to your dietary and health needs. Search high protein meals, freezable recipes and many more categori…"
"1150921819","Filtru Coffee: Best Brew Guide","India","South Asia","35","50","4.8","50","Coffee is more than a morning habit. With Filtru, you can brew better coffee at home, learn each method step by step, and repeat your favourite recipes with confidence. Filtru guides you through Espresso, AeroPress, Chemex, Hario V60, Kalita Wave, Moka Pot, French Press, Siphon, Cezve, Vietnamese Ph…"
"6742467242","Paprika AI: Recipe Manager","India","South Asia","36","9","2.55555","9","The Recipe Keeper is your Personal Recipe Collection, All in One Place Easily save, organize, and access your favorite recipes anytime, anywhere. From family classics to new discoveries, keep everything neatly stored with photos, tags, and notes — so your perfect meal is always at your fingertips. T…"
"6749602635","Provecho","India","South Asia","37","0","0","0","Warning: Downloading this app will make you never want to cook from a blog again. Provecho requires a paid subscription. Subscribe to unlock over 10,000 recipes from some of the most prolific chefs and cooking creators online including: @breadbakebeyond, @tylergrowthlife, @itsvegansis, @cheffinwithz…"
"585332633","Cookpad: Recipe Book & Meals","India","South Asia","38","437","4.70709","437","Not sure what to cook tonight? Cookpad recommends: search by ingredient or by meal across thousands of authentic recipes from a global community of home cooks — all verified by the people who have actually cooked them. WHAT SHALL I COOK TONIGHT? Tell us what's in the fridge and we'll tell you what t…"
"1472765520","Sidekick by Sorted Food","India","South Asia","39","4","4.25","4","Sidekick - Your Personal Kitchen Sidekick Tired of the same old meals? Let Sidekick solve your dinner dilemma with exciting new recipes, smarter shopping and stress-free cooking. Over 4,000,000 dishes cooked so far… Sidekick is here to simplify your weekly meal planning, making cooking at home easie…"
"1133637674","Samsung Food: Meal Planning","India","South Asia","40","13","4.46154","13","Samsung Food — The Most Powerful Free Meal Planning App What if your meal planner could do it all — for free? Samsung Food brings you everything you need to plan meals, save recipes, shop smarter, and cook better. All in one place. We help millions of home cooks — from beginners to pros — eat health…"
"6762737453","OriginEats: Recipes & Cookbook","India","South Asia","41","0","0","0","What shall we cook today? Find your next favorite among 1100+ recipes, keep your own cookbook, and bring your weekly meal plan and grocery list together in OriginEats. DISCOVER SOMETHING DELICIOUS Explore dishes from 50 countries alongside everyday favorites, from quick breakfasts and comforting din…"
"980368562","FitMenCook - Healthy Recipes","India","South Asia","42","26","4.69231","26","Struggle free, healthy recipes that are easy on the wallet. It’s as simple as that, and it’s a message that’s seen over 1 million people follow FitMenCook on social media. Be honest, have you ever heard these complaints about healthy eating? - “Eating healthy is too expensive!” - “It takes too long!…"
"1217456898","Tasty: Recipes, Cooking Videos","India","South Asia","43","4547","4.82714","4547","Welcome to the Tasty App – your ultimate cooking companion, featuring over 10,000 delicious recipes with video, step-by-step cooking mode, personalized recommendations, a thriving community of home chefs, and recipe shopping and seamless checkout. Tasty brings you the best of food and recipe discove…"
"6469321012","Starting Solids & Baby Food","India","South Asia","44","7","4.71429","7","Our app has 250+ delicious and healthy recipes carefully prepared for your baby and an unlimited number of recipes that you can create with artificial intelligence. Key app features: *Recipes: 250+ healthy and delicious baby recipes carefully prepared for your baby, Plus new recipes will be added re…"
"6754469129","BarShelf: Whisky Collection","India","South Asia","45","1","5","1","Start without an account. Scan a whiskey bottle and let AI fill in the details. Log a pour and watch your collection become a calendar of bottles, amounts, moods, and tasting notes. Then see which of 57 classic cocktails you can make from what you already own. POUR CALENDAR & JOURNAL - See every dri…"
"1481818660","CibouScan - Food & beauty","India","South Asia","46","33","4.30302","33","CIBOUSCAN: Scan Your BEAUTY & FOOD Products Health Score, Nutri-Score, NOVA, Calories & Recipes CIBOUSCAN is the all-in-one app to take care of your health, skin, nutrition, and the planet. Scan beauty products and food in seconds to understand what you use and eat - ingredients, health scores, Nutr…"
"6762371988","Recipe Diary by T25Apps","India","South Asia","47","2","5","2","Recipe Diary helps you preserve recipes the way they're shared by the people you love. Whether it's your grandmother explaining a traditional dish, your mother sharing her secret tips, or a friend describing a favorite family recipe, Recipe Diary captures spoken recipes and transforms them into beau…"
"312101965","Epicurious","India","South Asia","48","278","4.76259","278","Cook smarter with 50,000+ tested recipes from Epicurious, Bon Appétit, and more. Find easy dinners, healthy meals, and expert cooking guidance - all in one app. Subscribe to the Epicurious in the app, or if you’re already a subscriber, log in for unlimited access to recipes and so much more. THE EPI…"
"6779303849","Disha: Budget Meal Planner","India","South Asia","49","0","0","0","Disha plans your entire week around your budget, your grocery store, and your taste. In seconds. No stress, no guesswork. Tell us your weekly budget, where you shop, and how you like to eat — Disha instantly creates a complete 7-day meal plan. You’ll also get a ready-to-use shopping list, organized …"
"6777471316","mise - meal planner","India","South Asia","50","22","3.95455","22","mise – meal planner Take the stress out of deciding what to eat. mise helps you generate personalised meal plans in seconds based on your dietary preferences, calorie goals, favourite UK supermarkets, budget, and the ingredients you already have at home. Whether you're meal prepping for the week, tr…"
"6748003406","Yoomla・Recipe Keeper & Planner","India","South Asia","51","0","0","0","Yoomla – Your Smart Recipe Keeper & Manager Discover, save, and organize all your favorite recipes in one place! Whether you're exploring new dishes or managing your go-to meals, Yoomla makes it easy to keep your culinary inspiration at your fingertips. SEARCH FOR RECIPES Smart Filters – Find recipe…"
"1461650987","Crouton: Recipe Manager","India","South Asia","52","69","4.68116","69","Crouton is feature packed recipe organizer & meal planner. The best place to store your favorite recipes from where ever you find them, websites, cookbooks or a handwritten note from your Grandma. IMPORT ANYWHERE Crouton supports importing recipes from almost everywhere! Pull recipes automatically o…"
"1157455937","Keto Diet Recipes App","India","South Asia","53","659","4.50379","659","Embark on a Transformative Keto Journey with Our App! *** Your Ultimate Keto Guide: Curious about the Keto Diet? Explore in-depth insights into Ketosis, different Keto approaches, benefits backed by science, overcoming Keto flu, and more! *** Comprehensive Food Lists: Discover vital lists for your K…"
"1547585029","AMC Cook & Go","India","South Asia","54","0","0","0","Cook smarter, healthier and faster with AMC Cook & Go — the companion app for your AMC smart cooking system. Enjoy guided cooking with clear step-by-step instructions, real-time updates and perfectly cooked results, every time. How it works Pair Cook & Go with your AMC Audiotherm to enable temperatu…"
"6743666327","Recipe Cost Calculator","India","South Asia","55","2","5","2","Genka helps you review recipe cost, profit, and pricing more clearly simply by registering ingredients and recipes. It also cuts down recipe setup work with AI-assisted import. Instead of opening a calculator or spreadsheet each time, Genka makes it easier to check: ""How much profit is left with thi…"
"409157308","Annabel Karmel Kids Recipes","India","South Asia","56","10","5","10","Make feeding your baby, toddler and family easier with Annabel Karmel's multi award-winning recipe app. From first tastes and baby-led weaning to family meals, you'll find expert guidance, practical tools and over 1,500 nutritious recipes all in one place. Millions of families rely on Annabel's reci…"
"6811413849","beans - dial your espresso","India","South Asia","57","0","0","0","Your coffee bags are too good to throw away. Every bag says something — the label, the story, the roaster's whole reason for being. Then the coffee's gone, and so is the bag, into the bin with the eggshells. beans keeps it: turn any bag into a keepsake 3D model and stand it on a shelf that's actuall…"
"1241057014","Keto Diet App - Macro Tracker","India","South Asia","58","12","4.41667","12","Ketogenic Diet App - get healthy, feel good, and lose weight. Our app is your ultimate companion in adopting a flexible, low-carb diet for health benefits and weight reduction, combining our successful meal plans with over 200k happy customers! The Keto Diet App is designed to help you realize the h…"
"6477230784","101 before one","India","South Asia","59","0","0","0","Paid Membership to 101 before one required to use our app. Introduce 101 foods through baby-led weaning & family-style meals. Welcome to 101 before one! We are a team of pediatric experts here to help parents introduce solids to their baby through our signature Family Meals from the Start® program, …"
"6468674686","Guardian Feast: Daily Recipes","India","South Asia","60","5","5","5","With over 7,000 recipes to choose from, find unique flavours, explore different cuisines and expand your usual repertoire, with a 14-day free trial of the Feast app. Or if you are already a Guardian subscriber, sign in to see if Feast is included in your subscription. The Feast app is filled with da…"
"1669762026","Baby Led Weaning Cookbook","India","South Asia","61","31","4.74193","31","Embark on a seamless Baby-Led Weaning Journey with our app: * Discover Baby-Led Weaning: Navigate the world of solids with confidence. Our app is your comprehensive guide, presenting the latest research findings, nutritional insights and tips for safe, joyful weaning. * 1000+ Foods & Recipes: Indulg…"
"6754413004","TGB: Meal Planner & Recipes","India","South Asia","62","0","0","0","Do you buy groceries with a plan, then still feel stuck at dinner time? TGB helps you map out the week first, then builds a grocery list from your plan. Your shopping matches your week menu, so you use what you buy. Save what works and move things around when plans change. Keep recipe ideas in one p…"
"486811622","Cocktail Flow - Drink Recipes","India","South Asia","63","530","4.78679","530","Cocktail Flow features beautifully presented cocktail recipes with step by step guides and is packed with features you’ll love whether you’re a novice bartender or a professional mixologist. YOUR BAR, YOUR CABINET Mark the cocktail ingredients you have at home in the cabinet page and see what drinks…"
"1587685734","Cookmate - My Recipe Organizer","India","South Asia","64","18","4.72222","18","Cookmate lets you create your own digital cookbook. Build your own recipe database by gathering recipes on the web and using the import features. It is you and your own cookery! You are looking for a new recipe ? Use our searching engine to find a new recipe on the web. When you have found one you l…"
"1488585822","Brewfather","India","South Asia","65","5","4.8","5","Powerful and easy to use tool for your brewing needs. Easily create and manage your recipes. Keep track of all the details in your batches and your ingredients inventory. Brewfather is made from the ground up to give you the best recipe design and brewing experience on both desktop and mobile device…"
"1059211083","OrganizEat Recipe Keeper Box","India","South Asia","66","48","4.875","48","Streamline your cooking experience with OrganizEat Recipe Keeper. Our all-in-one app is your ultimate recipe organizer, cookbook, and keeper box, packed with features to simplify your culinary journey. Your All-in-One Recipe Organizer, Cookbook, and Keeper Box. No Typing! Snap Photos, Import, Tag, a…"
"1445442810","Fasting Tracker App","India","South Asia","67","8","4.625","8","*** CALORIE-BASED FASTING *** If you’re doing intermittent fasting for 13 hours incl. being active during your fast, will you burn more calories than by just doing intermittent fasting for 16 hours? Find out yourself - with calorie-based fasting: Count how active you are or how much calories you bur…"
"466252999","Green Kitchen","India","South Asia","68","4","4.5","4","Regardless if you just want to eat more greens or already are a full time vegetarian - Green Kitchen is the perfect companion in your kitchen or while planning from your sofa. Green Kitchen is filled with tasty and inspiring vegetarian food with ingredients straight from nature and a bare minimum of…"
"1052988561","Food Monster - Vegan Recipes","India","South Asia","69","19","4.84211","19","One Green Planet's Food Monster app gives you once free recipe per day and instant access to 20,000+ plant-based, vegan, meatless, and dairy-free recipes that are sure to satisfy all taste buds! By subscribing to our monthly and yearly subscription options you can unlock our premium features like ac…"
"1595938390","Zest: Meal Planner & Recipes","India","South Asia","70","119","4.79832","119","Tired of cooking the same 3 meals on repeat? Zest integrates a mind-blowing cooking education into your routine. Learn to cook with us through step-by-step explanations of foundational cooking concepts in fewer than 10 minutes and dishes that bring the concept to life. Our recipes are created by two…"
"1574776971","Pestle: Recipe Manager","India","South Asia","71","44","4.75","44","Save recipes from Instagram, TikTok, Facebook, YouTube and more with Pestle. IMPORT FROM ANYWHERE Import recipes from anywhere on the internet to Pestle, and keep just the ingredients and steps. Just tap 'Share', and 'Save to my Cookbook'. GUIDED COOKING Turn any recipe into a step-by-step process w…"
"1476621703","ckbk: discover great cookbooks","India","South Asia","72","0","0","0","ckbk offers the world’s best cookbooks, all in one place: • Filter your searches by diet, type of dish, national cuisine, author and more... • Recipes are enhanced with macronutrient data to help you meet your healthy-eating goals • Customize your preferred units (metric or US cups) and dietary filt…"
"775457437","Vegetarian Meal Plan & Recipes","India","South Asia","73","0","0","0","Wouldn't it be great getting delicious and well rounded Vegetarian recipes every day of the week? Well that's exactly what you'll get with Vegetarian Meal Plans! Ok so it won't actually make the recipes for you, but it can help you get started eating healthy and tasty vegetarian meals every day of t…"
"1447158881","Maja Vase","India","South Asia","74","3","3.66667","3","The app has more than 150 detailed, easy-to-follow cake and dessert recipes. You only pay once and get access to all the recipes in the app. Highlights: • 150+ inspiring recipes • Lots of tips and wild techniques • Gorgeous, high-quality pictures • Search recipes using ingredient keywords • All reci…"
"1351412313","FullyRaw by Kristina","India","South Asia","75","13","4.38462","13","Join the FullyRaw Revolution! FullyRaw by Kristina is the ultimate guide to living a cleaner and healthier lifestyle through the consumption of organic raw foods. Offering over 500 recipes (including juices, smoothies, salads, desserts, and main dishes) with instructional videos, grocery shopping li…"
"297650041","8,500+ Drink Recipes","India","South Asia","76","593","4.68297","593","Yes. You heard it right. Free. Over 8,500 Drink & Cocktail recipes at the tap of your fingertips. Now you know what bartenders are putting into your expensive drinks. Drink & Cocktail Recipes databases typically cost hundreds to thousands of dollars. We're giving it away to you for free. Features: *…"
"864979091","Jason Vale’s Super Juice Me!","India","South Asia","77","1","5","1","OVER 1 MILLION JASON VALE APPS HAVE NOW BEEN SOLD! Super Juice me the 'Ultimate Juice Diet' and has been designed to completely transform your health in just 28 days. Not only will the average person LOSE BETWEEN 20-30LBS on the plan, but it has been shown, in many cases, to help a variety of common…"
"1079607960","Oh She Glows","India","South Asia","78","24","4.70833","24","New York Times bestselling cookbook author Angela Liddon, shares her most popular plant-based recipes from the award-winning recipe blog, OhSheGlows.com, and stunning, vibrant food photography for each recipe. Angela has been creating healthy, veggie-packed recipes for more than 10 years, and she on…"
"1514053992","Pregnancy Diet: Food & Recipes","India","South Asia","79","2","3","2","What are the best recipes? Is there a particular snack for my morning sickness? Find answers about diet and pregnancy with this very complete app. All content is written by certified nutritionists. Monitor your diet and find healthy alternatives for bad foods. Save healthy recipes for your pregnancy…"
"6670216494","Mob: Meal Planner and Recipes","Pakistan","South Asia","1","1","5","1","Join 4 million+ home cooks who've made weeknight cooking easy. Plan your week, build your shopping list in a tap, and never cook the same thing twice. Apple App of the Day and featured by Apple. Rated 4.5 stars by our community and loved in the press. Mob turns cooking from a daily scramble into the…"
"6758783243","RecipeVault: Recipe Keeper","Pakistan","South Asia","2","0","0","0","Save recipes from TikTok, Instagram, and YouTube in one tap then actually cook them. RecipeVault turns the chaos of bookmarked videos, screenshots, and browser tabs into one clean, searchable cookbook. → IMPORT FROM ANYWHERE - TikTok, Instagram Reels, YouTube & Shorts - Any website, blog, or recipe …"
"6739286231","Osta: Save & Share Recipes","Pakistan","South Asia","3","237","4.26582","237","With Osta, you can save & import recipes from Instagram, websites, and TikTok. Organize and cook your favorite recipes in your own personalized recipe box. All your recipes in one place. • Import recipes instantly from Instagram, TikTok, or a website. • Cook using a simple recipe display with no clu…"
"6450664772","Scoolinary: Learn & Cook","Pakistan","South Asia","4","0","0","0","Scoolinary is the culinary learning app for chefs, entrepreneurs, students, and passionate home cooks. Learn from the world’s best chefs, with 50+ Michelin stars, and access 400+ courses and 3,000 step-by-step video recipes. What you’ll learn •Professional cooking techniques applicable to any dish. …"
"1553130679","Your Secret Menu for Starbucks","Pakistan","South Asia","5","3","4.33333","3","Discover 500+ secret menu drinks, viral TikTok favorites, and creative custom recipes for your next coffee run. NEW RECIPES ADDED EVERY WEEK • 14,000+ FIVE-STAR REVIEWS See a drink all over your feed? Find out what’s in it, choose your size, and get clear, simple instructions for how to order it. Th…"
"1540604002","Pam Fitness & Food","Pakistan","South Asia","6","7","4.57143","7","THE BASICS: 1.⁠ ⁠Yummy and healthy recipes, using natural ingredients. No artificial sweeteners, etc. 2.⁠ ⁠I love to replace „bad“ ingredients of classic recipes - for example cane sugar or white flour - with more healthy alternatives. Therefore we can still eat dessert. But we get important nutrien…"
"6755683833","BakeSide","Pakistan","South Asia","7","1","5","1","What you can do with BakeSide • Check your sourdough starter on demand Snap a photo, share details like temperature, smell, or fridge time, and get clear guidance on what to do next based on your goals. • Plan perfect baking timelines Create bake schedules that target the exact time you want your lo…"
"1533933692","Secret Menu for Starbucks +","Pakistan","South Asia","8","35","4.37143","35","Turn your kitchen into your favourite coffee shop. Ever seen a colourful café drink and wondered what’s inside? Secret Menu: Coffee Recipes brings over 600 creative drink recipes straight to your fingertips, so you can discover new flavours and recreate your favourites at home. EXPLORE YOUR NEXT FAV…"
"6479693198","Eatr・AI Healthy Diet Meal Plan","Pakistan","South Asia","9","441","4.45578","441","Welcome to Eatr - the ultimate companion for everyone from cooking novices to seasoned chefs! Our app is designed to guide you through a culinary adventure tailored just for you. Whether you're pressed for time or looking to indulge in a leisurely cooking spree, Eatr has you covered. Time Management…"
"911422904","NYT Cooking: Quick Tasty Meals","Pakistan","South Asia","10","30","4.8","30","New York Times Cooking has thousands of easy recipes you’ll love to make, from easy weeknight dinners to holiday showstoppers. Editor-curated collections make it easy to find the right recipe, and helpful videos make them fun and simple to cook. With our digital Recipe Box, you can easily save favou…"
"1593779280","ReciMe: Recipes & Meal Planner","Pakistan","South Asia","11","90","4.7","90","The number 1 recipe organizer. ReciMe saves all your favorite recipes in one place, including Instagram, Facebook, TikTok, YouTube and Pinterest. Create grocery lists and meal plans. Calculate calories for every recipe. However you cook, ReciMe helps you do it, better. FEATURES - Save Recipes from I…"
"1157455937","Keto Diet Recipes App","Pakistan","South Asia","12","164","4.59145","164","Embark on a Transformative Keto Journey with Our App! *** Your Ultimate Keto Guide: Curious about the Keto Diet? Explore in-depth insights into Ketosis, different Keto approaches, benefits backed by science, overcoming Keto flu, and more! *** Comprehensive Food Lists: Discover vital lists for your K…"
"1164423781","Gronda: Recipes for Chefs","Pakistan","South Asia","13","9","4.77778","9","** Apple’s App of the Day in 120+ Countries ** ** Used by 2M+ Chefs Worldwide ** ""Unlimited amount of inspiration"" — Netflix Superstar Ana Roš Gronda is the #1 app for professional and home chefs. Learn from the world’s best, fine dining recipes, and connect with a global community of culinary exper…"
"1540196240","BLW Meals: Starting Solids","Pakistan","South Asia","14","0","0","0","What parents are saying: Iluvpalmtrees Favorite BLW app ""So much free information and excellent examples of what you can feed your little one through all stages. Follow their IG as well for daily tips and videos."" MJ - first time mom Love this app! ""I absolutely love this app and the Instagram page.…"
"1505065609","Love, Manuela","Pakistan","South Asia","15","2","5","2","Love, Manuela is a baking app created by Norwegian baker Manuela Kjeilen, known as @passionforbaking. For more than a decade, Manuela has shared her love of baking with people around the world. She has published nine baking books, hosted her own baking show on TV in Sweden, and inspires more than 1.…"
"409157308","Annabel Karmel Kids Recipes","Pakistan","South Asia","16","1","4","1","Make feeding your baby, toddler and family easier with Annabel Karmel's multi award-winning recipe app. From first tastes and baby-led weaning to family meals, you'll find expert guidance, practical tools and over 1,500 nutritious recipes all in one place. Millions of families rely on Annabel's reci…"
"1529870663","My Little Food Critic","Pakistan","South Asia","17","0","0","0","The BEST SELLING My Little Food Critic App is your “go to” for feeding babies, toddlers, kids and the whole family! NEW RECIPES EVERY WEEK Fresh NEW recipes landing every week! Step by step recipe instructions, images and instructional recipe VIDEOS for selected recipes. Easily change cooking units …"
"1241057014","Keto Diet App - Macro Tracker","Pakistan","South Asia","18","2","4.5","2","Ketogenic Diet App - get healthy, feel good, and lose weight. Our app is your ultimate companion in adopting a flexible, low-carb diet for health benefits and weight reduction, combining our successful meal plans with over 200k happy customers! The Keto Diet App is designed to help you realize the h…"
"6714449541","Honeydew: Recipe & Cookbook AI","Pakistan","South Asia","19","26","4.26923","26","TRANSFORM YOUR COOKING & MEAL PLANNING WITH HONEYDEW The smartest AI-powered recipe, grocery list and meal planning app. Instantly import any recipe with one tap from social media, YouTube cooking videos, Instagram and Facebook Reels, screenshots, notes and websites. Turn food trends into your next …"
"1618589011","Pick Up Limes","Pakistan","South Asia","20","0","0","0","Plan your meals, feel nourished, and eat delicious plant-based food. The Pick Up Limes App brings together nourishing vegan recipes, personalized meal plans, grocery tools, nutrition support, and all your favourite online recipes in one place. Top features • 1800+ plant-based recipes, with new ones …"
"1595938390","Zest: Meal Planner & Recipes","Pakistan","South Asia","21","37","4.75676","37","Tired of cooking the same 3 meals on repeat? Zest integrates a mind-blowing cooking education into your routine. Learn to cook with us through step-by-step explanations of foundational cooking concepts in fewer than 10 minutes and dishes that bring the concept to life. Our recipes are created by two…"
"974683711","Recipe Keeper","Pakistan","South Asia","22","6","5","6","Recipe Keeper is the easy to use, all-in-one recipe organizer, shopping list and meal planner available across all of your devices. ADD RECIPES QUICKLY AND EASILY Enter your recipes with as much or as little information as you like. Copy and paste recipes from your existing documents or apps. Catego…"
"1249805978","MealPrepPro Planner & Recipes","Pakistan","South Asia","23","28","4.42856","28","Have your meals and groceries planned for you with MealPrepPro. MealPrepPro is a smart meal planner that adapts to your schedule, food preferences and goals. Reach your health goals No more counting calories. Meal plans are automatically adapted to your calorie and macro needs. #1 for Meal Prep Prep…"
"6756583556","Eatty: Healthy Cooking Recipes","Pakistan","South Asia","24","11","4.36364","11","Eatty is an AI powered app for healthy cooking and everyday nutrition. It helps you plan meals track calories and cook balanced food without stress or complicated rules. The app adapts to your lifestyle and preferences so healthy eating feels natural and sustainable. With the help of artificial inte…"
"1318747966","Keto Calculator & Keto-Recipes","Pakistan","South Asia","25","3","5","3","How does Keto-Recipes work? * Just select keto meals you like most for breakfast, lunch, as a snack or dinner. * Our Keto Diet Tracker App shows you if you hit the right amount of fat intake. ...with this Keto Tracker you no longer have to do on your own: * Scan barcodes. * Endless time wasting with…"
"839914467","Secret Menu Coffee Recipes","Pakistan","South Asia","26","8","5","8","Secret Menu is an independent, unofficial guide. Not affiliated with, endorsed by, or sponsored by Starbucks Corporation. STARBUCKS is a registered trademark of Starbucks Corporation. Discover 200+ cafe-style drink recipes — with step-by-step ordering and at-home instructions so you get it right eve…"
"6754413004","TGB: Meal Planner & Recipes","Pakistan","South Asia","27","1","5","1","Do you buy groceries with a plan, then still feel stuck at dinner time? TGB helps you map out the week first, then builds a grocery list from your plan. Your shopping matches your week menu, so you use what you buy. Save what works and move things around when plans change. Keep recipe ideas in one p…"
"6469321012","Starting Solids & Baby Food","Pakistan","South Asia","28","1","1","1","Our app has 250+ delicious and healthy recipes carefully prepared for your baby and an unlimited number of recipes that you can create with artificial intelligence. Key app features: *Recipes: 250+ healthy and delicious baby recipes carefully prepared for your baby, Plus new recipes will be added re…"
"1574776971","Pestle: Recipe Manager","Pakistan","South Asia","29","1","3","1","Save recipes from Instagram, TikTok, Facebook, YouTube and more with Pestle. IMPORT FROM ANYWHERE Import recipes from anywhere on the internet to Pestle, and keep just the ingredients and steps. Just tap 'Share', and 'Save to my Cookbook'. GUIDED COOKING Turn any recipe into a step-by-step process w…"
"1562044498","My Diabetes Diet & Meal Plan","Pakistan","South Asia","30","0","0","0","My Diabetes Diet is a simple, easy-to-use app that helps you create a personalized diabetes meal plan tailored to your unique needs. With this app, you can easily create a balanced diet plan with a variety of food options, track your daily food intake, and get tailored advice about nutrition and lif…"
"1224895623","Healthy Air Fryer Recipes","Pakistan","South Asia","31","9","4.77778","9","Are you one of those who enjoy fried food but also realizes that it is unhealthy? If you are someone who likes to cook food at home but dislikes the oily mess and nasty odors that accompanies cooking. Then this AirFryer Recipes app is for you. Use this app and enjoy healthier AirFryer food, with 70-…"
"1303222868","Paprika Recipe Manager 3","Pakistan","South Asia","32","2","5","2","Organize your recipes. Create grocery lists. Plan your meals. Download recipes from your favorite websites. Seamlessly sync to all your devices. Features • Recipes - Download recipes from your favorite websites, or add your own. • Grocery Lists - Create smart grocery lists that automatically combine…"
"1445442810","Fasting Tracker App","Pakistan","South Asia","33","4","4.75","4","*** CALORIE-BASED FASTING *** If you’re doing intermittent fasting for 13 hours incl. being active during your fast, will you burn more calories than by just doing intermittent fasting for 16 hours? Find out yourself - with calorie-based fasting: Count how active you are or how much calories you bur…"
"1499044130","Keto Diet- Carb Tracker & Meal","Pakistan","South Asia","34","2","5","2","Keto Diet helps you track carbs, log meals, and follow a diet plan built around your goals - no guesswork, no spreadsheets. TRACK WHAT MATTERS Log your food in the food diary and see net carbs, calories, and macros for everything you eat. Daily nutrition summaries and progress trends show where you …"
"6757105458","Feedr - Recipe Organizer","Pakistan","South Asia","35","2","5","2","Tired of scrolling back through months of posts trying to find that one pasta recipe you saw? Recipe Keeper automatically pulls ingredients, instructions, and cooking times from posts across Instagram, TikTok, Facebook, Pinterest, and more—no more screenshots cluttering your camera roll. How it work…"
"1481818660","CibouScan - Food & beauty","Pakistan","South Asia","36","27","4.62962","27","CIBOUSCAN: Scan Your BEAUTY & FOOD Products Health Score, Nutri-Score, NOVA, Calories & Recipes CIBOUSCAN is the all-in-one app to take care of your health, skin, nutrition, and the planet. Scan beauty products and food in seconds to understand what you use and eat - ingredients, health scores, Nutr…"
"1669762026","Baby Led Weaning Cookbook","Pakistan","South Asia","37","12","3.83333","12","Embark on a seamless Baby-Led Weaning Journey with our app: * Discover Baby-Led Weaning: Navigate the world of solids with confidence. Our app is your comprehensive guide, presenting the latest research findings, nutritional insights and tips for safe, joyful weaning. * 1000+ Foods & Recipes: Indulg…"
"6477230784","101 before one","Pakistan","South Asia","38","0","0","0","Paid Membership to 101 before one required to use our app. Introduce 101 foods through baby-led weaning & family-style meals. Welcome to 101 before one! We are a team of pediatric experts here to help parents introduce solids to their baby through our signature Family Meals from the Start® program, …"
"1073341917","Recipe Keeper - CookBook","Pakistan","South Asia","39","0","0","0","Stop screenshotting dinner ideas. CookBook turns recipes from Instagram, TikTok, websites and photos into meals you can plan, shop and cook. CookBook is a smart recipe keeper loved by thousands of home cooks. Save recipes from anywhere, organise them into a private digital cookbook, plan meals, crea…"
"1059211083","OrganizEat Recipe Keeper Box","Pakistan","South Asia","40","4","4.25","4","Streamline your cooking experience with OrganizEat Recipe Keeper. Our all-in-one app is your ultimate recipe organizer, cookbook, and keeper box, packed with features to simplify your culinary journey. Your All-in-One Recipe Organizer, Cookbook, and Keeper Box. No Typing! Snap Photos, Import, Tag, a…"
"980368562","FitMenCook - Healthy Recipes","Pakistan","South Asia","41","2","5","2","Struggle free, healthy recipes that are easy on the wallet. It’s as simple as that, and it’s a message that’s seen over 1 million people follow FitMenCook on social media. Be honest, have you ever heard these complaints about healthy eating? - “Eating healthy is too expensive!” - “It takes too long!…"
"1613090960","Kids Meals: Recipes & Guides","Pakistan","South Asia","42","1","5","1","What parents are saying: Binkbnyy Life Changing “We have grown so much using this app and the tips posted on their Instagram. It’s been life changing for my son. The recipes are regularly updated and added unlike others. It’s also significantly cheaper than other apps on this level. They focus on po…"
"1617055933","Food Recipes by Arabesk","Pakistan","South Asia","43","0","0","0","Prepare healthy and delicious Mediterranean-style meals in the comfort of your own home with video recipes from Arabesque Kitchen+. Choose from a collection of easy-to-follow recipes, each with its own shopping list and video instructions. Arabesque Kitchen+ has a recipe for every diet, including ve…"
"6449253484","Magic Chef AI Recipe Generator","Pakistan","South Asia","44","15","4.53333","15","Introducing Magic Chef AI Recipe Generator — ChatGPT 4 Cook & Meal Planner. Cooking healthy and yummy dishes has never been this easy! The AI-based app will revolutionize your culinary adventures and minimize your meal prep time. Magic Chef offers infinite tasty breakfast, lunch, snack and dinner id…"
"1079999103","Mealime Meal Plans & Recipes","Pakistan","South Asia","45","0","0","0","Mealime is a simple way for busy singles, couples, and families to plan their meals and eat healthier. Our meal plans & recipes are highly customizable so you can easily personalize a plan that works with your unique tastes and lifestyle. Join over 5,000,000 people who have used our meal plans to ea…"
"312101965","Epicurious","Pakistan","South Asia","46","12","4.41667","12","Cook smarter with 50,000+ tested recipes from Epicurious, Bon Appétit, and more. Find easy dinners, healthy meals, and expert cooking guidance - all in one app. Subscribe to the Epicurious in the app, or if you’re already a subscriber, log in for unlimited access to recipes and so much more. THE EPI…"
"1461650987","Crouton: Recipe Manager","Pakistan","South Asia","47","2","4.5","2","Crouton is feature packed recipe organizer & meal planner. The best place to store your favorite recipes from where ever you find them, websites, cookbooks or a handwritten note from your Grandma. IMPORT ANYWHERE Crouton supports importing recipes from almost everywhere! Pull recipes automatically o…"
"6742485790","All My Meals - Save Recipes","Pakistan","South Asia","48","4","4.75","4","Save recipes straight from social media! Welcome to All My Meals – your clever recipe app that lets you save viral social media recipes and organize your kitchen in one place! Say goodbye to the daily ""What's for dinner?"" struggle. - 4.7 stars from > 4,000 ratings - Over 300,000 downloads - Used by …"
"453809428","Bon Appetit","Pakistan","South Asia","49","0","0","0","Bon Appétit is where food and culture meet. The award-winning No. 1 food lifestyle brand covers food through the lens of cooking, fashion, travel, technology, design and home. As the leading arbiter of taste, its home-grown talent and tireless dedication to recipe testing separates it from the compe…"
"1602468587","Baby-Led Weaning Recipe Guide","Pakistan","South Asia","50","0","0","0","Make Baby-Led Weaning Simple & Enjoyable Wondering how to start your baby's food journey safely and confidently? Our comprehensive recipe guide takes the stress out of baby-led weaning with age-appropriate meal ideas perfect for little hands. WHY CHOOSE OUR BLW GUIDE? • Quick & Easy Recipes: Nutriti…"
"1016450821","VST CoffeeTools PRO for iPhone","Pakistan","South Asia","51","0","0","0","PROFESSIONAL COFFEE TOOLS DESIGN SOFTWARE for the BARISTA, SPECIALTY ROASTER, CAFÉ and RESTAURANT OPERATOR and COFFEE & ESPRESSO BEVERAGE EQUIPMENT DESIGNER Based on MoJoToGo – Best New Product SCAA EXPO 2010 VST's UNIVERSAL BREWING CONTROL CHART SOFTWARE For Coffee, Espresso, Cupping and Equipment …"
"795495986","KptnCook: Cook & Meal Planner","Pakistan","South Asia","52","1","4","1","""What should I cook today?"" KptnCook answers that question every single day. You get 3 fresh, handpicked recipes daily, curated by nutritionists and chefs, so you spend less time deciding and more time actually cooking. Built for the everyday cook who wants to eat well without the stress. 8M+ users …"
"1453511486","Meal Planner: mealplan recipes","Pakistan","South Asia","53","1","5","1","Plan Weekly, Eat Tastefully, Live Healthily Knowing your weekly meal plan ahead of time eliminates impulse eating and poor dietary choices. Reach your weight loss goal faster without calorie counting! Just insert your preferences & fitness goals, and get ready to take the healthy path! FEATURES & RE…"
"1195428600","Cocktail Art-Drink Recipes App","Pakistan","South Asia","54","0","0","0","A huge selection of cocktails with collections of recipes for any occasion. Descriptions of all ingredients and variants for their replacement. Add your drinks to the bar and you can see what you can make from them. Have your own cocktail? Add it to the app. Rate cocktails and create your own select…"
"6778760884","Potto - meal planner","Pakistan","South Asia","55","0","0","0","Potto turns a few simple choices into a full week of meals — built around your supermarket, your budget, and the way you like to eat. No account, no fuss. Tell Potto your store, your weekly budget, your dietary needs and the gadgets in your kitchen, and it instantly creates a meal plan with recipes,…"
"1447158881","Maja Vase","Pakistan","South Asia","56","0","0","0","The app has more than 150 detailed, easy-to-follow cake and dessert recipes. You only pay once and get access to all the recipes in the app. Highlights: • 150+ inspiring recipes • Lots of tips and wild techniques • Gorgeous, high-quality pictures • Search recipes using ingredient keywords • All reci…"
"771068291","Kitchen Stories Easy Recipes","Pakistan","South Asia","57","183","4.73224","183","Kitchen Stories is your ultimate digital cookbook, recipe keeper, and meal planner for everyday cooking! Discover thousands of chef-tested recipes, get inspired by culinary creators, and learn new cooking techniques step-by-step. Whether you want a quick weekday meal, healthy dinner ideas, or baking…"
"6753148494","Youmeal: Recipe Keeper","Pakistan","South Asia","58","19","4.36842","19","All your favorite recipes, All your favorite recipes in one simple app Youmeal helps you save and organize every recipe you love — from Instagram, TikTok, Facebook, and more. Build grocery lists, plan your weekly meals, and get instant nutrition facts for any recipe. MAIN FEATURES Save recipes from …"
"6449961549","ChefGPT: AI Calories Tracker","Pakistan","South Asia","59","6","4.83333","6","HOW TO USE CHEFGPT: 1) Answer lifestyle questions to build your tailored plan 2) Create recipes and meal plans with ChefGPT’s advanced AI models: a. PantryChef – Open PantryChef, select the ingredients you have on hand – Tap “Generate” to see AI-crafted recipes that use exactly what’s in your pantry…"
"6479545461","Seeya","Pakistan","South Asia","60","4","4","4","Seeya - A tantalizing journey around the globe Embark on a tantalizing journey around the globe with Seeya, the ultimate app for food enthusiasts and culinary adventurers. Whether you’re a curious gourmand or simply someone who loves good food, Seeya is designed to inspire your culinary creativity a…"
"1514053992","Pregnancy Diet: Food & Recipes","Pakistan","South Asia","61","1","4","1","What are the best recipes? Is there a particular snack for my morning sickness? Find answers about diet and pregnancy with this very complete app. All content is written by certified nutritionists. Monitor your diet and find healthy alternatives for bad foods. Save healthy recipes for your pregnancy…"
"1217456898","Tasty: Recipes, Cooking Videos","Pakistan","South Asia","62","792","4.80429","792","Welcome to the Tasty App – your ultimate cooking companion, featuring over 10,000 delicious recipes with video, step-by-step cooking mode, personalized recommendations, a thriving community of home chefs, and recipe shopping and seamless checkout. Tasty brings you the best of food and recipe discove…"
"1501680260","Italian Recipes & Meal Plans","Pakistan","South Asia","63","0","0","0","Transform Your Kitchen into an Italian Trattoria! Discover the joy of authentic Italian cooking with our comprehensive collection of recipes and smart meal planning tools. Perfect for busy home cooks who love Italian cuisine but need simple, organised solutions. WHY CHOOSE OUR APP? • Authentic Itali…"
"1460794188","Salad Recipes - Meal Planner","Pakistan","South Asia","64","1","4","1","Discover the easiest way to create delicious, nutritious salads every day. Whether you're looking to eat healthier, lose weight, or simply enjoy fresh, flavourful meals, Salad Recipes - Healthy Guide brings hundreds of inspiring ideas straight to your kitchen. Transform your eating habits with our c…"
"1177953725","Healthy Recipes & Meal Planner","Pakistan","South Asia","65","0","0","0","Celebrate Mother's Day with Love Make this Mother's Day unforgettable with our curated collection of wholesome, heartwarming recipes perfect for honoring the special women in your life. From nutritious breakfast-in-bed ideas to elegant brunch spreads and comforting family dinners, show your apprecia…"
"959638683","Anova Culinary","Pakistan","South Asia","66","1","5","1","The Anova family of precision cookers allows everyone to cook like a pro! Paired with the Anova Culinary app, now perfectly cooked restaurant quality meals are as easy as the touch of a button. Browse the largest collection of sous vide recipes by Michelin star chefs and home cooks just like you. Th…"
"1365223384","America's Test Kitchen","Pakistan","South Asia","67","0","0","0","The America's Test Kitchen app delivers the best-tasting recipes, cooking videos, product reviews, and more than 30 years of test kitchen discoveries! Get every rigorously tested recipe from America’s Test Kitchen, Cook’s Illustrated, and Cook’s Country. Recipe collections for every occasion: Weekni…"
"403188971","Pepperplate Cooking Planner","Pakistan","South Asia","68","0","0","0","Pepperplate is the only app for serious cooks. It has all the tools you need to cook weeknight dinners or host a dinner party for 12. Manage your recipes, create menus, shop with ease and cook like a pro on your iPad and iPhone. Features: * Pepperplate seamlessly manages recipes, menus and shopping …"
"6757658828","MunchMind","Pakistan","South Asia","69","0","0","0","MunchMind gives you full access to 200+ baby and toddler recipes with a one-time purchase — plus an optional subscription to keep your personalized meal plans coming every week. MunchMind automatically builds a weekly meal plan tailored to your baby — based on their age and feeding stage, diet type,…"
"6443649573","Meal Planner • Grocery List","Pakistan","South Asia","70","0","0","0","Plan meals, organize your pantry, and save time. Stop losing your favorite recipes or buying the same items twice. With Meal Master Plan, plan weekly meals, manage your pantry, and import recipes from anywhere — all in one app. Import recipes from anywhere Scan a photo from a cookbook, paste a link …"
"842843803","Gluten-Free Diet Meal Plan","Pakistan","South Asia","71","0","0","0","Wouldn't it be great getting delicious and well rounded gluten-free recipes every day of the week? Well that's exactly what you'll get with Gluten Free Meal Plans! Ok so it won't actually make the recipes for you, but typically following a gluten-free diet requires the knowledge of what’s allowed or…"
"1555897547","CakeCost","Pakistan","South Asia","72","0","0","0","Are you struggling to figure out what to charge for your cakes and baking services? - CakeCost is designed for bakers and cake decorators, and makes recipe pricing easy. Are you unsure if you are charging enough for your baking? - CakeCost removes uncertainty by calculating prices including ingredie…"
"410599593","Jason Vale’s 7-Day Juice Diet","Pakistan","South Asia","73","0","0","0","OVER 1 MILLION JASON VALE APPS HAVE NOW BEEN SOLD! LOSE UP TO 7LBS IN 7 DAYS, gain more energy, sleep better, improve your skin, and set yourself free from the diet trap forever with the most successful juice plan of all time. This 7-day super juice cleanse is the perfect plan for effective, healthy…"
"466252999","Green Kitchen","Pakistan","South Asia","74","0","0","0","Regardless if you just want to eat more greens or already are a full time vegetarian - Green Kitchen is the perfect companion in your kitchen or while planning from your sofa. Green Kitchen is filled with tasty and inspiring vegetarian food with ingredients straight from nature and a bare minimum of…"
"1451692497","Food Scan – Slim & Recipes","Pakistan","South Asia","75","2","3","2","Lose weight smartly, without restriction. Ciboulette is your personalized food assistant that helps you eat better, lose weight sustainably, and care for the planet. Scan any food product to get detailed nutritional information, additive analysis, Nutri-Score and NOVA ratings, and instantly discover…"
"486811622","Cocktail Flow - Drink Recipes","Pakistan","South Asia","76","0","0","0","Cocktail Flow features beautifully presented cocktail recipes with step by step guides and is packed with features you’ll love whether you’re a novice bartender or a professional mixologist. YOUR BAR, YOUR CABINET Mark the cocktail ingredients you have at home in the cabinet page and see what drinks…"
"1234987252","Fussy Toddler Recipes","Pakistan","South Asia","77","0","0","0","Do you want your child to eat a healthy, balanced diet but feel stuck when they refuse everything you offer? Are mealtimes turning into negotiations, stress and wasted food? The Fussy Toddler App is here to help. Packed with quick, easy, family-friendly recipes, this app is designed specifically for…"
"1357982522","Total Keto Diet: Low Carb App","Pakistan","South Asia","78","4","4.75","4","Total Keto Diet is your go-to keto diet app for low carb recipes, keto meals & exercise tracking. 1000s of delicious keto recipes, calorie & macro tracker, exercise & workout tracking, keto community, custom meal plans tailored around you and your goals, keto diet articles, shopping lists & more low…"
"372387251","Substitutions","Pakistan","South Asia","79","0","0","0","Substitutions. Food & Drink. iOS 11 or later. Now nearly 1500 substitutions. Search! Alcohol. Allergy. Baking. Cooking. Dairy. Gluten-Free. Herbs. Spices. Low Carb. Low Fat. Low Sodium. Migraine. Seafood. Meat. Utensil. Vegan. Twitter: @Gormaya"
"6758783243","RecipeVault: Recipe Keeper","Nepal","South Asia","1","0","0","0","Save recipes from TikTok, Instagram, and YouTube in one tap then actually cook them. RecipeVault turns the chaos of bookmarked videos, screenshots, and browser tabs into one clean, searchable cookbook. → IMPORT FROM ANYWHERE - TikTok, Instagram Reels, YouTube & Shorts - Any website, blog, or recipe …"
"1241057014","Keto Diet App - Macro Tracker","Nepal","South Asia","2","0","0","0","Ketogenic Diet App - get healthy, feel good, and lose weight. Our app is your ultimate companion in adopting a flexible, low-carb diet for health benefits and weight reduction, combining our successful meal plans with over 200k happy customers! The Keto Diet App is designed to help you realize the h…"
"911422904","NYT Cooking: Quick Tasty Meals","Nepal","South Asia","3","1","4","1","New York Times Cooking has thousands of easy recipes you’ll love to make, from easy weeknight dinners to holiday showstoppers. Editor-curated collections make it easy to find the right recipe, and helpful videos make them fun and simple to cook. With our digital Recipe Box, you can easily save favou…"
"1481818660","CibouScan - Food & beauty","Nepal","South Asia","4","19","4.36842","19","CIBOUSCAN: Scan Your BEAUTY & FOOD Products Health Score, Nutri-Score, NOVA, Calories & Recipes CIBOUSCAN is the all-in-one app to take care of your health, skin, nutrition, and the planet. Scan beauty products and food in seconds to understand what you use and eat - ingredients, health scores, Nutr…"
"6479693198","Eatr・AI Healthy Diet Meal Plan","Nepal","South Asia","5","57","4.31579","57","Welcome to Eatr - the ultimate companion for everyone from cooking novices to seasoned chefs! Our app is designed to guide you through a culinary adventure tailored just for you. Whether you're pressed for time or looking to indulge in a leisurely cooking spree, Eatr has you covered. Time Management…"
"1303222868","Paprika Recipe Manager 3","Nepal","South Asia","6","0","0","0","Organize your recipes. Create grocery lists. Plan your meals. Download recipes from your favorite websites. Seamlessly sync to all your devices. Features • Recipes - Download recipes from your favorite websites, or add your own. • Grocery Lists - Create smart grocery lists that automatically combine…"
"1619509620","Meal Planner & Grocery List","Nepal","South Asia","7","0","0","0","Meal Planner & Grocery List by Jojo Apps is the ultimate all-in-one menu organizer, smart meal generator, and recipe keeper. Designed for busy couples and families, this app helps you save time, cut grocery bills, and eat healthier by creating custom meal plans based on your specific diet, allergies…"
"6670216494","Mob: Meal Planner and Recipes","Nepal","South Asia","8","0","0","0","Join 4 million+ home cooks who've made weeknight cooking easy. Plan your week, build your shopping list in a tap, and never cook the same thing twice. Apple App of the Day and featured by Apple. Rated 4.5 stars by our community and loved in the press. Mob turns cooking from a daily scramble into the…"
"980368562","FitMenCook - Healthy Recipes","Nepal","South Asia","9","0","0","0","Struggle free, healthy recipes that are easy on the wallet. It’s as simple as that, and it’s a message that’s seen over 1 million people follow FitMenCook on social media. Be honest, have you ever heard these complaints about healthy eating? - “Eating healthy is too expensive!” - “It takes too long!…"
"1245063271","Daily Blends Recipes","Nepal","South Asia","10","0","0","0","Over 1 million people blend our smoothie recipes and LOVE them— which is why we had to create the #1 best-selling smoothie recipe app! Daily Blends is packed with the BEST healthy recipes that'll help you take control of your health, gain energy, lose weight, eat more fruits and veggies, and finally…"
"6471120057","MealPrapp","Nepal","South Asia","11","0","0","0","Entdecke mit unserer App eine intuitive und flexible Art der Mahlzeitenzusammenstellung, insbesondere durch unser Hauptfeature, den „Meal Prep Baukasten“. Hier lernst du mühelos, gesunde Mahlzeiten mit den Lebensmitteln zuzubereiten, die du besonders magst oder bereits zu Hause hast. Unsere automati…"
"1540604002","Pam Fitness & Food","Nepal","South Asia","12","4","5","4","THE BASICS: 1.⁠ ⁠Yummy and healthy recipes, using natural ingredients. No artificial sweeteners, etc. 2.⁠ ⁠I love to replace „bad“ ingredients of classic recipes - for example cane sugar or white flour - with more healthy alternatives. Therefore we can still eat dessert. But we get important nutrien…"
"585332633","Cookpad: Recipe Book & Meals","Indonesia","Southeast Asia","1","31684","4.90118","31684","Not sure what to cook tonight? Cookpad recommends: search by ingredient or by meal across thousands of authentic recipes from a global community of home cooks — all verified by the people who have actually cooked them. WHAT SHALL I COOK TONIGHT? Tell us what's in the fridge and we'll tell you what t…"
"6479545461","Seeya","Indonesia","Southeast Asia","2","247","4.59919","247","Seeya - A tantalizing journey around the globe Embark on a tantalizing journey around the globe with Seeya, the ultimate app for food enthusiasts and culinary adventurers. Whether you’re a curious gourmand or simply someone who loves good food, Seeya is designed to inspire your culinary creativity a…"
"6450664772","Scoolinary: Learn & Cook","Indonesia","Southeast Asia","3","3","4.33333","3","Scoolinary is the culinary learning app for chefs, entrepreneurs, students, and passionate home cooks. Learn from the world’s best chefs, with 50+ Michelin stars, and access 400+ courses and 3,000 step-by-step video recipes. What you’ll learn •Professional cooking techniques applicable to any dish. …"
"6714449541","Honeydew: Recipe & Cookbook AI","Indonesia","Southeast Asia","4","61","4.83607","61","TRANSFORM YOUR COOKING & MEAL PLANNING WITH HONEYDEW The smartest AI-powered recipe, grocery list and meal planning app. Instantly import any recipe with one tap from social media, YouTube cooking videos, Instagram and Facebook Reels, screenshots, notes and websites. Turn food trends into your next …"
"6748003406","Yoomla・Recipe Keeper & Planner","Indonesia","Southeast Asia","5","3","5","3","Yoomla – Your Smart Recipe Keeper & Manager Discover, save, and organize all your favorite recipes in one place! Whether you're exploring new dishes or managing your go-to meals, Yoomla makes it easy to keep your culinary inspiration at your fingertips. SEARCH FOR RECIPES Smart Filters – Find recipe…"
"6759597614","beean: brew your coffee right","Indonesia","Southeast Asia","6","2","5","2","Beean app helps you find coffee recipes from roasters that rarely match your grinder, you convert settings between grinders and dial in coffee recipes every time. Explore recipes from your favorite roasters, convert grind size when switching grinders, select a brewing method (espresso, moka pot, Aer…"
"1088859983","Fivesec Health by Alexandra","Indonesia","Southeast Asia","7","3","5","3","Cook Delicious Plant-Based Meals with Ease! Discover 700+ easy, healthy, and delicious plant-based recipes with the Fivesec Health App — your go-to companion for everyday vegan cooking! Whether you’re fully plant-based or just looking to add more nutritious meals to your routine, this app makes heal…"
"1164423781","Gronda: Recipes for Chefs","Indonesia","Southeast Asia","8","127","4.89764","127","** Apple’s App of the Day in 120+ Countries ** ** Used by 2M+ Chefs Worldwide ** ""Unlimited amount of inspiration"" — Netflix Superstar Ana Roš Gronda is the #1 app for professional and home chefs. Learn from the world’s best, fine dining recipes, and connect with a global community of culinary exper…"
"6741418664","Cocktails Guru - Cocktail app","Indonesia","Southeast Asia","9","8","4.625","8","Discover nearly 20,000 cocktail recipes and make better drinks with the ingredients you already have. Cocktails Guru is a cocktail app, home bar organizer and mixology guide for making great cocktails. Find timeless classics, official IBA cocktails, modern creations, party drinks and alcohol-free mo…"
"6756592070","KitchenCost - Recipe Costing","Indonesia","Southeast Asia","10","35","4.74286","35","No spreadsheets. See your margins at a glance. Still calculating food cost in a spreadsheet every night? Ever set a price by gut feeling, only to find no profit left at the end of the month? I built KitchenCost after watching my wife spend 30 minutes costing every new menu at her cafe. Now it's your…"
"1157455937","Keto Diet Recipes App","Indonesia","Southeast Asia","11","253","4.73123","253","Embark on a Transformative Keto Journey with Our App! *** Your Ultimate Keto Guide: Curious about the Keto Diet? Explore in-depth insights into Ketosis, different Keto approaches, benefits backed by science, overcoming Keto flu, and more! *** Comprehensive Food Lists: Discover vital lists for your K…"
"1570984210","Calculation of recipes","Indonesia","Southeast Asia","12","0","0","0","ABOUT THE APP The Recipe Calculator application is a smart notebook where you can save your recipes and use a variety of modes to work with them. - 1 mode - You have a recipe that requires 500 ml of milk, and you only have 300 ml. Write down the quantity of any product, and the application will reca…"
"911422904","NYT Cooking: Quick Tasty Meals","Indonesia","Southeast Asia","13","68","4.91176","68","New York Times Cooking has thousands of easy recipes you’ll love to make, from easy weeknight dinners to holiday showstoppers. Editor-curated collections make it easy to find the right recipe, and helpful videos make them fun and simple to cook. With our digital Recipe Box, you can easily save favou…"
"6811413849","beans - dial your espresso","Indonesia","Southeast Asia","14","0","0","0","Your coffee bags are too good to throw away. Every bag says something — the label, the story, the roaster's whole reason for being. Then the coffee's gone, and so is the bag, into the bin with the eggshells. beans keeps it: turn any bag into a keepsake 3D model and stand it on a shelf that's actuall…"
"1540604002","Pam Fitness & Food","Indonesia","Southeast Asia","15","41","4.90244","41","THE BASICS: 1.⁠ ⁠Yummy and healthy recipes, using natural ingredients. No artificial sweeteners, etc. 2.⁠ ⁠I love to replace „bad“ ingredients of classic recipes - for example cane sugar or white flour - with more healthy alternatives. Therefore we can still eat dessert. But we get important nutrien…"
"340368403","Cookpad Recipes","Indonesia","Southeast Asia","16","35","4.62857","35","Not sure what to cook tonight? Cookpad recommends: search by ingredient or by dish across thousands of authentic recipes from a global community of home cooks — all verified by the people who have actually cooked them. WHAT SHOULD I COOK TONIGHT? Tell us what's in the fridge and we'll tell you what …"
"1529870663","My Little Food Critic","Indonesia","Southeast Asia","17","1","5","1","The BEST SELLING My Little Food Critic App is your “go to” for feeding babies, toddlers, kids and the whole family! NEW RECIPES EVERY WEEK Fresh NEW recipes landing every week! Step by step recipe instructions, images and instructional recipe VIDEOS for selected recipes. Easily change cooking units …"
"1597523594","Umami - Recipe Manager","Indonesia","Southeast Asia","18","0","0","0","Umami is a beautifully designed app to collect, organize, and share recipes from any device. Collaborate Create a recipe book of your favorite family recipes and invite your family members to work on it with you. Or, start a recipe book with a friend so you can share the pastries and desserts you've…"
"6739583764","Baby Plates","Indonesia","Southeast Asia","19","0","0","0","The Baby Plates mobile app is your reliable assistant in ensuring healthy and proper nutrition for your baby from the very beginning of weaning! We created this app to make the process of preparing and planning baby meals easy and enjoyable. In the app, you will find: Recipes We have many recipes sp…"
"6745183523","Doughminator: Pizza Dough Calc","Indonesia","Southeast Asia","20","0","0","0","Welcome to your new pizza lab. Doughminator is the ultimate dough calculator & fermentation planner for home bakers and pros alike. Whether you're making Neapolitan, New York style, or Roman (Teglia) pizza – this app delivers scientifically precise schedules, dynamic ingredient calculators, and guid…"
"1459867843","Yummy App - Resep Masakan","Indonesia","Southeast Asia","21","1184","4.48226","1184","Yummy App by IDN: Inspirasi Masak Mudah & Anti Gagal! Yummy App adalah platform resep masak lengkap dan praktis untuk hidangan Indonesia harian, mulai dari makanan, camilan, hingga minuman semua hanya dengan beberapa langkah, dipandu langsung oleh chef ahli! Gak perlu bingung lagi mau masak apa hari…"
"6742467242","Paprika AI: Recipe Manager","Indonesia","Southeast Asia","22","1","5","1","The Recipe Keeper is your Personal Recipe Collection, All in One Place Easily save, organize, and access your favorite recipes anytime, anywhere. From family classics to new discoveries, keep everything neatly stored with photos, tags, and notes — so your perfect meal is always at your fingertips. T…"
"1150921819","Filtru Coffee: Best Brew Guide","Indonesia","Southeast Asia","23","277","4.89531","277","Coffee is more than a morning habit. With Filtru, you can brew better coffee at home, learn each method step by step, and repeat your favourite recipes with confidence. Filtru guides you through Espresso, AeroPress, Chemex, Hario V60, Kalita Wave, Moka Pot, French Press, Siphon, Cezve, Vietnamese Ph…"
"1143941420","GuildSomm","Indonesia","Southeast Asia","24","0","0","0","The GuildSomm Compendium at your fingertips, whenever you need it! The GuildSomm App provides offline access to the full resources of the GuildSomm Compendium. Perfect for studying during your commute or quickly looking up a fact during service. The database includes regional wine and appellation la…"
"1187816119","IKAWA Home","Indonesia","Southeast Asia","25","1","5","1","THE IKAWA HOME ROASTING SYSTEM The IKAWA Home app forms an integral part of the roasting system by IKAWA Home and is designed only to be used with the IKAWA Home Roaster, our award winning and easy to use home coffee roasting machine. TAKE YOUR COFFEE TO THE NEXT LEVEL The IKAWA Home App serves as a…"
"6739286231","Osta: Save & Share Recipes","Indonesia","Southeast Asia","26","67","4.8806","67","With Osta, you can save & import recipes from Instagram, websites, and TikTok. Organize and cook your favorite recipes in your own personalized recipe box. All your recipes in one place. • Import recipes instantly from Instagram, TikTok, or a website. • Cook using a simple recipe display with no clu…"
"1555897547","CakeCost","Indonesia","Southeast Asia","27","1","5","1","Are you struggling to figure out what to charge for your cakes and baking services? - CakeCost is designed for bakers and cake decorators, and makes recipe pricing easy. Are you unsure if you are charging enough for your baking? - CakeCost removes uncertainty by calculating prices including ingredie…"
"6479693198","Eatr・AI Healthy Diet Meal Plan","Indonesia","Southeast Asia","28","949","4.79556","949","Welcome to Eatr - the ultimate companion for everyone from cooking novices to seasoned chefs! Our app is designed to guide you through a culinary adventure tailored just for you. Whether you're pressed for time or looking to indulge in a leisurely cooking spree, Eatr has you covered. Time Management…"
"959638683","Anova Culinary","Indonesia","Southeast Asia","29","40","4.45","40","The Anova family of precision cookers allows everyone to cook like a pro! Paired with the Anova Culinary app, now perfectly cooked restaurant quality meals are as easy as the touch of a button. Browse the largest collection of sous vide recipes by Michelin star chefs and home cooks just like you. Th…"
"486811622","Cocktail Flow - Drink Recipes","Indonesia","Southeast Asia","30","253","4.79446","253","Cocktail Flow features beautifully presented cocktail recipes with step by step guides and is packed with features you’ll love whether you’re a novice bartender or a professional mixologist. YOUR BAR, YOUR CABINET Mark the cocktail ingredients you have at home in the cabinet page and see what drinks…"
"1619509620","Meal Planner & Grocery List","Indonesia","Southeast Asia","31","20","4.9","20","Meal Planner & Grocery List by Jojo Apps is the ultimate all-in-one menu organizer, smart meal generator, and recipe keeper. Designed for busy couples and families, this app helps you save time, cut grocery bills, and eat healthier by creating custom meal plans based on your specific diet, allergies…"
"6499309650","Kafi","Indonesia","Southeast Asia","32","288","4.61806","288","Kafi - The world of coffee lovers Welcome to the world of coffee lovers! Kafi app offers a variety of coffee recipes to stimulate your taste buds and give your a refreshed feel. Get yourself ready to make some hot coffee to start your morning with a fresh mind. Product Highlights: - Coffee Recipes：S…"
"1540196240","BLW Meals: Starting Solids","Indonesia","Southeast Asia","33","4","4","4","What parents are saying: Iluvpalmtrees Favorite BLW app ""So much free information and excellent examples of what you can feed your little one through all stages. Follow their IG as well for daily tips and videos."" MJ - first time mom Love this app! ""I absolutely love this app and the Instagram page.…"
"6670216494","Mob: Meal Planner and Recipes","Indonesia","Southeast Asia","34","1","5","1","Join 4 million+ home cooks who've made weeknight cooking easy. Plan your week, build your shopping list in a tap, and never cook the same thing twice. Apple App of the Day and featured by Apple. Rated 4.5 stars by our community and loved in the press. Mob turns cooking from a daily scramble into the…"
"1303222868","Paprika Recipe Manager 3","Indonesia","Southeast Asia","35","8","4.625","8","Organize your recipes. Create grocery lists. Plan your meals. Download recipes from your favorite websites. Seamlessly sync to all your devices. Features • Recipes - Download recipes from your favorite websites, or add your own. • Grocery Lists - Create smart grocery lists that automatically combine…"
"6448296155","FM: Recipe Keeper","Indonesia","Southeast Asia","36","0","0","0","Your digital recipe book accessible anytime and anywhere. The app designed to bring order and organisation to your culinary world. Are you tired of digging through stacks of cookbooks or searching for old screenshots of recipes on your phone? Look no further! With Food Memories, you can now effortle…"
"6476892914","Gelato Maestro Pro: Recipe","Indonesia","Southeast Asia","37","0","0","0","Gelato Maestro — The Recipe Balancing App for Gelato and Ice Cream Professionals and Enthusiasts From the first idea to the finished label, Gelato Maestro guides every step of your gelato and ice cream production. Design, balance, cost, scale, freeze, produce and print — all in one place, with the p…"
"1059134258","クラシル - 毎日の献立に！レシピ動画で料理がおいしく作れる","Indonesia","Southeast Asia","38","64","4.75","64","レシピプラットホーム『クラシル』 ◆クラシルとは クラシルは、アプリダウンロード数（※1）・平均レビュー評価（※2）・レシピ動画数（※3）のすべてにおいて国内No.1のレシピプラットホームです。2016年2月のサービス開始以降、「くらしを美味しく、あたたかく」をサービスコンセプトに掲げ、管理栄養士監修の「誰でも安全に・おいしい料理を作ることができるレシピ動画」を約50,000件以上提供してまいりました。おかげさまで、国内で最も利用されるレシピプラットフォームへと成長しました。 この度、クラシルはこれまで以上に便利で、楽しい料理体験を提供するプラットフォームへと進化します。 「レシピが見つかる場…"
"6759342397","KusKus: Save Any Recipe","Indonesia","Southeast Asia","39","25","4.96","25","Stop losing recipes you find on social media. Kuskus turns your saved TikTok, Instagram, YouTube, X, and Facebook recipe videos into clean, easy-to-follow recipes you can actually cook from. Just paste a link — Kuskus extracts the ingredients, steps, prep time, and servings so you can get cooking wi…"
"1461650987","Crouton: Recipe Manager","Indonesia","Southeast Asia","40","10","4.9","10","Crouton is feature packed recipe organizer & meal planner. The best place to store your favorite recipes from where ever you find them, websites, cookbooks or a handwritten note from your Grandma. IMPORT ANYWHERE Crouton supports importing recipes from almost everywhere! Pull recipes automatically o…"
"6783742855","NeatEat - Meal Planner","Indonesia","Southeast Asia","41","0","0","0","Tell NeatEat your store and your weekly food budget. Get a full week of simple meals and a costed shopping list that comes in under it — every time. No spreadsheets, no guesswork, no nasty surprise at the till. HOW IT WORKS (WITH NEATEAT PREMIUM) • Pick your supermarket and set a weekly budget • Get…"
"6469321012","Starting Solids & Baby Food","Indonesia","Southeast Asia","42","2","5","2","Our app has 250+ delicious and healthy recipes carefully prepared for your baby and an unlimited number of recipes that you can create with artificial intelligence. Key app features: *Recipes: 250+ healthy and delicious baby recipes carefully prepared for your baby, Plus new recipes will be added re…"
"409157308","Annabel Karmel Kids Recipes","Indonesia","Southeast Asia","43","9","5","9","Make feeding your baby, toddler and family easier with Annabel Karmel's multi award-winning recipe app. From first tastes and baby-led weaning to family meals, you'll find expert guidance, practical tools and over 1,500 nutritious recipes all in one place. Millions of families rely on Annabel's reci…"
"294363034","BigOven Recipes & Meal Planner","Indonesia","Southeast Asia","44","10","4.4","10","BigOven makes cooking simple. Find inspiration from our library of 1,000,000+ recipes, plan meals, create grocery lists, help reduce food waste and more, all on one device. The BigOven experience includes a range of useful tools and a welcoming home cook community that shares the same passion for be…"
"1587685734","Cookmate - My Recipe Organizer","Indonesia","Southeast Asia","45","1","5","1","Cookmate lets you create your own digital cookbook. Build your own recipe database by gathering recipes on the web and using the import features. It is you and your own cookery! You are looking for a new recipe ? Use our searching engine to find a new recipe on the web. When you have found one you l…"
"1505065609","Love, Manuela","Indonesia","Southeast Asia","46","1","5","1","Love, Manuela is a baking app created by Norwegian baker Manuela Kjeilen, known as @passionforbaking. For more than a decade, Manuela has shared her love of baking with people around the world. She has published nine baking books, hosted her own baking show on TV in Sweden, and inspires more than 1.…"
"312101965","Epicurious","Indonesia","Southeast Asia","47","63","4.79365","63","Cook smarter with 50,000+ tested recipes from Epicurious, Bon Appétit, and more. Find easy dinners, healthy meals, and expert cooking guidance - all in one app. Subscribe to the Epicurious in the app, or if you’re already a subscriber, log in for unlimited access to recipes and so much more. THE EPI…"
"6773327451","OLLA Brew Lab: Coffee Roast","Indonesia","Southeast Asia","48","0","0","0","OLLA Brew Lab is a coffee workbench for iPhone and iPad that keeps roast curves, brew logs and cupping records in one place. It is made for home roasters, specialty coffee enthusiasts and small roasters. Bean cards, brew logs and cuppings are free. Roast to Cup, the roastery workbench for curves, ro…"
"1593779280","ReciMe: Recipes & Meal Planner","Indonesia","Southeast Asia","49","91","4.81318","91","The number 1 recipe organizer. ReciMe saves all your favorite recipes in one place, including Instagram, Facebook, TikTok, YouTube and Pinterest. Create grocery lists and meal plans. Calculate calories for every recipe. However you cook, ReciMe helps you do it, better. FEATURES - Save Recipes from I…"
"554065086","愛料理","Indonesia","Southeast Asia","50","15","4.86667","15","美食自己做！超過 300,000 道食譜任你探索，天天都有料理新靈感！ 不論是健康輕食、家常小菜，還是挑戰高難度甜點，愛料理都能幫你輕鬆上手，享受幸福美味時光。 【特色功能】 ▶ 快速搜尋食譜 輸入食材名稱或料理關鍵字，即可快速找到適合的食譜。不論是想探索全新菜式，還是用冰箱剩餘的食材做料理，都能幫你激發創意！ ▶ 圖文步驟詳解，料理零失敗 食譜提供圖文詳細步驟說明，無論是料理新手還是烹飪高手，都能按照指引一步步完成！ ▶ 個人化收藏清單，隨時管理喜好食譜 喜歡的食譜不只可以收藏，還能根據需求建立多個專屬清單，例如「減重計劃」、「健康輕食」、「節日派對菜單」等，方便快速查找。 ▶ 創作並分享私…"
"6767801514","Mynu","Indonesia","Southeast Asia","51","1","5","1","Mynu turns the meals you cook and eat into a personal recipes organizer. Save dishes with photos, organize them into a gallery, plan upcoming meals, and remember what you’ve eaten over time. Whether you cook for yourself, your partner, or your family, Mynu makes it easier to remember favorite meals …"
"1016450821","VST CoffeeTools PRO for iPhone","Indonesia","Southeast Asia","52","1","5","1","PROFESSIONAL COFFEE TOOLS DESIGN SOFTWARE for the BARISTA, SPECIALTY ROASTER, CAFÉ and RESTAURANT OPERATOR and COFFEE & ESPRESSO BEVERAGE EQUIPMENT DESIGNER Based on MoJoToGo – Best New Product SCAA EXPO 2010 VST's UNIVERSAL BREWING CONTROL CHART SOFTWARE For Coffee, Espresso, Cupping and Equipment …"
"6781919747","MessyRecipes","Indonesia","Southeast Asia","53","8","5","8","MessyRecipes is an AI-powered recipe manager and cooking companion for home cooks who save recipes everywhere. Paste a recipe from your notes, messages, copied posts, screenshots, or family instructions, and MessyRecipes helps turn it into a clear, easy-to-follow recipe with ingredients, steps, serv…"
"1249805978","MealPrepPro Planner & Recipes","Indonesia","Southeast Asia","54","26","4.69231","26","Have your meals and groceries planned for you with MealPrepPro. MealPrepPro is a smart meal planner that adapts to your schedule, food preferences and goals. Reach your health goals No more counting calories. Meal plans are automatically adapted to your calorie and macro needs. #1 for Meal Prep Prep…"
"6777471316","mise - meal planner","Indonesia","Southeast Asia","55","1","5","1","mise – meal planner Take the stress out of deciding what to eat. mise helps you generate personalised meal plans in seconds based on your dietary preferences, calorie goals, favourite UK supermarkets, budget, and the ingredients you already have at home. Whether you're meal prepping for the week, tr…"
"351660247","VST CoffeeTools for iPhone","Indonesia","Southeast Asia","56","3","4","3","PROFESSIONAL COFFEE TOOLS for the BARISTA, SPECIALTY ROASTER and COFFEE BEVERAGE EQUIPMENT DESIGNER Best New Product SCAA EXPO 2010 VST CoffeeTools™ allows professional and home users to quickly compute proper brew formulas using any method of brewing coffee or espresso. Used with a coffee refractom…"
"6460821436","Meal Plan & Weekly Menu","Indonesia","Southeast Asia","57","101","4.83168","101","Did you know that meal planning can improve your health and mood? YouMealPlan is a beautiful all-in-one weekly meal planner that makes meal planning and preparation simple and fun. PLAN YOUR MEALS WITH A BEAUTIFUL DESIGN Create weekly meal plans, organise recipes and automatically generate shopping …"
"6749602635","Provecho","Indonesia","Southeast Asia","58","0","0","0","Warning: Downloading this app will make you never want to cook from a blog again. Provecho requires a paid subscription. Subscribe to unlock over 10,000 recipes from some of the most prolific chefs and cooking creators online including: @breadbakebeyond, @tylergrowthlife, @itsvegansis, @cheffinwithz…"
"839914467","Secret Menu Coffee Recipes","Indonesia","Southeast Asia","59","54","4.59259","54","Secret Menu is an independent, unofficial guide. Not affiliated with, endorsed by, or sponsored by Starbucks Corporation. STARBUCKS is a registered trademark of Starbucks Corporation. Discover 200+ cafe-style drink recipes — with step-by-step ordering and at-home instructions so you get it right eve…"
"1669762026","Baby Led Weaning Cookbook","Indonesia","Southeast Asia","60","9","4.55556","9","Embark on a seamless Baby-Led Weaning Journey with our app: * Discover Baby-Led Weaning: Navigate the world of solids with confidence. Our app is your comprehensive guide, presenting the latest research findings, nutritional insights and tips for safe, joyful weaning. * 1000+ Foods & Recipes: Indulg…"
"1618589011","Pick Up Limes","Indonesia","Southeast Asia","61","2","4","2","Plan your meals, feel nourished, and eat delicious plant-based food. The Pick Up Limes App brings together nourishing vegan recipes, personalized meal plans, grocery tools, nutrition support, and all your favourite online recipes in one place. Top features • 1800+ plant-based recipes, with new ones …"
"980368562","FitMenCook - Healthy Recipes","Indonesia","Southeast Asia","62","10","4.9","10","Struggle free, healthy recipes that are easy on the wallet. It’s as simple as that, and it’s a message that’s seen over 1 million people follow FitMenCook on social media. Be honest, have you ever heard these complaints about healthy eating? - “Eating healthy is too expensive!” - “It takes too long!…"
"1445442810","Fasting Tracker App","Indonesia","Southeast Asia","63","7","4.85714","7","*** CALORIE-BASED FASTING *** If you’re doing intermittent fasting for 13 hours incl. being active during your fast, will you burn more calories than by just doing intermittent fasting for 16 hours? Find out yourself - with calorie-based fasting: Count how active you are or how much calories you bur…"
"6477230784","101 before one","Indonesia","Southeast Asia","64","0","0","0","Paid Membership to 101 before one required to use our app. Introduce 101 foods through baby-led weaning & family-style meals. Welcome to 101 before one! We are a team of pediatric experts here to help parents introduce solids to their baby through our signature Family Meals from the Start® program, …"
"937575772","MY COFFEE RECIPE","Indonesia","Southeast Asia","65","4","2.25","4","Introducing: The MY COFFEE RECIPE App Attention coffee professionals! Here is a suggestion for top quality coffee recipe management. Extraction recipe is vital in maintaining coffee quality and producing a consistent product that is up to the baristas’ standards. MY COFFEE RECIPE App can help you co…"
"1445614297","Low FODMAP diet foods for IBS","Indonesia","Southeast Asia","66","3","5","3","Are you tired of suffering from the symptoms of Irritable Bowel Syndrome (IBS)? The FODMAP diet is a proven method for reducing or eliminating these symptoms, and our app makes it easy to follow! Developed by Australian researchers in 2005, the FODMAP diet involves removing certain carbohydrates fro…"
"1224895623","Healthy Air Fryer Recipes","Indonesia","Southeast Asia","67","16","4.5","16","Are you one of those who enjoy fried food but also realizes that it is unhealthy? If you are someone who likes to cook food at home but dislikes the oily mess and nasty odors that accompanies cooking. Then this AirFryer Recipes app is for you. Use this app and enjoy healthier AirFryer food, with 70-…"
"1079607960","Oh She Glows","Indonesia","Southeast Asia","68","14","4.78571","14","New York Times bestselling cookbook author Angela Liddon, shares her most popular plant-based recipes from the award-winning recipe blog, OhSheGlows.com, and stunning, vibrant food photography for each recipe. Angela has been creating healthy, veggie-packed recipes for more than 10 years, and she on…"
"974683711","Recipe Keeper","Indonesia","Southeast Asia","69","5","4.8","5","Recipe Keeper is the easy to use, all-in-one recipe organizer, shopping list and meal planner available across all of your devices. ADD RECIPES QUICKLY AND EASILY Enter your recipes with as much or as little information as you like. Copy and paste recipes from your existing documents or apps. Catego…"
"1241057014","Keto Diet App - Macro Tracker","Indonesia","Southeast Asia","70","2","5","2","Ketogenic Diet App - get healthy, feel good, and lose weight. Our app is your ultimate companion in adopting a flexible, low-carb diet for health benefits and weight reduction, combining our successful meal plans with over 200k happy customers! The Keto Diet App is designed to help you realize the h…"
"856044755","Green Smoothies by Young & Raw","Indonesia","Southeast Asia","71","3","5","3","10,000's of people have taken the Young and Raw 30 Day Green Smoothie Challenge. With this new version of the app, it's easier than ever to integrate a healthy green smoothie in to your daily routine. Get all the vitamins, minerals and fibres your body needs. You'll feel the difference with the Youn…"
"6450508838","Little Foodie: Start Solids","Indonesia","Southeast Asia","72","0","0","0","Discover a world of nutritious ingredients, blw tips and delicious recipes tailored specifically for your little one with Little Foodie: Start Solids, the ultimate app for baby food. Designed to simplify the process of preparing wholesome meals for your baby, this intuitive app is a must-have for ev…"
"714004506","Official Cookidoo App","Indonesia","Southeast Asia","73","280","4.95714","280","The Official Thermomix® Cookidoo® App gives you access to the growing universe of mouth-watering Thermomix® Guided Cooking recipes. You pick and choose which recipes go with you wherever you are. Create an account and get cooking! SMART @ HEART Connect to Cookidoo® and access over 100,000 worldwide …"
"1553130679","Your Secret Menu for Starbucks","Indonesia","Southeast Asia","74","8","4.875","8","Discover 500+ secret menu drinks, viral TikTok favorites, and creative custom recipes for your next coffee run. NEW RECIPES ADDED EVERY WEEK • 14,000+ FIVE-STAR REVIEWS See a drink all over your feed? Find out what’s in it, choose your size, and get clear, simple instructions for how to order it. Th…"
"1217456898","Tasty: Recipes, Cooking Videos","Indonesia","Southeast Asia","75","2018","4.93905","2018","Welcome to the Tasty App – your ultimate cooking companion, featuring over 10,000 delicious recipes with video, step-by-step cooking mode, personalized recommendations, a thriving community of home chefs, and recipe shopping and seamless checkout. Tasty brings you the best of food and recipe discove…"
"1164423781","Gronda: Recipes for Chefs","Philippines","Southeast Asia","1","192","4.83333","192","** Apple’s App of the Day in 120+ Countries ** ** Used by 2M+ Chefs Worldwide ** ""Unlimited amount of inspiration"" — Netflix Superstar Ana Roš Gronda is the #1 app for professional and home chefs. Learn from the world’s best, fine dining recipes, and connect with a global community of culinary exper…"
"6714449541","Honeydew: Recipe & Cookbook AI","Philippines","Southeast Asia","2","368","4.77174","368","TRANSFORM YOUR COOKING & MEAL PLANNING WITH HONEYDEW The smartest AI-powered recipe, grocery list and meal planning app. Instantly import any recipe with one tap from social media, YouTube cooking videos, Instagram and Facebook Reels, screenshots, notes and websites. Turn food trends into your next …"
"6810338901","Baby Plates: Baby Led Weaning","Philippines","Southeast Asia","3","0","0","0","Starting solids should feel exciting, not overwhelming. Baby Plates gives you a clear, week-by-week path from 6 to 24 months: whether you're doing baby-led weaning, spoon-feeding purées, or a mix of both. A WEEKLY PLAN THAT GROWS WITH YOUR BABY Six feeding stages built on WHO, AAP, NHS and CDC guida…"
"6739286231","Osta: Save & Share Recipes","Philippines","Southeast Asia","4","303","4.76567","303","With Osta, you can save & import recipes from Instagram, websites, and TikTok. Organize and cook your favorite recipes in your own personalized recipe box. All your recipes in one place. • Import recipes instantly from Instagram, TikTok, or a website. • Cook using a simple recipe display with no clu…"
"911422904","NYT Cooking: Quick Tasty Meals","Philippines","Southeast Asia","5","322","4.90373","322","New York Times Cooking has thousands of easy recipes you’ll love to make, from easy weeknight dinners to holiday showstoppers. Editor-curated collections make it easy to find the right recipe, and helpful videos make them fun and simple to cook. With our digital Recipe Box, you can easily save favou…"
"6794049757","Anychef - Meal Plans & Recipes","Philippines","Southeast Asia","6","0","0","0","Save recipes from anywhere, create meal plans, get grocery lists for your recipes, and cook with simple step-by-step instructions. SAVE RECIPES FROM ANYWHERE • Import recipes you find on TikTok, Instagram, Pinterest, Facebook, YouTube, and more • Turn recipes from social media into clean, easy-to-us…"
"1568122827","The Doctor’s Kitchen","Philippines","Southeast Asia","7","3","5","3","Take the hassle out of cooking healthy, balanced meals and discover 1000s of doctor-approved, simple delicious, recipes to cook at home. Plan meals with tailored recipe recommendations, personalised to your dietary and health needs. Search high protein meals, freezable recipes and many more categori…"
"6761025292","Cellared: Wine Cellar Manager","Philippines","Southeast Asia","8","0","0","0","Know what to open and when. Cellared is a wine cellar manager for collectors who want a clearer view of every bottle. Start free with unlimited bottles. Track what you own, see drinking windows, and keep the bottles you love in one place. KNOW WHEN TO DRINK IT Every bottle gets a drinking window bui…"
"1618589011","Pick Up Limes","Philippines","Southeast Asia","9","6","5","6","Plan your meals, feel nourished, and eat delicious plant-based food. The Pick Up Limes App brings together nourishing vegan recipes, personalized meal plans, grocery tools, nutrition support, and all your favourite online recipes in one place. Top features • 1800+ plant-based recipes, with new ones …"
"1593779280","ReciMe: Recipes & Meal Planner","Philippines","Southeast Asia","10","392","4.82653","392","The number 1 recipe organizer. ReciMe saves all your favorite recipes in one place, including Instagram, Facebook, TikTok, YouTube and Pinterest. Create grocery lists and meal plans. Calculate calories for every recipe. However you cook, ReciMe helps you do it, better. FEATURES - Save Recipes from I…"
"6748003406","Yoomla・Recipe Keeper & Planner","Philippines","Southeast Asia","11","11","4.90909","11","Yoomla – Your Smart Recipe Keeper & Manager Discover, save, and organize all your favorite recipes in one place! Whether you're exploring new dishes or managing your go-to meals, Yoomla makes it easy to keep your culinary inspiration at your fingertips. SEARCH FOR RECIPES Smart Filters – Find recipe…"
"1059134258","クラシル - 毎日の献立に！レシピ動画で料理がおいしく作れる","Philippines","Southeast Asia","12","56","4.69643","56","レシピプラットホーム『クラシル』 ◆クラシルとは クラシルは、アプリダウンロード数（※1）・平均レビュー評価（※2）・レシピ動画数（※3）のすべてにおいて国内No.1のレシピプラットホームです。2016年2月のサービス開始以降、「くらしを美味しく、あたたかく」をサービスコンセプトに掲げ、管理栄養士監修の「誰でも安全に・おいしい料理を作ることができるレシピ動画」を約50,000件以上提供してまいりました。おかげさまで、国内で最も利用されるレシピプラットフォームへと成長しました。 この度、クラシルはこれまで以上に便利で、楽しい料理体験を提供するプラットフォームへと進化します。 「レシピが見つかる場…"
"6761285152","Kusina: Plan, Cook, Enjoy","Philippines","Southeast Asia","13","0","0","0","Plan your week's ulam in minutes. Shop smarter. Eat better. Kusina is the meal planning app made for Filipino families — not a generic Western app with a few adobo recipes added as an afterthought. We know how you eat. Kanin + ulam. Lutong bahay. Palengke runs every weekend. Leftovers on Tuesday. Si…"
"340368403","Cookpad Recipes","Philippines","Southeast Asia","14","20","4.9","20","Not sure what to cook tonight? Cookpad recommends: search by ingredient or by dish across thousands of authentic recipes from a global community of home cooks — all verified by the people who have actually cooked them. WHAT SHOULD I COOK TONIGHT? Tell us what's in the fridge and we'll tell you what …"
"6499280064","Coffee Journal - BeanBook","Philippines","Southeast Asia","15","0","0","0","BeanBook is a free coffee app for specialty coffee lovers. Keep a coffee journal, organize your beans with a coffee tracker, explore coffee recipes, and discover coffee deals from specialty roasters. Remember what made each cup great. Save your photos, tasting notes, grind settings and brewing detai…"
"6764854943","Kaun: Meal Planner","Philippines","Southeast Asia","16","10","5","10","Make Everyday Meals Easier Kaun is a meal planner, food planner, and recipe app that helps you decide what to eat, what to buy, and how to cook — all in one simple tool. Plan meals, build grocery lists, and discover Filipino recipes and everyday ulam ideas with ease. Plan Your Meals • Organize your …"
"1514053992","Pregnancy Diet: Food & Recipes","Philippines","Southeast Asia","17","5","5","5","What are the best recipes? Is there a particular snack for my morning sickness? Find answers about diet and pregnancy with this very complete app. All content is written by certified nutritionists. Monitor your diet and find healthy alternatives for bad foods. Save healthy recipes for your pregnancy…"
"6736664843","Tastemade Cooking","Philippines","Southeast Asia","18","0","0","0","Meal planning, done for you. Personalized weekly plans and smart grocery lists—tailored to your taste. Let us build you a personalized weekly meal plan, or build a plan from recipes you love – plus a smart grocery list that comes together automatically. Set your taste preferences once so every recom…"
"6759071009","Clemi: Recipe Keeper & Planner","Philippines","Southeast Asia","19","0","0","0","Tired of recipes scattered everywhere? Saved on Instagram. Screenshotted from TikTok. Lost in a YouTube video. Buried in a cookbook. Scribbled on a handwritten family recipe card. Sound familiar? Clemi brings all your recipes into one place, helps you plan your meals for the week, and builds a groce…"
"1365223384","America's Test Kitchen","Philippines","Southeast Asia","20","4","5","4","The America's Test Kitchen app delivers the best-tasting recipes, cooking videos, product reviews, and more than 30 years of test kitchen discoveries! Get every rigorously tested recipe from America’s Test Kitchen, Cook’s Illustrated, and Cook’s Country. Recipe collections for every occasion: Weekni…"
"1613090960","Kids Meals: Recipes & Guides","Philippines","Southeast Asia","21","1","5","1","What parents are saying: Binkbnyy Life Changing “We have grown so much using this app and the tips posted on their Instagram. It’s been life changing for my son. The recipes are regularly updated and added unlike others. It’s also significantly cheaper than other apps on this level. They focus on po…"
"6479693198","Eatr・AI Healthy Diet Meal Plan","Philippines","Southeast Asia","22","956","4.67258","956","Welcome to Eatr - the ultimate companion for everyone from cooking novices to seasoned chefs! Our app is designed to guide you through a culinary adventure tailored just for you. Whether you're pressed for time or looking to indulge in a leisurely cooking spree, Eatr has you covered. Time Management…"
"1571491637","My Bar - Cocktail Recipes","Philippines","Southeast Asia","23","95","4.78946","95","Welcome to My Bar, Unleash Your Inner Bartender with the Ultimate Cocktail Companion! Your go-to app for discovering and crafting delicious cocktails right at home. Whether you're a cocktail enthusiast eager to explore new recipes or a professional bartender refining your mixology skills, My Bar bri…"
"6450664772","Scoolinary: Learn & Cook","Philippines","Southeast Asia","24","5","5","5","Scoolinary is the culinary learning app for chefs, entrepreneurs, students, and passionate home cooks. Learn from the world’s best chefs, with 50+ Michelin stars, and access 400+ courses and 3,000 step-by-step video recipes. What you’ll learn •Professional cooking techniques applicable to any dish. …"
"926211004","NoWaste: Food Inventory List","Philippines","Southeast Asia","25","15","4.86667","15","Easily track, organize and manage the food in your home. With inventory lists for your freezer, fridge and pantry, you can check what food you have left, see what needs using first, get reminded before things expire, create a shopping list, plan your meals, avoid buying what you already own, reduce …"
"6757863500","Coffee Master - Brew Recipes","Philippines","Southeast Asia","26","0","0","0","Scan any specialty coffee bag. The AI reads origin, roast, and process — then builds a complete recipe made for THAT bean and YOUR equipment. Every coffee is different. A washed Ethiopian needs different parameters than a natural Brazilian. CoffeeMaster knows the difference and adjusts the recipe au…"
"1088859983","Fivesec Health by Alexandra","Philippines","Southeast Asia","27","2","5","2","Cook Delicious Plant-Based Meals with Ease! Discover 700+ easy, healthy, and delicious plant-based recipes with the Fivesec Health App — your go-to companion for everyday vegan cooking! Whether you’re fully plant-based or just looking to add more nutritious meals to your routine, this app makes heal…"
"6747908579","Recipe Cost Calculator App","Philippines","Southeast Asia","28","4","5","4","Calculate your recipes selling price with the Recipe Cost Calculator. You will know how much to charge for your recipes according to the materials used. Save time when calculating the cost of your recipes. This app shows the total cost and the recipes selling price. This can be used as cake pricing …"
"312101965","Epicurious","Philippines","Southeast Asia","29","151","4.78146","151","Cook smarter with 50,000+ tested recipes from Epicurious, Bon Appétit, and more. Find easy dinners, healthy meals, and expert cooking guidance - all in one app. Subscribe to the Epicurious in the app, or if you’re already a subscriber, log in for unlimited access to recipes and so much more. THE EPI…"
"1059211083","OrganizEat Recipe Keeper Box","Philippines","Southeast Asia","30","36","4.72222","36","Streamline your cooking experience with OrganizEat Recipe Keeper. Our all-in-one app is your ultimate recipe organizer, cookbook, and keeper box, packed with features to simplify your culinary journey. Your All-in-One Recipe Organizer, Cookbook, and Keeper Box. No Typing! Snap Photos, Import, Tag, a…"
"6768017245","Ryce: Cook delicious recipes","Philippines","Southeast Asia","31","0","0","0","Turn the recipes you save into meals you actually cook. Ryce brings your cooking inspiration, meal plan, grocery list, and step-by-step instructions together. Save a recipe that catches your eye, give it a place in your week, and take it from your phone to your plate. SAVE IT WHILE IT LOOKS GOOD Imp…"
"6747031054","PantryAI - Recipe Keeper","Philippines","Southeast Asia","32","2","5","2","Pantry AI helps you organize recipes, plan meals, and manage your food stock automatically. Import any recipe from the web or social, turn it into a grocery list, and generate meals based on what’s already in your kitchen. FEATURES - Recipe Keeper & Organizer – save recipes from TikTok, Instagram, Y…"
"6478546136","Flavorish | Save Any Recipe","Philippines","Southeast Asia","33","9","4.66667","9","Save recipes from Instagram, Facebook, TikTok, YouTube, websites, cookbooks, handwritten notes, and more, all in one app! Turn them into meal plans and grocery lists in seconds. With Flavorish, your go-to recipe app, organizing, saving, and cooking has never been easier. Save recipes from anywhere -…"
"1476621703","ckbk: discover great cookbooks","Philippines","Southeast Asia","34","0","0","0","ckbk offers the world’s best cookbooks, all in one place: • Filter your searches by diet, type of dish, national cuisine, author and more... • Recipes are enhanced with macronutrient data to help you meet your healthy-eating goals • Customize your preferred units (metric or US cups) and dietary filt…"
"1303222868","Paprika Recipe Manager 3","Philippines","Southeast Asia","35","65","4.8","65","Organize your recipes. Create grocery lists. Plan your meals. Download recipes from your favorite websites. Seamlessly sync to all your devices. Features • Recipes - Download recipes from your favorite websites, or add your own. • Grocery Lists - Create smart grocery lists that automatically combine…"
"6811616761","Plenty: What Can I Cook","Philippines","Southeast Asia","36","4","5","4","Keep the food you're having and add one thing that makes it more satisfying. Nothing to count, nothing to cut, no account. Toast at your desk, leftover rice at 9pm, something sweet after a long day. Plenty works with what you're actually eating. Every Plenty recipe has two or more of protein, fiber …"
"959638683","Anova Culinary","Philippines","Southeast Asia","37","93","4.66667","93","The Anova family of precision cookers allows everyone to cook like a pro! Paired with the Anova Culinary app, now perfectly cooked restaurant quality meals are as easy as the touch of a button. Browse the largest collection of sous vide recipes by Michelin star chefs and home cooks just like you. Th…"
"6780339569","Food Cost Calculator & Recipe","Philippines","Southeast Asia","38","1","5","1","Are you guessing your menu prices? Stop leaving money on the table. CostMyDish is the essential food costing and recipe pricing calculator built specifically for restaurant owners, chefs, home bakers, caterers, food trucks, and cottage food operators. Know your exact ingredient costs, protect your p…"
"1217456898","Tasty: Recipes, Cooking Videos","Philippines","Southeast Asia","39","4464","4.89673","4464","Welcome to the Tasty App – your ultimate cooking companion, featuring over 10,000 delicious recipes with video, step-by-step cooking mode, personalized recommendations, a thriving community of home chefs, and recipe shopping and seamless checkout. Tasty brings you the best of food and recipe discove…"
"1555897547","CakeCost","Philippines","Southeast Asia","40","6","4.83333","6","Are you struggling to figure out what to charge for your cakes and baking services? - CakeCost is designed for bakers and cake decorators, and makes recipe pricing easy. Are you unsure if you are charging enough for your baking? - CakeCost removes uncertainty by calculating prices including ingredie…"
"6761288978","Hapag Meal Planner","Philippines","Southeast Asia","41","7","4.14286","7","Hapag - Meal Planning for Real Life Every day starts with the same question: what are we eating today? Not just for families, also for busy people, couples, parents, students, and anyone tired of spending so much time figuring out meals. Between allergies, nutrition goals, ingredients at home, limit…"
"6670216494","Mob: Meal Planner and Recipes","Philippines","Southeast Asia","42","4","4","4","Join 4 million+ home cooks who've made weeknight cooking easy. Plan your week, build your shopping list in a tap, and never cook the same thing twice. Apple App of the Day and featured by Apple. Rated 4.5 stars by our community and loved in the press. Mob turns cooking from a daily scramble into the…"
"1540196240","BLW Meals: Starting Solids","Philippines","Southeast Asia","43","3","5","3","What parents are saying: Iluvpalmtrees Favorite BLW app ""So much free information and excellent examples of what you can feed your little one through all stages. Follow their IG as well for daily tips and videos."" MJ - first time mom Love this app! ""I absolutely love this app and the Instagram page.…"
"6477539889","Diet Food : Kid Meal Plan","Philippines","Southeast Asia","44","0","0","0","Make cooking for your kids simple, healthy, and stress-free! Discover a wide variety of delicious, kid-friendly recipes complete with step-by-step cooking instructions and detailed nutritional values for every dish. KEY FEATURES: • Step-by-Step Cooking: Follow clear, easy-to-read preparation steps t…"
"6767801514","Mynu","Philippines","Southeast Asia","45","3","4.66667","3","Mynu turns the meals you cook and eat into a personal recipes organizer. Save dishes with photos, organize them into a gallery, plan upcoming meals, and remember what you’ve eaten over time. Whether you cook for yourself, your partner, or your family, Mynu makes it easier to remember favorite meals …"
"1472765520","Sidekick by Sorted Food","Philippines","Southeast Asia","46","1","5","1","Sidekick - Your Personal Kitchen Sidekick Tired of the same old meals? Let Sidekick solve your dinner dilemma with exciting new recipes, smarter shopping and stress-free cooking. Over 4,000,000 dishes cooked so far… Sidekick is here to simplify your weekly meal planning, making cooking at home easie…"
"6737542752","WeChef - Recipe Journal","Philippines","Southeast Asia","47","72","4.86111","72","DISCOVER WECHEF: YOUR ALL-IN-ONE RECIPE & MEAL COMPANION WeChef transforms the way you cook, plan, and explore new dishes. From turning leftovers into something exciting, to saving recipes from the web, or organizing meals for special occasions – WeChef makes cooking easier, more fun, and stress-fre…"
"6778760884","Potto - meal planner","Philippines","Southeast Asia","48","1","5","1","Potto turns a few simple choices into a full week of meals — built around your supermarket, your budget, and the way you like to eat. No account, no fuss. Tell Potto your store, your weekly budget, your dietary needs and the gadgets in your kitchen, and it instantly creates a meal plan with recipes,…"
"1540604002","Pam Fitness & Food","Philippines","Southeast Asia","49","83","4.87952","83","THE BASICS: 1.⁠ ⁠Yummy and healthy recipes, using natural ingredients. No artificial sweeteners, etc. 2.⁠ ⁠I love to replace „bad“ ingredients of classic recipes - for example cane sugar or white flour - with more healthy alternatives. Therefore we can still eat dessert. But we get important nutrien…"
"1669762026","Baby Led Weaning Cookbook","Philippines","Southeast Asia","50","77","4.89609","77","Embark on a seamless Baby-Led Weaning Journey with our app: * Discover Baby-Led Weaning: Navigate the world of solids with confidence. Our app is your comprehensive guide, presenting the latest research findings, nutritional insights and tips for safe, joyful weaning. * 1000+ Foods & Recipes: Indulg…"
"1525239805","Gluten Morgen","Philippines","Southeast Asia","51","5","5","5","Gluten Morgen is the definitive app for home and professional bakers. Calculate baker's percentages, organize your recipes, and learn with the largest Spanish-speaking sourdough community. Created by Ramón Garriga (Gluten Morgen), a world reference in artisan baking and co-author of the book Masa Ma…"
"6781448292","Bake Margin","Philippines","Southeast Asia","52","0","0","0","Know what to charge. Protect every order's margin. BakeMargin is the pricing and order app for home bakers and small custom-cake businesses. Instead of guessing, you get a clear cost breakdown and a suggested price you can actually trust, so you stop undercharging and keep your profit. It works offl…"
"1157455937","Keto Diet Recipes App","Philippines","Southeast Asia","53","369","4.76152","369","Embark on a Transformative Keto Journey with Our App! *** Your Ultimate Keto Guide: Curious about the Keto Diet? Explore in-depth insights into Ketosis, different Keto approaches, benefits backed by science, overcoming Keto flu, and more! *** Comprehensive Food Lists: Discover vital lists for your K…"
"403188971","Pepperplate Cooking Planner","Philippines","Southeast Asia","54","0","0","0","Pepperplate is the only app for serious cooks. It has all the tools you need to cook weeknight dinners or host a dinner party for 12. Manage your recipes, create menus, shop with ease and cook like a pro on your iPad and iPhone. Features: * Pepperplate seamlessly manages recipes, menus and shopping …"
"1558556370","Coffee Cups: Barista Recipes","Philippines","Southeast Asia","55","0","0","0","Brew Barista-Level Coffee at Home! Dive into the world of coffee with barista-style recipes, expert tips, and fascinating insights. Uncover how small changes in brewing can transform flavors, and explore the stories behind the beans that fuel your day. Master Coffee Recipes: Whether you crave hot cl…"
"1241057014","Keto Diet App - Macro Tracker","Philippines","Southeast Asia","56","57","4.2807","57","Ketogenic Diet App - get healthy, feel good, and lose weight. Our app is your ultimate companion in adopting a flexible, low-carb diet for health benefits and weight reduction, combining our successful meal plans with over 200k happy customers! The Keto Diet App is designed to help you realize the h…"
"1249805978","MealPrepPro Planner & Recipes","Philippines","Southeast Asia","57","99","4.75758","99","Have your meals and groceries planned for you with MealPrepPro. MealPrepPro is a smart meal planner that adapts to your schedule, food preferences and goals. Reach your health goals No more counting calories. Meal plans are automatically adapted to your calorie and macro needs. #1 for Meal Prep Prep…"
"6758783243","RecipeVault: Recipe Keeper","Philippines","Southeast Asia","58","5","4.2","5","Save recipes from TikTok, Instagram, and YouTube in one tap then actually cook them. RecipeVault turns the chaos of bookmarked videos, screenshots, and browser tabs into one clean, searchable cookbook. → IMPORT FROM ANYWHERE - TikTok, Instagram Reels, YouTube & Shorts - Any website, blog, or recipe …"
"6772209205","Fridge Expiry Date Tracker","Philippines","Southeast Asia","59","0","0","0","Stop throwing out food you forgot you had. FridgeLog tracks every item in your fridge, freezer and pantry, then warns you before it spoils — so you finally use what you buy instead of binning it. Most reminder apps make you fight a generic to-do list. FridgeLog is built around one job: knowing what'…"
"1505065609","Love, Manuela","Philippines","Southeast Asia","60","7","2.71429","7","Love, Manuela is a baking app created by Norwegian baker Manuela Kjeilen, known as @passionforbaking. For more than a decade, Manuela has shared her love of baking with people around the world. She has published nine baking books, hosted her own baking show on TV in Sweden, and inspires more than 1.…"
"1445442810","Fasting Tracker App","Philippines","Southeast Asia","61","50","4.94","50","*** CALORIE-BASED FASTING *** If you’re doing intermittent fasting for 13 hours incl. being active during your fast, will you burn more calories than by just doing intermittent fasting for 16 hours? Find out yourself - with calorie-based fasting: Count how active you are or how much calories you bur…"
"974683711","Recipe Keeper","Philippines","Southeast Asia","62","55","4.70909","55","Recipe Keeper is the easy to use, all-in-one recipe organizer, shopping list and meal planner available across all of your devices. ADD RECIPES QUICKLY AND EASILY Enter your recipes with as much or as little information as you like. Copy and paste recipes from your existing documents or apps. Catego…"
"409157308","Annabel Karmel Kids Recipes","Philippines","Southeast Asia","63","1","5","1","Make feeding your baby, toddler and family easier with Annabel Karmel's multi award-winning recipe app. From first tastes and baby-led weaning to family meals, you'll find expert guidance, practical tools and over 1,500 nutritious recipes all in one place. Millions of families rely on Annabel's reci…"
"1529870663","My Little Food Critic","Philippines","Southeast Asia","64","2","5","2","The BEST SELLING My Little Food Critic App is your “go to” for feeding babies, toddlers, kids and the whole family! NEW RECIPES EVERY WEEK Fresh NEW recipes landing every week! Step by step recipe instructions, images and instructional recipe VIDEOS for selected recipes. Easily change cooking units …"
"1553130679","Your Secret Menu for Starbucks","Philippines","Southeast Asia","65","17","4.82353","17","Discover 500+ secret menu drinks, viral TikTok favorites, and creative custom recipes for your next coffee run. NEW RECIPES ADDED EVERY WEEK • 14,000+ FIVE-STAR REVIEWS See a drink all over your feed? Find out what’s in it, choose your size, and get clear, simple instructions for how to order it. Th…"
"6477230784","101 before one","Philippines","Southeast Asia","66","0","0","0","Paid Membership to 101 before one required to use our app. Introduce 101 foods through baby-led weaning & family-style meals. Welcome to 101 before one! We are a team of pediatric experts here to help parents introduce solids to their baby through our signature Family Meals from the Start® program, …"
"980368562","FitMenCook - Healthy Recipes","Philippines","Southeast Asia","67","13","4.84615","13","Struggle free, healthy recipes that are easy on the wallet. It’s as simple as that, and it’s a message that’s seen over 1 million people follow FitMenCook on social media. Be honest, have you ever heard these complaints about healthy eating? - “Eating healthy is too expensive!” - “It takes too long!…"
"839914467","Secret Menu Coffee Recipes","Philippines","Southeast Asia","68","151","4.6755","151","Secret Menu is an independent, unofficial guide. Not affiliated with, endorsed by, or sponsored by Starbucks Corporation. STARBUCKS is a registered trademark of Starbucks Corporation. Discover 200+ cafe-style drink recipes — with step-by-step ordering and at-home instructions so you get it right eve…"
"714004506","Official Cookidoo App","Philippines","Southeast Asia","69","240","4.95","240","The Official Thermomix® Cookidoo® App gives you access to the growing universe of mouth-watering Thermomix® Guided Cooking recipes. You pick and choose which recipes go with you wherever you are. Create an account and get cooking! SMART @ HEART Connect to Cookidoo® and access over 100,000 worldwide …"
"486811622","Cocktail Flow - Drink Recipes","Philippines","Southeast Asia","70","127","4.70078","127","Cocktail Flow features beautifully presented cocktail recipes with step by step guides and is packed with features you’ll love whether you’re a novice bartender or a professional mixologist. YOUR BAR, YOUR CABINET Mark the cocktail ingredients you have at home in the cabinet page and see what drinks…"
"1595938390","Zest: Meal Planner & Recipes","Philippines","Southeast Asia","71","34","4.82353","34","Tired of cooking the same 3 meals on repeat? Zest integrates a mind-blowing cooking education into your routine. Learn to cook with us through step-by-step explanations of foundational cooking concepts in fewer than 10 minutes and dishes that bring the concept to life. Our recipes are created by two…"
"1488585822","Brewfather","Philippines","Southeast Asia","72","2","5","2","Powerful and easy to use tool for your brewing needs. Easily create and manage your recipes. Keep track of all the details in your batches and your ingredients inventory. Brewfather is made from the ground up to give you the best recipe design and brewing experience on both desktop and mobile device…"
"775457437","Vegetarian Meal Plan & Recipes","Philippines","Southeast Asia","73","1","5","1","Wouldn't it be great getting delicious and well rounded Vegetarian recipes every day of the week? Well that's exactly what you'll get with Vegetarian Meal Plans! Ok so it won't actually make the recipes for you, but it can help you get started eating healthy and tasty vegetarian meals every day of t…"
"333425918","MealBoard - Meal Planner","Philippines","Southeast Asia","74","18","5","18","MealBoard helps you organize your recipes, automatically build grocery lists, manage your pantry, and now—use AI to create meal plans for you. AI looks at your recipes and past meal plans to suggest what you could eat next, so you spend less time deciding what’s for dinner. RECIPE MANAGEMENT • Impor…"
"585332633","Cookpad: Recipe Book & Meals","Philippines","Southeast Asia","75","50","4.84","50","Not sure what to cook tonight? Cookpad recommends: search by ingredient or by meal across thousands of authentic recipes from a global community of home cooks — all verified by the people who have actually cooked them. WHAT SHALL I COOK TONIGHT? Tell us what's in the fridge and we'll tell you what t…"
"1461650987","Crouton: Recipe Manager","Philippines","Southeast Asia","76","26","4.73076","26","Crouton is feature packed recipe organizer & meal planner. The best place to store your favorite recipes from where ever you find them, websites, cookbooks or a handwritten note from your Grandma. IMPORT ANYWHERE Crouton supports importing recipes from almost everywhere! Pull recipes automatically o…"
"1562044498","My Diabetes Diet & Meal Plan","Philippines","Southeast Asia","77","1","5","1","My Diabetes Diet is a simple, easy-to-use app that helps you create a personalized diabetes meal plan tailored to your unique needs. With this app, you can easily create a balanced diet plan with a variety of food options, track your daily food intake, and get tailored advice about nutrition and lif…"
"6449253484","Magic Chef AI Recipe Generator","Philippines","Southeast Asia","78","106","4.96225","106","Introducing Magic Chef AI Recipe Generator — ChatGPT 4 Cook & Meal Planner. Cooking healthy and yummy dishes has never been this easy! The AI-based app will revolutionize your culinary adventures and minimize your meal prep time. Magic Chef offers infinite tasty breakfast, lunch, snack and dinner id…"
"1351412313","FullyRaw by Kristina","Philippines","Southeast Asia","79","5","5","5","Join the FullyRaw Revolution! FullyRaw by Kristina is the ultimate guide to living a cleaner and healthier lifestyle through the consumption of organic raw foods. Offering over 500 recipes (including juices, smoothies, salads, desserts, and main dishes) with instructional videos, grocery shopping li…"
"1574776971","Pestle: Recipe Manager","Philippines","Southeast Asia","80","5","4","5","Save recipes from Instagram, TikTok, Facebook, YouTube and more with Pestle. IMPORT FROM ANYWHERE Import recipes from anywhere on the internet to Pestle, and keep just the ingredients and steps. Just tap 'Share', and 'Save to my Cookbook'. GUIDED COOKING Turn any recipe into a step-by-step process w…"
"6756583556","Eatty: Healthy Cooking Recipes","Philippines","Southeast Asia","81","69","4.71014","69","Eatty is an AI powered app for healthy cooking and everyday nutrition. It helps you plan meals track calories and cook balanced food without stress or complicated rules. The app adapts to your lifestyle and preferences so healthy eating feels natural and sustainable. With the help of artificial inte…"
"1052988561","Food Monster - Vegan Recipes","Philippines","Southeast Asia","82","1","1","1","One Green Planet's Food Monster app gives you once free recipe per day and instant access to 20,000+ plant-based, vegan, meatless, and dairy-free recipes that are sure to satisfy all taste buds! By subscribing to our monthly and yearly subscription options you can unlock our premium features like ac…"
"6479693198","Eatr・AI Healthy Diet Meal Plan","Vietnam","Southeast Asia","1","1811","4.7736","1811","Welcome to Eatr - the ultimate companion for everyone from cooking novices to seasoned chefs! Our app is designed to guide you through a culinary adventure tailored just for you. Whether you're pressed for time or looking to indulge in a leisurely cooking spree, Eatr has you covered. Time Management…"
"1164423781","Gronda: Recipes for Chefs","Vietnam","Southeast Asia","2","253","4.89328","253","** Apple’s App of the Day in 120+ Countries ** ** Used by 2M+ Chefs Worldwide ** ""Unlimited amount of inspiration"" — Netflix Superstar Ana Roš Gronda is the #1 app for professional and home chefs. Learn from the world’s best, fine dining recipes, and connect with a global community of culinary exper…"
"585332633","Cookpad: Recipe Book & Meals","Vietnam","Southeast Asia","3","3887","4.84666","3887","Not sure what to cook tonight? Cookpad recommends: search by ingredient or by meal across thousands of authentic recipes from a global community of home cooks — all verified by the people who have actually cooked them. WHAT SHALL I COOK TONIGHT? Tell us what's in the fridge and we'll tell you what t…"
"6739286231","Osta: Save & Share Recipes","Vietnam","Southeast Asia","4","52","4.80769","52","With Osta, you can save & import recipes from Instagram, websites, and TikTok. Organize and cook your favorite recipes in your own personalized recipe box. All your recipes in one place. • Import recipes instantly from Instagram, TikTok, or a website. • Cook using a simple recipe display with no clu…"
"1303222868","Paprika Recipe Manager 3","Vietnam","Southeast Asia","5","4","5","4","Organize your recipes. Create grocery lists. Plan your meals. Download recipes from your favorite websites. Seamlessly sync to all your devices. Features • Recipes - Download recipes from your favorite websites, or add your own. • Grocery Lists - Create smart grocery lists that automatically combine…"
"340368403","Cookpad Recipes","Vietnam","Southeast Asia","6","47","4.95744","47","Not sure what to cook tonight? Cookpad recommends: search by ingredient or by dish across thousands of authentic recipes from a global community of home cooks — all verified by the people who have actually cooked them. WHAT SHOULD I COOK TONIGHT? Tell us what's in the fridge and we'll tell you what …"
"6670216494","Mob: Meal Planner and Recipes","Vietnam","Southeast Asia","7","0","0","0","Join 4 million+ home cooks who've made weeknight cooking easy. Plan your week, build your shopping list in a tap, and never cook the same thing twice. Apple App of the Day and featured by Apple. Rated 4.5 stars by our community and loved in the press. Mob turns cooking from a daily scramble into the…"
"6714449541","Honeydew: Recipe & Cookbook AI","Vietnam","Southeast Asia","8","11","5","11","TRANSFORM YOUR COOKING & MEAL PLANNING WITH HONEYDEW The smartest AI-powered recipe, grocery list and meal planning app. Instantly import any recipe with one tap from social media, YouTube cooking videos, Instagram and Facebook Reels, screenshots, notes and websites. Turn food trends into your next …"
"911422904","NYT Cooking: Quick Tasty Meals","Vietnam","Southeast Asia","9","34","4.91176","34","New York Times Cooking has thousands of easy recipes you’ll love to make, from easy weeknight dinners to holiday showstoppers. Editor-curated collections make it easy to find the right recipe, and helpful videos make them fun and simple to cook. With our digital Recipe Box, you can easily save favou…"
"6469321012","Starting Solids & Baby Food","Vietnam","Southeast Asia","10","6","5","6","Our app has 250+ delicious and healthy recipes carefully prepared for your baby and an unlimited number of recipes that you can create with artificial intelligence. Key app features: *Recipes: 250+ healthy and delicious baby recipes carefully prepared for your baby, Plus new recipes will be added re…"
"453809428","Bon Appetit","Vietnam","Southeast Asia","11","0","0","0","Bon Appétit is where food and culture meet. The award-winning No. 1 food lifestyle brand covers food through the lens of cooking, fashion, travel, technology, design and home. As the leading arbiter of taste, its home-grown talent and tireless dedication to recipe testing separates it from the compe…"
"1553130679","Your Secret Menu for Starbucks","Vietnam","Southeast Asia","12","2","3","2","Discover 500+ secret menu drinks, viral TikTok favorites, and creative custom recipes for your next coffee run. NEW RECIPES ADDED EVERY WEEK • 14,000+ FIVE-STAR REVIEWS See a drink all over your feed? Find out what’s in it, choose your size, and get clear, simple instructions for how to order it. Th…"
"6482573732","Baby Food Solids BLW - YumYum","Vietnam","Southeast Asia","13","1","5","1","YumYum – BLW Baby Food Tracker, Weaning Chart & First Foods Guide Starting weaning made simple. YumYum is the fast food tracker and feeding journal for mums and dads doing baby-led weaning, purées, or a mix — log first foods, track allergies (egg, milk, peanut, gluten and more), and get AI homemade …"
"1540604002","Pam Fitness & Food","Vietnam","Southeast Asia","14","131","4.83206","131","THE BASICS: 1.⁠ ⁠Yummy and healthy recipes, using natural ingredients. No artificial sweeteners, etc. 2.⁠ ⁠I love to replace „bad“ ingredients of classic recipes - for example cane sugar or white flour - with more healthy alternatives. Therefore we can still eat dessert. But we get important nutrien…"
"6739855698","BarCrafts","Vietnam","Southeast Asia","15","0","0","0","Hundreds of Drink Recipes: Find recipes for cocktails, mocktails, smoothies, and more! Detailed Step-by-Step Guides: Follow clear instructions to craft the perfect drink every time. Ingredient Lists: Ensure you have everything you need with easy-to-read ingredient breakdowns. Whether you're preparin…"
"1505065609","Love, Manuela","Vietnam","Southeast Asia","16","0","0","0","Love, Manuela is a baking app created by Norwegian baker Manuela Kjeilen, known as @passionforbaking. For more than a decade, Manuela has shared her love of baking with people around the world. She has published nine baking books, hosted her own baking show on TV in Sweden, and inspires more than 1.…"
"1571491637","My Bar - Cocktail Recipes","Vietnam","Southeast Asia","17","31","4.83871","31","Welcome to My Bar, Unleash Your Inner Bartender with the Ultimate Cocktail Companion! Your go-to app for discovering and crafting delicious cocktails right at home. Whether you're a cocktail enthusiast eager to explore new recipes or a professional bartender refining your mixology skills, My Bar bri…"
"1514053992","Pregnancy Diet: Food & Recipes","Vietnam","Southeast Asia","18","4","4.75","4","What are the best recipes? Is there a particular snack for my morning sickness? Find answers about diet and pregnancy with this very complete app. All content is written by certified nutritionists. Monitor your diet and find healthy alternatives for bad foods. Save healthy recipes for your pregnancy…"
"640670118","BeerSmith Mobile Home Brewing","Vietnam","Southeast Asia","19","0","0","0","Do you want to create great beer recipes on the go? BeerSmith 3, the world's top selling home brewing software, comes to iPhone/iPad. BeerSmith Mobile gives you all the tools to design, edit and brew your best beer from your phone or tablet. BeerSmith mobile is tightly integrated with our recipe clo…"
"6476892914","Gelato Maestro Pro: Recipe","Vietnam","Southeast Asia","20","0","0","0","Gelato Maestro — The Recipe Balancing App for Gelato and Ice Cream Professionals and Enthusiasts From the first idea to the finished label, Gelato Maestro guides every step of your gelato and ice cream production. Design, balance, cost, scale, freeze, produce and print — all in one place, with the p…"
"6758783243","RecipeVault: Recipe Keeper","Vietnam","Southeast Asia","21","0","0","0","Save recipes from TikTok, Instagram, and YouTube in one tap then actually cook them. RecipeVault turns the chaos of bookmarked videos, screenshots, and browser tabs into one clean, searchable cookbook. → IMPORT FROM ANYWHERE - TikTok, Instagram Reels, YouTube & Shorts - Any website, blog, or recipe …"
"1157455937","Keto Diet Recipes App","Vietnam","Southeast Asia","22","163","4.7546","163","Embark on a Transformative Keto Journey with Our App! *** Your Ultimate Keto Guide: Curious about the Keto Diet? Explore in-depth insights into Ketosis, different Keto approaches, benefits backed by science, overcoming Keto flu, and more! *** Comprehensive Food Lists: Discover vital lists for your K…"
"1059134258","クラシル - 毎日の献立に！レシピ動画で料理がおいしく作れる","Vietnam","Southeast Asia","23","357","4.65546","357","レシピプラットホーム『クラシル』 ◆クラシルとは クラシルは、アプリダウンロード数（※1）・平均レビュー評価（※2）・レシピ動画数（※3）のすべてにおいて国内No.1のレシピプラットホームです。2016年2月のサービス開始以降、「くらしを美味しく、あたたかく」をサービスコンセプトに掲げ、管理栄養士監修の「誰でも安全に・おいしい料理を作ることができるレシピ動画」を約50,000件以上提供してまいりました。おかげさまで、国内で最も利用されるレシピプラットフォームへと成長しました。 この度、クラシルはこれまで以上に便利で、楽しい料理体験を提供するプラットフォームへと進化します。 「レシピが見つかる場…"
"1540196240","BLW Meals: Starting Solids","Vietnam","Southeast Asia","24","2","3","2","What parents are saying: Iluvpalmtrees Favorite BLW app ""So much free information and excellent examples of what you can feed your little one through all stages. Follow their IG as well for daily tips and videos."" MJ - first time mom Love this app! ""I absolutely love this app and the Instagram page.…"
"6793004286","Pantry Muse App","Vietnam","Southeast Asia","25","1","5","1","Pantry Muse giúp bạn biết trong bếp đang có gì, ưu tiên sử dụng thực phẩm sắp hết hạn và dễ dàng chọn món phù hợp cho cả gia đình. Từ lúc mua nguyên liệu đến khi hoàn thành bữa ăn, Pantry Muse đồng hành cùng bạn trong một quy trình đơn giản và liền mạch. TÍNH NĂNG NỔI BẬT • Quản lý tủ thực phẩm Lưu …"
"6760462265","Tasto Recipe Manager","Vietnam","Southeast Asia","26","0","0","0","Your new favorite way to save recipes from Instagram, TikTok, Web and more. Tasto is the smart recipe app that saves, organizes, and transforms the way you cook. Save any recipe from anywhere, tailor it to your lifestyle, and get a seamless experience from grocery list to the dinner table. FEATURES …"
"1593779280","ReciMe: Recipes & Meal Planner","Vietnam","Southeast Asia","27","75","4.8","75","The number 1 recipe organizer. ReciMe saves all your favorite recipes in one place, including Instagram, Facebook, TikTok, YouTube and Pinterest. Create grocery lists and meal plans. Calculate calories for every recipe. However you cook, ReciMe helps you do it, better. FEATURES - Save Recipes from I…"
"1434244144","iCook: Meal Planner・Food Prep","Vietnam","Southeast Asia","28","2","5","2","Over 1000 healthy recipes for the whole family, a smart meal planner, and your personal AI nutrition assistant — all in one app! HEALTHY MEALS FOR THE WHOLE FAMILY — quick, simple, and science-based. iCook helps you easily maintain balanced nutrition every day. DEVELOPED BY A CERTIFIED NUTRITIONIST …"
"1249805978","MealPrepPro Planner & Recipes","Vietnam","Southeast Asia","29","20","4.4","20","Have your meals and groceries planned for you with MealPrepPro. MealPrepPro is a smart meal planner that adapts to your schedule, food preferences and goals. Reach your health goals No more counting calories. Meal plans are automatically adapted to your calorie and macro needs. #1 for Meal Prep Prep…"
"486811622","Cocktail Flow - Drink Recipes","Vietnam","Southeast Asia","30","267","4.89888","267","Cocktail Flow features beautifully presented cocktail recipes with step by step guides and is packed with features you’ll love whether you’re a novice bartender or a professional mixologist. YOUR BAR, YOUR CABINET Mark the cocktail ingredients you have at home in the cabinet page and see what drinks…"
"6777230233","Herbi: Meal Planner + Recipes","Vietnam","Southeast Asia","31","0","0","0","Tired of deciding what to cook every night? Herbi makes weekly meal planning simple. Discover delicious recipes, save the ones you spot on TikTok and Instagram, build a personalised meal plan in minutes, and get a supermarket shopping list that's ready to go. Whether you're cooking for yourself, you…"
"409157308","Annabel Karmel Kids Recipes","Vietnam","Southeast Asia","32","2","5","2","Make feeding your baby, toddler and family easier with Annabel Karmel's multi award-winning recipe app. From first tastes and baby-led weaning to family meals, you'll find expert guidance, practical tools and over 1,500 nutritious recipes all in one place. Millions of families rely on Annabel's reci…"
"1476621703","ckbk: discover great cookbooks","Vietnam","Southeast Asia","33","2","4.5","2","ckbk offers the world’s best cookbooks, all in one place: • Filter your searches by diet, type of dish, national cuisine, author and more... • Recipes are enhanced with macronutrient data to help you meet your healthy-eating goals • Customize your preferred units (metric or US cups) and dietary filt…"
"554065086","愛料理","Vietnam","Southeast Asia","34","16","4.9375","16","美食自己做！超過 300,000 道食譜任你探索，天天都有料理新靈感！ 不論是健康輕食、家常小菜，還是挑戰高難度甜點，愛料理都能幫你輕鬆上手，享受幸福美味時光。 【特色功能】 ▶ 快速搜尋食譜 輸入食材名稱或料理關鍵字，即可快速找到適合的食譜。不論是想探索全新菜式，還是用冰箱剩餘的食材做料理，都能幫你激發創意！ ▶ 圖文步驟詳解，料理零失敗 食譜提供圖文詳細步驟說明，無論是料理新手還是烹飪高手，都能按照指引一步步完成！ ▶ 個人化收藏清單，隨時管理喜好食譜 喜歡的食譜不只可以收藏，還能根據需求建立多個專屬清單，例如「減重計劃」、「健康輕食」、「節日派對菜單」等，方便快速查找。 ▶ 創作並分享私…"
"1669762026","Baby Led Weaning Cookbook","Vietnam","Southeast Asia","35","8","4.375","8","Embark on a seamless Baby-Led Weaning Journey with our app: * Discover Baby-Led Weaning: Navigate the world of solids with confidence. Our app is your comprehensive guide, presenting the latest research findings, nutritional insights and tips for safe, joyful weaning. * 1000+ Foods & Recipes: Indulg…"
"980368562","FitMenCook - Healthy Recipes","Vietnam","Southeast Asia","36","7","4.71429","7","Struggle free, healthy recipes that are easy on the wallet. It’s as simple as that, and it’s a message that’s seen over 1 million people follow FitMenCook on social media. Be honest, have you ever heard these complaints about healthy eating? - “Eating healthy is too expensive!” - “It takes too long!…"
"1488585822","Brewfather","Vietnam","Southeast Asia","37","2","5","2","Powerful and easy to use tool for your brewing needs. Easily create and manage your recipes. Keep track of all the details in your batches and your ingredients inventory. Brewfather is made from the ground up to give you the best recipe design and brewing experience on both desktop and mobile device…"
"604733625","delicious.","Vietnam","Southeast Asia","38","8","5","8","* Enjoy the first 30 Days FREE with your one-year subscription * 30 Day FREE TRIAL - to activate your free trial click on 'subscribe for one year' and follow the prompts - your free trial will commence immediately and your paid subscription will commence at the end of the trial period. As Australia’…"
"974683711","Recipe Keeper","Vietnam","Southeast Asia","39","7","4.28571","7","Recipe Keeper is the easy to use, all-in-one recipe organizer, shopping list and meal planner available across all of your devices. ADD RECIPES QUICKLY AND EASILY Enter your recipes with as much or as little information as you like. Copy and paste recipes from your existing documents or apps. Catego…"
"396836856","Nutrients - Nutrition Facts","Vietnam","Southeast Asia","40","10","4.4","10","Nutrients is nutrition at your fingertips! How much sugar is in an apple? How much potassium is in a banana? Discover nutrition facts on tens of thousands of foods complete with all vitamins, minerals, amino acids, fats, fatty acids, sugars, sterols, and more compounds like caffeine. Nutrients works…"
"6762616602","YouCai - Fridge & Pantry","Vietnam","Southeast Asia","41","0","0","0","Forgotten food in the back of the fridge? Take one photo with YouCai to recognise multiple ingredients and add them to your food inventory. See what to use first and find recipes based on what you already have. Add food your way Scan a fridge photo, snap a grocery receipt, or add an item by hand. Ke…"
"943148121","Craft Beer & Brewing Magazine","Vietnam","Southeast Asia","42","3","5","3","The best app for those that drink and make great beer. Inside each issue of Craft Beer & Brewing Magazine you'll find practical advice from the best craft beer writers in the industry, dozens of beer reviews with comprehensive tasting notes, exclusive interviews and advice from world-class brewers, …"
"1618589011","Pick Up Limes","Vietnam","Southeast Asia","43","2","5","2","Plan your meals, feel nourished, and eat delicious plant-based food. The Pick Up Limes App brings together nourishing vegan recipes, personalized meal plans, grocery tools, nutrition support, and all your favourite online recipes in one place. Top features • 1800+ plant-based recipes, with new ones …"
"6450664772","Scoolinary: Learn & Cook","Vietnam","Southeast Asia","44","3","5","3","Scoolinary is the culinary learning app for chefs, entrepreneurs, students, and passionate home cooks. Learn from the world’s best chefs, with 50+ Michelin stars, and access 400+ courses and 3,000 step-by-step video recipes. What you’ll learn •Professional cooking techniques applicable to any dish. …"
"1318747966","Keto Calculator & Keto-Recipes","Vietnam","Southeast Asia","45","3","5","3","How does Keto-Recipes work? * Just select keto meals you like most for breakfast, lunch, as a snack or dinner. * Our Keto Diet Tracker App shows you if you hit the right amount of fat intake. ...with this Keto Tracker you no longer have to do on your own: * Scan barcodes. * Endless time wasting with…"
"1059211083","OrganizEat Recipe Keeper Box","Vietnam","Southeast Asia","46","2","5","2","Streamline your cooking experience with OrganizEat Recipe Keeper. Our all-in-one app is your ultimate recipe organizer, cookbook, and keeper box, packed with features to simplify your culinary journey. Your All-in-One Recipe Organizer, Cookbook, and Keeper Box. No Typing! Snap Photos, Import, Tag, a…"
"1016450821","VST CoffeeTools PRO for iPhone","Vietnam","Southeast Asia","47","0","0","0","PROFESSIONAL COFFEE TOOLS DESIGN SOFTWARE for the BARISTA, SPECIALTY ROASTER, CAFÉ and RESTAURANT OPERATOR and COFFEE & ESPRESSO BEVERAGE EQUIPMENT DESIGNER Based on MoJoToGo – Best New Product SCAA EXPO 2010 VST's UNIVERSAL BREWING CONTROL CHART SOFTWARE For Coffee, Espresso, Cupping and Equipment …"
"1472765520","Sidekick by Sorted Food","Vietnam","Southeast Asia","48","0","0","0","Sidekick - Your Personal Kitchen Sidekick Tired of the same old meals? Let Sidekick solve your dinner dilemma with exciting new recipes, smarter shopping and stress-free cooking. Over 4,000,000 dishes cooked so far… Sidekick is here to simplify your weekly meal planning, making cooking at home easie…"
"1481818660","CibouScan - Food & beauty","Vietnam","Southeast Asia","49","18","5","18","CIBOUSCAN: Scan Your BEAUTY & FOOD Products Health Score, Nutri-Score, NOVA, Calories & Recipes CIBOUSCAN is the all-in-one app to take care of your health, skin, nutrition, and the planet. Scan beauty products and food in seconds to understand what you use and eat - ingredients, health scores, Nutr…"
"1224895623","Healthy Air Fryer Recipes","Vietnam","Southeast Asia","50","9","4.55556","9","Are you one of those who enjoy fried food but also realizes that it is unhealthy? If you are someone who likes to cook food at home but dislikes the oily mess and nasty odors that accompanies cooking. Then this AirFryer Recipes app is for you. Use this app and enjoy healthier AirFryer food, with 70-…"
"6483933170","My Food Diary App: SpoonMe","Vietnam","Southeast Asia","51","2","5","2","SpoonMe helps you be deliberate about what you eat, discover delicious recipes, and share your finds with your friends. SpoonMe is different. We are not a calorie tracking app, although you can track your calories. Think of SpoonMe as a food journal. You can take pictures of your food to track what …"
"714004506","Official Cookidoo App","Vietnam","Southeast Asia","52","103","4.90291","103","The Official Thermomix® Cookidoo® App gives you access to the growing universe of mouth-watering Thermomix® Guided Cooking recipes. You pick and choose which recipes go with you wherever you are. Create an account and get cooking! SMART @ HEART Connect to Cookidoo® and access over 100,000 worldwide …"
"1079607960","Oh She Glows","Vietnam","Southeast Asia","53","3","5","3","New York Times bestselling cookbook author Angela Liddon, shares her most popular plant-based recipes from the award-winning recipe blog, OhSheGlows.com, and stunning, vibrant food photography for each recipe. Angela has been creating healthy, veggie-packed recipes for more than 10 years, and she on…"
"6756779967","Restaurant POS - aSeller F&B","Vietnam","Southeast Asia","54","7","5","7","aSeller FnbPos - Restaurant & Cafe POS System The all-in-one point of sale and business management app built for restaurants, cafes, bakeries, food stalls, and every type of F&B business. aSeller FnbPos puts complete control of your operations in your pocket — from sales and inventory to revenue tra…"
"1529870663","My Little Food Critic","Vietnam","Southeast Asia","55","0","0","0","The BEST SELLING My Little Food Critic App is your “go to” for feeding babies, toddlers, kids and the whole family! NEW RECIPES EVERY WEEK Fresh NEW recipes landing every week! Step by step recipe instructions, images and instructional recipe VIDEOS for selected recipes. Easily change cooking units …"
"312101965","Epicurious","Vietnam","Southeast Asia","56","29","4.65517","29","Cook smarter with 50,000+ tested recipes from Epicurious, Bon Appétit, and more. Find easy dinners, healthy meals, and expert cooking guidance - all in one app. Subscribe to the Epicurious in the app, or if you’re already a subscriber, log in for unlimited access to recipes and so much more. THE EPI…"
"959638683","Anova Culinary","Vietnam","Southeast Asia","57","18","4.88889","18","The Anova family of precision cookers allows everyone to cook like a pro! Paired with the Anova Culinary app, now perfectly cooked restaurant quality meals are as easy as the touch of a button. Browse the largest collection of sous vide recipes by Michelin star chefs and home cooks just like you. Th…"
"1479183137","KETO Diet Recipes PRO Low-Carb","Vietnam","Southeast Asia","58","43","4.90698","43","KETO Diet Recipes PRO: Your Ultimate Guide to Delicious and Effective Weight Loss Embark on your KETO journey with KETO Diet Recipes PRO, the ideal app for enjoying mouth-watering meals while shedding pounds. With hundreds of recipes across various categories, even the pickiest eaters will find dish…"
"839914467","Secret Menu Coffee Recipes","Vietnam","Southeast Asia","59","52","4.67307","52","Secret Menu is an independent, unofficial guide. Not affiliated with, endorsed by, or sponsored by Starbucks Corporation. STARBUCKS is a registered trademark of Starbucks Corporation. Discover 200+ cafe-style drink recipes — with step-by-step ordering and at-home instructions so you get it right eve…"
"1445442810","Fasting Tracker App","Vietnam","Southeast Asia","60","13","4.92307","13","*** CALORIE-BASED FASTING *** If you’re doing intermittent fasting for 13 hours incl. being active during your fast, will you burn more calories than by just doing intermittent fasting for 16 hours? Find out yourself - with calorie-based fasting: Count how active you are or how much calories you bur…"
"1088859983","Fivesec Health by Alexandra","Vietnam","Southeast Asia","61","1","4","1","Cook Delicious Plant-Based Meals with Ease! Discover 700+ easy, healthy, and delicious plant-based recipes with the Fivesec Health App — your go-to companion for everyday vegan cooking! Whether you’re fully plant-based or just looking to add more nutritious meals to your routine, this app makes heal…"
"351660247","VST CoffeeTools for iPhone","Vietnam","Southeast Asia","62","0","0","0","PROFESSIONAL COFFEE TOOLS for the BARISTA, SPECIALTY ROASTER and COFFEE BEVERAGE EQUIPMENT DESIGNER Best New Product SCAA EXPO 2010 VST CoffeeTools™ allows professional and home users to quickly compute proper brew formulas using any method of brewing coffee or espresso. Used with a coffee refractom…"
"393065903","My Women’s Weekly","Vietnam","Southeast Asia","63","0","0","0","For over 90 years, The Australian Women’s Weekly has been the kitchen table Australia gathers around, and now everything we know about cooking is available at your fingertips. From decadent desserts to hearty mains, quick family dinners to exquisite holiday feasts, our 17,000+ Test Kitchen-tested re…"
"1619509620","Meal Planner & Grocery List","Vietnam","Southeast Asia","64","14","4.71429","14","Meal Planner & Grocery List by Jojo Apps is the ultimate all-in-one menu organizer, smart meal generator, and recipe keeper. Designed for busy couples and families, this app helps you save time, cut grocery bills, and eat healthier by creating custom meal plans based on your specific diet, allergies…"
"1351412313","FullyRaw by Kristina","Vietnam","Southeast Asia","65","7","5","7","Join the FullyRaw Revolution! FullyRaw by Kristina is the ultimate guide to living a cleaner and healthier lifestyle through the consumption of organic raw foods. Offering over 500 recipes (including juices, smoothies, salads, desserts, and main dishes) with instructional videos, grocery shopping li…"
"6754585864","Leaky Spoon","Vietnam","Southeast Asia","66","0","0","0","Tired of endless recipe searching and chaotic meal planning? Leaky Spoon is the revolutionary cooking app designed to be your all-in-one kitchen companion, nutritionist, and sous chef. It’s more than just a recipe book—it’s a dynamic, conversational platform that simplifies every step of the cooking…"
"1150921819","Filtru Coffee: Best Brew Guide","Vietnam","Southeast Asia","67","161","4.85714","161","Coffee is more than a morning habit. With Filtru, you can brew better coffee at home, learn each method step by step, and repeat your favourite recipes with confidence. Filtru guides you through Espresso, AeroPress, Chemex, Hario V60, Kalita Wave, Moka Pot, French Press, Siphon, Cezve, Vietnamese Ph…"
"1533933692","Secret Menu for Starbucks +","Vietnam","Southeast Asia","68","54","4.9074","54","Turn your kitchen into your favourite coffee shop. Ever seen a colourful café drink and wondered what’s inside? Secret Menu: Coffee Recipes brings over 600 creative drink recipes straight to your fingertips, so you can discover new flavours and recreate your favourites at home. EXPLORE YOUR NEXT FAV…"
"1143941420","GuildSomm","Vietnam","Southeast Asia","69","0","0","0","The GuildSomm Compendium at your fingertips, whenever you need it! The GuildSomm App provides offline access to the full resources of the GuildSomm Compendium. Perfect for studying during your commute or quickly looking up a fact during service. The database includes regional wine and appellation la…"
"1447158881","Maja Vase","Vietnam","Southeast Asia","70","0","0","0","The app has more than 150 detailed, easy-to-follow cake and dessert recipes. You only pay once and get access to all the recipes in the app. Highlights: • 150+ inspiring recipes • Lots of tips and wild techniques • Gorgeous, high-quality pictures • Search recipes using ingredient keywords • All reci…"
"297650041","8,500+ Drink Recipes","Vietnam","Southeast Asia","71","79","4.89872","79","Yes. You heard it right. Free. Over 8,500 Drink & Cocktail recipes at the tap of your fingertips. Now you know what bartenders are putting into your expensive drinks. Drink & Cocktail Recipes databases typically cost hundreds to thousands of dollars. We're giving it away to you for free. Features: *…"
"6760462265","Tasto Recipe Manager","Turkey","Middle East","1","627","4.63795","627","Your new favorite way to save recipes from Instagram, TikTok, Web and more. Tasto is the smart recipe app that saves, organizes, and transforms the way you cook. Save any recipe from anywhere, tailor it to your lifestyle, and get a seamless experience from grocery list to the dinner table. FEATURES …"
"6777471316","mise - meal planner","Turkey","Middle East","2","11","3.90909","11","mise – meal planner Take the stress out of deciding what to eat. mise helps you generate personalised meal plans in seconds based on your dietary preferences, calorie goals, favourite UK supermarkets, budget, and the ingredients you already have at home. Whether you're meal prepping for the week, tr…"
"6780408224","Tomati: Recipe Saver & Keeper","Turkey","Middle East","3","746","4.75603","746","Save recipes from Instagram, TikTok, YouTube and more in seconds. Tomati turns every recipe you find on social media into a tidy recipe book, plans your weekly menu and builds your grocery list automatically. And when you're wondering ""What should I cook?"", it creates a recipe just for you. Never lo…"
"6739286231","Osta: Save & Share Recipes","Turkey","Middle East","4","106","4.58491","106","With Osta, you can save & import recipes from Instagram, websites, and TikTok. Organize and cook your favorite recipes in your own personalized recipe box. All your recipes in one place. • Import recipes instantly from Instagram, TikTok, or a website. • Cook using a simple recipe display with no clu…"
"1164423781","Gronda: Recipes for Chefs","Turkey","Middle East","5","400","4.8125","400","** Apple’s App of the Day in 120+ Countries ** ** Used by 2M+ Chefs Worldwide ** ""Unlimited amount of inspiration"" — Netflix Superstar Ana Roš Gronda is the #1 app for professional and home chefs. Learn from the world’s best, fine dining recipes, and connect with a global community of culinary exper…"
"714004506","Official Cookidoo App","Turkey","Middle East","6","9177","4.7923","9177","The Official Thermomix® Cookidoo® App gives you access to the growing universe of mouth-watering Thermomix® Guided Cooking recipes. You pick and choose which recipes go with you wherever you are. Create an account and get cooking! SMART @ HEART Connect to Cookidoo® and access over 100,000 worldwide …"
"1593779280","ReciMe: Recipes & Meal Planner","Turkey","Middle East","7","106","4.43396","106","The number 1 recipe organizer. ReciMe saves all your favorite recipes in one place, including Instagram, Facebook, TikTok, YouTube and Pinterest. Create grocery lists and meal plans. Calculate calories for every recipe. However you cook, ReciMe helps you do it, better. FEATURES - Save Recipes from I…"
"6479693198","Eatr・AI Healthy Diet Meal Plan","Turkey","Middle East","8","2915","4.43602","2915","Welcome to Eatr - the ultimate companion for everyone from cooking novices to seasoned chefs! Our app is designed to guide you through a culinary adventure tailored just for you. Whether you're pressed for time or looking to indulge in a leisurely cooking spree, Eatr has you covered. Time Management…"
"947863045","Nefis Yemek Tarifleri","Turkey","Middle East","9","93340","4.76241","93340","Nefis Yemek Tarifleri'nin RESMİ iOS uygulamasıdır. Tamamı denenmiş 900.000'den fazla yemek tarifi. Binlerce videolu anlatım. Nefis Yemek Tarifleri, Türkiye'nin en çok okunan yemek tarifi sitesi ve en büyük yemek tarifi topluluğudur. İçerisinde, kullanıcılarımızın gönderdiği tamamı denenmiş ve fotoğr…"
"6754534120","Recipe Box - Recipy","Turkey","Middle East","10","297","4.67677","297","Recipe Box – Recipy: All Your Recipes, One Smart Box Recipe Box – Recipy makes it incredibly simple to save, organize, and cook your favorite meals, all in one place. Say goodbye to messy screenshots, scattered notes, and endless scrolling. Whether you discover a great dish on Instagram, TikTok, You…"
"6670216494","Mob: Meal Planner and Recipes","Turkey","Middle East","11","16","2.25","16","Join 4 million+ home cooks who've made weeknight cooking easy. Plan your week, build your shopping list in a tap, and never cook the same thing twice. Apple App of the Day and featured by Apple. Rated 4.5 stars by our community and loved in the press. Mob turns cooking from a daily scramble into the…"
"6469321012","Starting Solids & Baby Food","Turkey","Middle East","12","191","4.31937","191","Our app has 250+ delicious and healthy recipes carefully prepared for your baby and an unlimited number of recipes that you can create with artificial intelligence. Key app features: *Recipes: 250+ healthy and delicious baby recipes carefully prepared for your baby, Plus new recipes will be added re…"
"6450664772","Scoolinary: Learn & Cook","Turkey","Middle East","13","2","5","2","Scoolinary is the culinary learning app for chefs, entrepreneurs, students, and passionate home cooks. Learn from the world’s best chefs, with 50+ Michelin stars, and access 400+ courses and 3,000 step-by-step video recipes. What you’ll learn •Professional cooking techniques applicable to any dish. …"
"1548466041","Mela - Recipe Manager","Turkey","Middle East","14","10","4.8","10","Mela is a simple, elegant and modern recipe manager that syncs with iCloud. SYNC Sync your recipes with iCloud, either privately (default) or by sharing a recipe library with other iCloud users. IN-APP BROWSER WITH LIVE PREVIEW Quickly save a recipe while browsing: If Mela detects a recipe on the cu…"
"6757007440","Tastera: Recipe Saver","Turkey","Middle East","15","3","5","3","Turn your social media feed into your ultimate digital recipe organizer and personal cookbook. Saw a mouth-watering pasta on Instagram or a viral cookie on TikTok? You saved it, screenshotted it, or sent it to yourself. But when it's time to cook, it’s lost in your camera roll or buried in a messy ""…"
"6739583764","Baby Plates","Turkey","Middle East","16","6","5","6","The Baby Plates mobile app is your reliable assistant in ensuring healthy and proper nutrition for your baby from the very beginning of weaning! We created this app to make the process of preparing and planning baby meals easy and enjoyable. In the app, you will find: Recipes We have many recipes sp…"
"6747708223","AI Recipe - Cooking Ideas","Turkey","Middle East","17","1","5","1","Transform your ingredients into delicious meals in seconds! Snap a photo of what's in your fridge, pantry, or on your countertop and receive instant recipe ideas powered by AI. No typing, no searching, no stress. Not sure what to cook? MY Recipes helps you discover meals based on what you already ha…"
"1481818660","CibouScan - Food & beauty","Turkey","Middle East","18","493","4.57606","493","CIBOUSCAN: Scan Your BEAUTY & FOOD Products Health Score, Nutri-Score, NOVA, Calories & Recipes CIBOUSCAN is the all-in-one app to take care of your health, skin, nutrition, and the planet. Scan beauty products and food in seconds to understand what you use and eat - ingredients, health scores, Nutr…"
"1303222868","Paprika Recipe Manager 3","Turkey","Middle East","19","15","4.73332","15","Organize your recipes. Create grocery lists. Plan your meals. Download recipes from your favorite websites. Seamlessly sync to all your devices. Features • Recipes - Download recipes from your favorite websites, or add your own. • Grocery Lists - Create smart grocery lists that automatically combine…"
"6748586120","Minik Lokmalar","Turkey","Middle East","20","1","5","1","Minik Lokmalar – Ek gıdaya geçişte en büyük yardımcınız Minik Lokmalar, ek gıdaya geçen bebekler için özenle hazırlanmış, sağlıklı ve dengeli yemek tarifleri sunan kapsamlı bir mobil uygulamadır. Her tarif, bebeklerin gelişim dönemleri ve beslenme ihtiyaçları göz önünde bulundurularak oluşturulmuştu…"
"6449253484","Magic Chef AI Recipe Generator","Turkey","Middle East","21","587","4.8569","587","Introducing Magic Chef AI Recipe Generator — ChatGPT 4 Cook & Meal Planner. Cooking healthy and yummy dishes has never been this easy! The AI-based app will revolutionize your culinary adventures and minimize your meal prep time. Magic Chef offers infinite tasty breakfast, lunch, snack and dinner id…"
"911422904","NYT Cooking: Quick Tasty Meals","Turkey","Middle East","22","268","4.88433","268","New York Times Cooking has thousands of easy recipes you’ll love to make, from easy weeknight dinners to holiday showstoppers. Editor-curated collections make it easy to find the right recipe, and helpful videos make them fun and simple to cook. With our digital Recipe Box, you can easily save favou…"
"486811622","Cocktail Flow - Drink Recipes","Turkey","Middle East","23","529","4.78071","529","Cocktail Flow features beautifully presented cocktail recipes with step by step guides and is packed with features you’ll love whether you’re a novice bartender or a professional mixologist. YOUR BAR, YOUR CABINET Mark the cocktail ingredients you have at home in the cabinet page and see what drinks…"
"6714449541","Honeydew: Recipe & Cookbook AI","Turkey","Middle East","24","26","4.76923","26","TRANSFORM YOUR COOKING & MEAL PLANNING WITH HONEYDEW The smartest AI-powered recipe, grocery list and meal planning app. Instantly import any recipe with one tap from social media, YouTube cooking videos, Instagram and Facebook Reels, screenshots, notes and websites. Turn food trends into your next …"
"6758733048","Cocktailly - Cocktail Recipes","Turkey","Middle East","25","25","4.92","25","Turn the ingredients you already have into cocktails worth making. Cocktailly helps you discover cocktail recipes, find drinks by ingredients, and create personalized recipes for any mood, taste, or occasion. Whether you are learning mixology, building a home bar, planning a party, or simply wonderi…"
"6762011488","Mymixolog","Turkey","Middle East","26","10","5","10","Welcome to the meeting point of those who see cocktails not just as a drink, but as an art discipline where culture, technique, aesthetics and experience come together! Brought to life by the vision of Bilal İslam, an internationally awarded gastronomy and mixology expert, the Mymixolog app is desig…"
"6759342397","KusKus: Save Any Recipe","Turkey","Middle East","27","204","3.90196","204","Stop losing recipes you find on social media. Kuskus turns your saved TikTok, Instagram, YouTube, X, and Facebook recipe videos into clean, easy-to-follow recipes you can actually cook from. Just paste a link — Kuskus extracts the ingredients, steps, prep time, and servings so you can get cooking wi…"
"6789166319","Fit Chef Diet Recipes","Turkey","Middle East","28","2","5","2","Stop wondering what to eat and start the week with a plan made for you. Fit Chef Diet Recipes makes it easy to discover recipes and build a weekly menu around your goals, routine, budget and food preferences. Explore more than 250 recipes with calories, protein, carbohydrates and fat clearly listed,…"
"1540604002","Pam Fitness & Food","Turkey","Middle East","29","242","4.70661","242","THE BASICS: 1.⁠ ⁠Yummy and healthy recipes, using natural ingredients. No artificial sweeteners, etc. 2.⁠ ⁠I love to replace „bad“ ingredients of classic recipes - for example cane sugar or white flour - with more healthy alternatives. Therefore we can still eat dessert. But we get important nutrien…"
"6468471173","Food Holidays Calendar","Turkey","Middle East","30","0","0","0","Food Holidays Calendar filled with 500+ national food and drink events throughout the year. Join millions of people in celebrating food holidays, plan, gather, and eat with loved ones. With the Food Holidays app, you can learn about the story behind each day, get notified about important dates, and …"
"6761023699","Recettes pour Bébé","Turkey","Middle East","31","43","4.88372","43","Everything you need for your baby's nutrition and development — in one place. ""Baby: Starting Solids"" helps you with meal ideas, vaccination tracking, growth charts, developmental milestones, and more. Less searching, more time with your baby. WHAT'S FOR DINNER TODAY? Select the ingredients you have…"
"6759298502","Menu & Muse","Turkey","Middle East","32","10","5","10","Create a Dinner Party in Perfect Harmony Menu & Muse helps you design a beautifully balanced 4-course dinner — where every dish complements the next and every wine feels thoughtfully chosen. No mismatched courses. No last-minute uncertainty. Just a menu that flows naturally from beginning to end. St…"
"1476621703","ckbk: discover great cookbooks","Turkey","Middle East","33","1","3","1","ckbk offers the world’s best cookbooks, all in one place: • Filter your searches by diet, type of dish, national cuisine, author and more... • Recipes are enhanced with macronutrient data to help you meet your healthy-eating goals • Customize your preferred units (metric or US cups) and dietary filt…"
"1514053992","Pregnancy Diet: Food & Recipes","Turkey","Middle East","34","167","4.19162","167","What are the best recipes? Is there a particular snack for my morning sickness? Find answers about diet and pregnancy with this very complete app. All content is written by certified nutritionists. Monitor your diet and find healthy alternatives for bad foods. Save healthy recipes for your pregnancy…"
"6746448830","Homi: AI Recipe Assistant","Turkey","Middle East","35","13","5","13","Can't decide what to cook? Want to make a meal with what's in your fridge but don't know where to start? Homi is here for you! Your AI-powered recipe assistant Homi photographs the ingredients in your fridge and suggests personalized, delicious recipes in just 10 seconds. No more wondering ""what sho…"
"6478546136","Flavorish | Save Any Recipe","Turkey","Middle East","36","3","5","3","Save recipes from Instagram, Facebook, TikTok, YouTube, websites, cookbooks, handwritten notes, and more, all in one app! Turn them into meal plans and grocery lists in seconds. With Flavorish, your go-to recipe app, organizing, saving, and cooking has never been easier. Save recipes from anywhere -…"
"1602364247","Smoothie Recipes - Juice Guide","Turkey","Middle East","37","0","0","0","Discover the easiest way to lose weight and boost your energy with delicious smoothie recipes that actually work. Whether you're looking to shed pounds, detox your body, or simply add more nutrition to your day, our carefully curated collection of healthy smoothies makes it simple. Transform your mo…"
"6479545461","Seeya","Turkey","Middle East","38","91","4.46154","91","Seeya - A tantalizing journey around the globe Embark on a tantalizing journey around the globe with Seeya, the ultimate app for food enthusiasts and culinary adventurers. Whether you’re a curious gourmand or simply someone who loves good food, Seeya is designed to inspire your culinary creativity a…"
"1249805978","MealPrepPro Planner & Recipes","Turkey","Middle East","39","55","4.50908","55","Have your meals and groceries planned for you with MealPrepPro. MealPrepPro is a smart meal planner that adapts to your schedule, food preferences and goals. Reach your health goals No more counting calories. Meal plans are automatically adapted to your calorie and macro needs. #1 for Meal Prep Prep…"
"1434244144","iCook: Meal Planner・Food Prep","Turkey","Middle East","40","14","4.85714","14","Over 1000 healthy recipes for the whole family, a smart meal planner, and your personal AI nutrition assistant — all in one app! HEALTHY MEALS FOR THE WHOLE FAMILY — quick, simple, and science-based. iCook helps you easily maintain balanced nutrition every day. DEVELOPED BY A CERTIFIED NUTRITIONIST …"
"1558556370","Coffee Cups: Barista Recipes","Turkey","Middle East","41","1","5","1","Brew Barista-Level Coffee at Home! Dive into the world of coffee with barista-style recipes, expert tips, and fascinating insights. Uncover how small changes in brewing can transform flavors, and explore the stories behind the beans that fuel your day. Master Coffee Recipes: Whether you crave hot cl…"
"6787391335","BiteMood: Food Recommendations","Turkey","Middle East","42","3","5","3","Tired of asking ""What should we eat?"" every day? BiteMood helps couples discover meals together and decide what to eat in a fun, simple, and interactive way. Swipe through meal recommendations, like the foods you love, and instantly match when your partner likes the same meal. No more endless discus…"
"6759597614","beean: brew your coffee right","Turkey","Middle East","43","1","1","1","Beean app helps you find coffee recipes from roasters that rarely match your grinder, you convert settings between grinders and dial in coffee recipes every time. Explore recipes from your favorite roasters, convert grind size when switching grinders, select a brewing method (espresso, moka pot, Aer…"
"1166155114","Диета EASY: правильное питание","Turkey","Middle East","44","1","1","1","Наше приложение - это диеты на любой вкус! В нем вы найдете самые разнообразные диеты: - белковые и углеводные; - диеты по группе крови; - быстрые и модные диеты; - жесткие диеты и легкие; - монодиеты и диеты звезд; - низкокалорийные диеты; - диеты раздельного питания; - и многие, многие другие диет…"
"6499309650","Kafi","Turkey","Middle East","45","215","4.55349","215","Kafi - The world of coffee lovers Welcome to the world of coffee lovers! Kafi app offers a variety of coffee recipes to stimulate your taste buds and give your a refreshed feel. Get yourself ready to make some hot coffee to start your morning with a fresh mind. Product Highlights: - Coffee Recipes：S…"
"6798419343","CookRight: AI Sous Chef","Turkey","Middle East","46","0","0","0","Cooking for a table where one person has a peanut allergy, one’s keto, and one hates mushrooms? CookRight turns “who’s eating + what do you fancy” into one recipe everyone at your table can actually eat. Set your table once. Up to 8 eater profiles — allergies, diets (halal, kosher, vegan, keto, low-…"
"1618589011","Pick Up Limes","Turkey","Middle East","47","10","4.9","10","Plan your meals, feel nourished, and eat delicious plant-based food. The Pick Up Limes App brings together nourishing vegan recipes, personalized meal plans, grocery tools, nutrition support, and all your favourite online recipes in one place. Top features • 1800+ plant-based recipes, with new ones …"
"980368562","FitMenCook - Healthy Recipes","Turkey","Middle East","48","25","4.63999","25","Struggle free, healthy recipes that are easy on the wallet. It’s as simple as that, and it’s a message that’s seen over 1 million people follow FitMenCook on social media. Be honest, have you ever heard these complaints about healthy eating? - “Eating healthy is too expensive!” - “It takes too long!…"
"1518078585","Stashcook: Recipe Keeper","Turkey","Middle East","49","7","4","7","Stashcook - Meal Planner & Recipe Keeper Stashcook is a simple, thoughtful recipe keeper and meal planner that brings your recipes, weekly plans and shopping into one place. Whether you’re saving ideas from social media or trying to stay organised through the week, Stashcook helps make cooking feel …"
"6810338901","Baby Plates: Baby Led Weaning","Turkey","Middle East","50","0","0","0","Starting solids should feel exciting, not overwhelming. Baby Plates gives you a clear, week-by-week path from 6 to 24 months: whether you're doing baby-led weaning, spoon-feeding purées, or a mix of both. A WEEKLY PLAN THAT GROWS WITH YOUR BABY Six feeding stages built on WHO, AAP, NHS and CDC guida…"
"1529870663","My Little Food Critic","Turkey","Middle East","51","0","0","0","The BEST SELLING My Little Food Critic App is your “go to” for feeding babies, toddlers, kids and the whole family! NEW RECIPES EVERY WEEK Fresh NEW recipes landing every week! Step by step recipe instructions, images and instructional recipe VIDEOS for selected recipes. Easily change cooking units …"
"1488585822","Brewfather","Turkey","Middle East","52","6","5","6","Powerful and easy to use tool for your brewing needs. Easily create and manage your recipes. Keep track of all the details in your batches and your ingredients inventory. Brewfather is made from the ground up to give you the best recipe design and brewing experience on both desktop and mobile device…"
"6759150471","Nutristo AI: Meal Planner","Turkey","Middle East","53","0","0","0","Nutristo AI: Your Smart Nutrition & Meal Planner Welcome to the future of healthy eating! Nutristo AI is your ultimate pocket dietitian, designed to help you reach your goals without the stress of complicated tracking. Powered by advanced artificial intelligence, we build hyper-personalised weekly m…"
"6766358272","RecipeLab - Healthy Recipes","Turkey","Middle East","54","1","5","1","RecipeLab is the recipe app for people who want to eat healthier without making it complicated. RecipeLab is built around the idea that eating for your goals should feel good, taste great, and actually fit your life. Tell us a little about yourself and we'll match you with delicious recipes that cru…"
"6800318645","My Cocktail : Bartender","Turkey","Middle East","55","4","5","4","My Cocktail is an easy and stylish way to discover what you can make with the ingredients you already have. Explore more than 250 cocktail recipes, add the spirits and ingredients you have to your Cabinet, and instantly discover drinks you can make right now. Whether you’re looking for a classic Neg…"
"6746170109","Şimdi Ne Yesem","Turkey","Middle East","56","2","5","2","Şimdi Ne Yesem Malzemelerini tarat senin için detaylı analiz oluşturalım. Sana özel tarifler oluşturalım. Uygulamanın tüm özellikleri Premium abonelik gerektirir. Premium Abonelik Özellikleri • Sınırsız tarif oluşturma • Her ürünün detaylı içerik & besin değeri analizi • Zararlı madde uyarıları (E-k…"
"6792133082","Meal Planner & Pantry: Frantry","Turkey","Middle East","57","0","0","0","Your groceries, turned into a week of meals. Scan your grocery receipt and every item lands in your kitchen — with prices and estimated dates. Frantry then builds a weekly meal plan from what you actually have, walks you through cooking step by step, and puts whatever is missing on your shopping lis…"
"6797544967","HemDem – Turkish Recipes","Turkey","Middle East","58","3","5","3","Hoş geldin — welcome. HemDem brings Turkish cooking to your kitchen the way it is actually cooked: by people who grew up with it. Every recipe comes with a short video and, beside it, the steps written out properly — no scrolling past a life story to reach the ingredients. VIDEO AND STEPS SIDE BY SI…"
"1540196240","BLW Meals: Starting Solids","Turkey","Middle East","59","8","4.5","8","What parents are saying: Iluvpalmtrees Favorite BLW app ""So much free information and excellent examples of what you can feed your little one through all stages. Follow their IG as well for daily tips and videos."" MJ - first time mom Love this app! ""I absolutely love this app and the Instagram page.…"
"1143941420","GuildSomm","Turkey","Middle East","60","0","0","0","The GuildSomm Compendium at your fingertips, whenever you need it! The GuildSomm App provides offline access to the full resources of the GuildSomm Compendium. Perfect for studying during your commute or quickly looking up a fact during service. The database includes regional wine and appellation la…"
"1553130679","Your Secret Menu for Starbucks","Turkey","Middle East","61","6","4","6","Discover 500+ secret menu drinks, viral TikTok favorites, and creative custom recipes for your next coffee run. NEW RECIPES ADDED EVERY WEEK • 14,000+ FIVE-STAR REVIEWS See a drink all over your feed? Find out what’s in it, choose your size, and get clear, simple instructions for how to order it. Th…"
"6760206517","Culinora: Gastronomi Kursları","Turkey","Middle East","62","24","4.625","24","Culinora ile gastronomi dünyasına adım atın! Profesyonel şefler tarafından hazırlanan video kurslarla mutfak becerilerinizi geliştirin, yapay zeka destekli mutfak asistanı Culi ile anında tarifler alın ve gastronomi tutkunlarından oluşan sosyal ağımıza katılın. PROFESYONEL ŞEFLERDEN ÖĞRENİN Alanında…"
"6759814534","Cookidoo Recipe Translator","Turkey","Middle East","63","2","5","2","Your favourite Cookidoo® recipes — finally in your language. Thermoslate translates any Cookidoo recipe with AI into 50+ languages and saves it straight to your Cookidoo account. No retyping, no copy-paste. HOW IT WORKS 1. Open Cookidoo, pick a recipe and copy its link 2. Paste the link into Thermos…"
"1280464759","Mixel - Cocktail Recipes","Turkey","Middle East","64","11","4.63636","11","What cocktails can you make right now? Tell Mixel what's in your bar, and instantly see every drink you can mix, from the classic to modern craft cocktails. Whether you're a home bartender, mixology enthusiast, or just hosting friends, Mixel turns your ingredients into perfectly crafted drinks. WHAT…"
"6749602635","Provecho","Turkey","Middle East","65","0","0","0","Warning: Downloading this app will make you never want to cook from a blog again. Provecho requires a paid subscription. Subscribe to unlock over 10,000 recipes from some of the most prolific chefs and cooking creators online including: @breadbakebeyond, @tylergrowthlife, @itsvegansis, @cheffinwithz…"
"1423585518","Roman: budget weight loss","Turkey","Middle East","66","0","0","0","Ready to kickstart your journey to a healthier you on a budget? Look no further than the Roman app – your ultimate companion for achieving effective weight loss, shedding those extra pounds, and transforming your health without breaking the bank on expensive foods. Key Features: • Personalized Meal …"
"6477910930","Pregnancy Diet - Food Guide","Turkey","Middle East","67","27","4.48148","27","Tailored specifically for expectant mothers, our app offers a comprehensive selection of diet plans, recipes, and food safety tips that align with the latest nutritional guidelines for pregnancy. Discover delicious meals that cater to your cravings while ensuring the well-being of both you and your …"
"6742724911","Mixly: AI Cocktail Bartender","Turkey","Middle East","68","22","4.5","22","Meet your AI bartender. Tell Mixly what's on your shelf and ask for anything: ""I have vodka and lime, what can I make?"" or ""Something smoky for a rainy night."" In seconds you get a real recipe, measured for your glass, from a library of 1000+ cocktails and mocktails. WHAT CAN YOU MAKE RIGHT NOW? Add…"
"1619509620","Meal Planner & Grocery List","Turkey","Middle East","69","43","4.5814","43","Meal Planner & Grocery List by Jojo Apps is the ultimate all-in-one menu organizer, smart meal generator, and recipe keeper. Designed for busy couples and families, this app helps you save time, cut grocery bills, and eat healthier by creating custom meal plans based on your specific diet, allergies…"
"6800208782","Mixlio: Smart Cocktail Picks","Turkey","Middle East","70","0","0","0","Find your perfect cocktail on any menu, plus a library of recipes. Ever stood at a bar staring at a list of cocktails you don't recognize? Mixlio turns any menu into a personal recommendation. Just point your camera and see which drinks are made for your taste. And for the nights you stay in, a libr…"
"585332633","Cookpad: Recipe Book & Meals","Turkey","Middle East","71","116","4.44827","116","Not sure what to cook tonight? Cookpad recommends: search by ingredient or by meal across thousands of authentic recipes from a global community of home cooks — all verified by the people who have actually cooked them. WHAT SHALL I COOK TONIGHT? Tell us what's in the fridge and we'll tell you what t…"
"1242710083","Cooker: AI Recipe Manager","Turkey","Middle East","72","1","5","1","Cooker is your AI recipe manager for saving, organizing, cooking, and sharing every recipe you love. Stop losing recipes in screenshots, notes, browser tabs, and social media saves. Copy a recipe link or text from Instagram, TikTok, YouTube, a website, or a chat, and Cooker helps turn it into a clea…"
"1314325164","foodByMaria: Greek Recipes","Turkey","Middle East","73","0","0","0","FoodByMaria is the app for damn good food, Greek family recipes, nourishing weeknight meals, smart meal planning, shopping lists, cooking mode, nutrition tools, and over 1,000 handcrafted recipes from Maria’s kitchen. Whether you’re plant-based, meat-loving, seafood-obsessed, craving something cozy,…"
"6758994088","Akly","Saudi Arabia","Middle East","1","2","4.5","2","Akly – Click, Cook & Enjoy Discover Akly, your ultimate cooking companion that makes preparing delicious meals easy, fun, and stress-free. Whether you’re a beginner or a seasoned home chef, Akly provides everything you need to cook confidently and enjoy every meal. Key Features Step-by-Step Video Re…"
"6757550026","Suha: AI Recipes Organizer","Saudi Arabia","Middle East","2","1352","4.65607","1352","Why choose Suha? • Smart recipe import Import recipes from anywhere — paste text, add links, or snap a photo. Suha’s AI automatically organizes ingredients and steps into a clear, easy-to-follow format. • Perfect measurements every time Adjust the number of servings with one tap. Suha instantly reca…"
"6479545461","Seeya","Saudi Arabia","Middle East","3","510","4.16078","510","Seeya - A tantalizing journey around the globe Embark on a tantalizing journey around the globe with Seeya, the ultimate app for food enthusiasts and culinary adventurers. Whether you’re a curious gourmand or simply someone who loves good food, Seeya is designed to inspire your culinary creativity a…"
"6479693198","Eatr・AI Healthy Diet Meal Plan","Saudi Arabia","Middle East","4","1593","4.30948","1593","Welcome to Eatr - the ultimate companion for everyone from cooking novices to seasoned chefs! Our app is designed to guide you through a culinary adventure tailored just for you. Whether you're pressed for time or looking to indulge in a leisurely cooking spree, Eatr has you covered. Time Management…"
"6477230784","101 before one","Saudi Arabia","Middle East","5","0","0","0","Paid Membership to 101 before one required to use our app. Introduce 101 foods through baby-led weaning & family-style meals. Welcome to 101 before one! We are a team of pediatric experts here to help parents introduce solids to their baby through our signature Family Meals from the Start® program, …"
"1593779280","ReciMe: Recipes & Meal Planner","Saudi Arabia","Middle East","6","297","4.62626","297","The number 1 recipe organizer. ReciMe saves all your favorite recipes in one place, including Instagram, Facebook, TikTok, YouTube and Pinterest. Create grocery lists and meal plans. Calculate calories for every recipe. However you cook, ReciMe helps you do it, better. FEATURES - Save Recipes from I…"
"1164423781","Gronda: Recipes for Chefs","Saudi Arabia","Middle East","7","143","4.8042","143","** Apple’s App of the Day in 120+ Countries ** ** Used by 2M+ Chefs Worldwide ** ""Unlimited amount of inspiration"" — Netflix Superstar Ana Roš Gronda is the #1 app for professional and home chefs. Learn from the world’s best, fine dining recipes, and connect with a global community of culinary exper…"
"6741995783","Clove: Import & Share Recipes","Saudi Arabia","Middle East","8","11","4.90909","11","Clove is designed to simplify everyday home cooking. Discover inspiring creator recipes, save recipes from anywhere, plan your weekly cook, simplify groceries and become a more confident cook. Features Get inspired - Curated collections of hundreds of vetted creator recipes, perfect for everyday coo…"
"6499309650","Kafi","Saudi Arabia","Middle East","9","314","4.35032","314","Kafi - The world of coffee lovers Welcome to the world of coffee lovers! Kafi app offers a variety of coffee recipes to stimulate your taste buds and give your a refreshed feel. Get yourself ready to make some hot coffee to start your morning with a fresh mind. Product Highlights: - Coffee Recipes：S…"
"974683711","Recipe Keeper","Saudi Arabia","Middle East","10","14","4.64286","14","Recipe Keeper is the easy to use, all-in-one recipe organizer, shopping list and meal planner available across all of your devices. ADD RECIPES QUICKLY AND EASILY Enter your recipes with as much or as little information as you like. Copy and paste recipes from your existing documents or apps. Catego…"
"585332633","Cookpad: Recipe Book & Meals","Saudi Arabia","Middle East","11","9383","4.54492","9383","Not sure what to cook tonight? Cookpad recommends: search by ingredient or by meal across thousands of authentic recipes from a global community of home cooks — all verified by the people who have actually cooked them. WHAT SHALL I COOK TONIGHT? Tell us what's in the fridge and we'll tell you what t…"
"6748003406","Yoomla・Recipe Keeper & Planner","Saudi Arabia","Middle East","12","25","4.51999","25","Yoomla – Your Smart Recipe Keeper & Manager Discover, save, and organize all your favorite recipes in one place! Whether you're exploring new dishes or managing your go-to meals, Yoomla makes it easy to keep your culinary inspiration at your fingertips. SEARCH FOR RECIPES Smart Filters – Find recipe…"
"6778760884","Potto - meal planner","Saudi Arabia","Middle East","13","0","0","0","Potto turns a few simple choices into a full week of meals — built around your supermarket, your budget, and the way you like to eat. No account, no fuss. Tell Potto your store, your weekly budget, your dietary needs and the gadgets in your kitchen, and it instantly creates a meal plan with recipes,…"
"1481818660","CibouScan - Food & beauty","Saudi Arabia","Middle East","14","434","4.29724","434","CIBOUSCAN: Scan Your BEAUTY & FOOD Products Health Score, Nutri-Score, NOVA, Calories & Recipes CIBOUSCAN is the all-in-one app to take care of your health, skin, nutrition, and the planet. Scan beauty products and food in seconds to understand what you use and eat - ingredients, health scores, Nutr…"
"6670216494","Mob: Meal Planner and Recipes","Saudi Arabia","Middle East","15","4","3","4","Join 4 million+ home cooks who've made weeknight cooking easy. Plan your week, build your shopping list in a tap, and never cook the same thing twice. Apple App of the Day and featured by Apple. Rated 4.5 stars by our community and loved in the press. Mob turns cooking from a daily scramble into the…"
"6757186911","Airfryer App","Saudi Arabia","Middle East","16","0","0","0","Welcome to Airfryer App, your ultimate companion for cooking delicious, healthier meals with your air fryer! Whether you’re a beginner or a seasoned home chef, Airfryer App helps you discover tasty recipes, follow simple step-by-step instructions, and cook perfect dishes every time. From quick snack…"
"1540604002","Pam Fitness & Food","Saudi Arabia","Middle East","17","51","4.68627","51","THE BASICS: 1.⁠ ⁠Yummy and healthy recipes, using natural ingredients. No artificial sweeteners, etc. 2.⁠ ⁠I love to replace „bad“ ingredients of classic recipes - for example cane sugar or white flour - with more healthy alternatives. Therefore we can still eat dessert. But we get important nutrien…"
"409157308","Annabel Karmel Kids Recipes","Saudi Arabia","Middle East","18","26","4.65385","26","Make feeding your baby, toddler and family easier with Annabel Karmel's multi award-winning recipe app. From first tastes and baby-led weaning to family meals, you'll find expert guidance, practical tools and over 1,500 nutritious recipes all in one place. Millions of families rely on Annabel's reci…"
"6477910930","Pregnancy Diet - Food Guide","Saudi Arabia","Middle East","19","0","0","0","Tailored specifically for expectant mothers, our app offers a comprehensive selection of diet plans, recipes, and food safety tips that align with the latest nutritional guidelines for pregnancy. Discover delicious meals that cater to your cravings while ensuring the well-being of both you and your …"
"6774185280","Gustino: Recipe & Meal Planner","Saudi Arabia","Middle East","20","1","5","1","Gustino turns the recipes you find online into a clean, organized collection you'll actually use. SAVE RECIPES FROM ANYWHERE See a recipe on Instagram, TikTok, Pinterest, YouTube, Facebook, or any recipe website? Share it to Yumlog and our AI instantly pulls out the ingredients and step-by-step inst…"
"6736766728","Loaflo: Sourdough Starter","Saudi Arabia","Middle East","21","0","0","0","Loaflo: Sourdough Starter is your all-in-one, AI-powered bread-baking companion. Track your starter, analyze your loaves, and perfect every bake—no sign-up required! · AI Analysis: Snap a photo of your loaf or starter and get instant feedback on crust, crumb, and overall bake quality. · Recipes: Lea…"
"6714449541","Honeydew: Recipe & Cookbook AI","Saudi Arabia","Middle East","22","16","4.625","16","TRANSFORM YOUR COOKING & MEAL PLANNING WITH HONEYDEW The smartest AI-powered recipe, grocery list and meal planning app. Instantly import any recipe with one tap from social media, YouTube cooking videos, Instagram and Facebook Reels, screenshots, notes and websites. Turn food trends into your next …"
"1529870663","My Little Food Critic","Saudi Arabia","Middle East","23","3","5","3","The BEST SELLING My Little Food Critic App is your “go to” for feeding babies, toddlers, kids and the whole family! NEW RECIPES EVERY WEEK Fresh NEW recipes landing every week! Step by step recipe instructions, images and instructional recipe VIDEOS for selected recipes. Easily change cooking units …"
"1351412313","FullyRaw by Kristina","Saudi Arabia","Middle East","24","9","5","9","Join the FullyRaw Revolution! FullyRaw by Kristina is the ultimate guide to living a cleaner and healthier lifestyle through the consumption of organic raw foods. Offering over 500 recipes (including juices, smoothies, salads, desserts, and main dishes) with instructional videos, grocery shopping li…"
"1157455937","Keto Diet Recipes App","Saudi Arabia","Middle East","25","617","4.67746","617","Embark on a Transformative Keto Journey with Our App! *** Your Ultimate Keto Guide: Curious about the Keto Diet? Explore in-depth insights into Ketosis, different Keto approaches, benefits backed by science, overcoming Keto flu, and more! *** Comprehensive Food Lists: Discover vital lists for your K…"
"6737542752","WeChef - Recipe Journal","Saudi Arabia","Middle East","26","39","4.69231","39","DISCOVER WECHEF: YOUR ALL-IN-ONE RECIPE & MEAL COMPANION WeChef transforms the way you cook, plan, and explore new dishes. From turning leftovers into something exciting, to saving recipes from the web, or organizing meals for special occasions – WeChef makes cooking easier, more fun, and stress-fre…"
"911422904","NYT Cooking: Quick Tasty Meals","Saudi Arabia","Middle East","27","30","4.83333","30","New York Times Cooking has thousands of easy recipes you’ll love to make, from easy weeknight dinners to holiday showstoppers. Editor-curated collections make it easy to find the right recipe, and helpful videos make them fun and simple to cook. With our digital Recipe Box, you can easily save favou…"
"6739286231","Osta: Save & Share Recipes","Saudi Arabia","Middle East","28","128","4.54688","128","With Osta, you can save & import recipes from Instagram, websites, and TikTok. Organize and cook your favorite recipes in your own personalized recipe box. All your recipes in one place. • Import recipes instantly from Instagram, TikTok, or a website. • Cook using a simple recipe display with no clu…"
"1303222868","Paprika Recipe Manager 3","Saudi Arabia","Middle East","29","6","4.83333","6","Organize your recipes. Create grocery lists. Plan your meals. Download recipes from your favorite websites. Seamlessly sync to all your devices. Features • Recipes - Download recipes from your favorite websites, or add your own. • Grocery Lists - Create smart grocery lists that automatically combine…"
"1365223384","America's Test Kitchen","Saudi Arabia","Middle East","30","0","0","0","The America's Test Kitchen app delivers the best-tasting recipes, cooking videos, product reviews, and more than 30 years of test kitchen discoveries! Get every rigorously tested recipe from America’s Test Kitchen, Cook’s Illustrated, and Cook’s Country. Recipe collections for every occasion: Weekni…"
"6766358272","RecipeLab - Healthy Recipes","Saudi Arabia","Middle East","31","0","0","0","RecipeLab is the recipe app for people who want to eat healthier without making it complicated. RecipeLab is built around the idea that eating for your goals should feel good, taste great, and actually fit your life. Tell us a little about yourself and we'll match you with delicious recipes that cru…"
"6777230233","Herbi: Meal Planner + Recipes","Saudi Arabia","Middle East","32","0","0","0","Tired of deciding what to cook every night? Herbi makes weekly meal planning simple. Discover delicious recipes, save the ones you spot on TikTok and Instagram, build a personalised meal plan in minutes, and get a supermarket shopping list that's ready to go. Whether you're cooking for yourself, you…"
"1249805978","MealPrepPro Planner & Recipes","Saudi Arabia","Middle East","33","88","4.53409","88","Have your meals and groceries planned for you with MealPrepPro. MealPrepPro is a smart meal planner that adapts to your schedule, food preferences and goals. Reach your health goals No more counting calories. Meal plans are automatically adapted to your calorie and macro needs. #1 for Meal Prep Prep…"
"1668230011","Two Raw Sisters Recipes","Saudi Arabia","Middle East","34","0","0","0","Join 250,000 confident home cooks. Recipes you'll actually make, with what you've already got. Start your free 7-day trial. Two Raw Sisters is the food confidence app for people who want to eat well without the stress, the overthinking, or the guilt. No diets. No rules. Just delicious food that work…"
"6799588442","Barista Drop","Saudi Arabia","Middle East","35","0","0","0","باريستا دروب هو مجتمع القهوة المختصة الأول في الخليج — سجل منظم وأنيق للمحامص والمحاصيل ووصفات التحضير. اكتشف أفضل محامص القهوة المختصة الموثّقة في الخليج، تصفح محاصيلها مع تفاصيل كاملة عن المنشأ والمعالجة ودرجة التحميص، واطّلع على تقييمات حقيقية من مجتمع عشّاق القهوة. الميزات الرئيسية: • دليل شامل …"
"6757331165","إنستا أكل: وصفات طبخ وحلويات","Saudi Arabia","Middle East","36","6","5","6","آلاف وصفات الطبخ والحلويات المصرية والخليجية والعربية بخطوات سهلة ومصورة. دلوقتي الطبخ بقى أسهل وأمتع مع إنستا أكل. ""إنستا أكل"" هو رفيقك في المطبخ اللي هيخلي الطبخ متعة مش عبء. مش مجرد وصفات نظرية، ده تجارب حقيقية من ستات بيوت وشيفات خبيرة، علشان كل طبق يطلع معاكي من أول مرة. ليه إنستا أكل؟ - آلاف ا…"
"453809428","Bon Appetit","Saudi Arabia","Middle East","37","0","0","0","Bon Appétit is where food and culture meet. The award-winning No. 1 food lifestyle brand covers food through the lens of cooking, fashion, travel, technology, design and home. As the leading arbiter of taste, its home-grown talent and tireless dedication to recipe testing separates it from the compe…"
"6749587214","Ingredient Scanner:Ryla","Saudi Arabia","Middle East","38","2","4.5","2","Decode E-Numbers and Allergens with Ryla. Confused by E-Numbers? Ryla translates complex ingredient lists into clear safety alerts. Designed for the UK market, Ryla supports the 14 Major Allergens including Celery, Mustard, Sulphites, and Lupin. KEY FEATURES: • E-Numbers Checker: Instantly see what …"
"1472765520","Sidekick by Sorted Food","Saudi Arabia","Middle East","39","1","5","1","Sidekick - Your Personal Kitchen Sidekick Tired of the same old meals? Let Sidekick solve your dinner dilemma with exciting new recipes, smarter shopping and stress-free cooking. Over 4,000,000 dishes cooked so far… Sidekick is here to simplify your weekly meal planning, making cooking at home easie…"
"1533933692","Secret Menu for Starbucks +","Saudi Arabia","Middle East","40","153","4.4379","153","Turn your kitchen into your favourite coffee shop. Ever seen a colourful café drink and wondered what’s inside? Secret Menu: Coffee Recipes brings over 600 creative drink recipes straight to your fingertips, so you can discover new flavours and recreate your favourites at home. EXPLORE YOUR NEXT FAV…"
"6780408224","Tomati: Recipe Saver & Keeper","Saudi Arabia","Middle East","41","1","5","1","Save recipes from Instagram, TikTok, YouTube and more in seconds. Tomati turns every recipe you find on social media into a tidy recipe book, plans your weekly menu and builds your grocery list automatically. And when you're wondering ""What should I cook?"", it creates a recipe just for you. Never lo…"
"1595938390","Zest: Meal Planner & Recipes","Saudi Arabia","Middle East","42","152","4.71711","152","Tired of cooking the same 3 meals on repeat? Zest integrates a mind-blowing cooking education into your routine. Learn to cook with us through step-by-step explanations of foundational cooking concepts in fewer than 10 minutes and dishes that bring the concept to life. Our recipes are created by two…"
"6736347122","Inspo - Recipes & Meal Planner","Saudi Arabia","Middle East","43","3","4","3","All your favorite social media recipes in one place! Import recipes from Instagram, TikTok, Facebook and any website. Inspo uses AI to instantly extract ingredients, step-by-step instructions, nutrition facts, and more from any recipe link. Inspo makes cooking effortless — from saving to shopping to…"
"1505065609","Love, Manuela","Saudi Arabia","Middle East","44","8","3.5","8","Love, Manuela is a baking app created by Norwegian baker Manuela Kjeilen, known as @passionforbaking. For more than a decade, Manuela has shared her love of baking with people around the world. She has published nine baking books, hosted her own baking show on TV in Sweden, and inspires more than 1.…"
"1540196240","BLW Meals: Starting Solids","Saudi Arabia","Middle East","45","2","4.5","2","What parents are saying: Iluvpalmtrees Favorite BLW app ""So much free information and excellent examples of what you can feed your little one through all stages. Follow their IG as well for daily tips and videos."" MJ - first time mom Love this app! ""I absolutely love this app and the Instagram page.…"
"839914467","Secret Menu Coffee Recipes","Saudi Arabia","Middle East","46","158","4.05696","158","Secret Menu is an independent, unofficial guide. Not affiliated with, endorsed by, or sponsored by Starbucks Corporation. STARBUCKS is a registered trademark of Starbucks Corporation. Discover 200+ cafe-style drink recipes — with step-by-step ordering and at-home instructions so you get it right eve…"
"1318747966","Keto Calculator & Keto-Recipes","Saudi Arabia","Middle East","47","35","4.57143","35","How does Keto-Recipes work? * Just select keto meals you like most for breakfast, lunch, as a snack or dinner. * Our Keto Diet Tracker App shows you if you hit the right amount of fat intake. ...with this Keto Tracker you no longer have to do on your own: * Scan barcodes. * Endless time wasting with…"
"980368562","FitMenCook - Healthy Recipes","Saudi Arabia","Middle East","48","26","4.65385","26","Struggle free, healthy recipes that are easy on the wallet. It’s as simple as that, and it’s a message that’s seen over 1 million people follow FitMenCook on social media. Be honest, have you ever heard these complaints about healthy eating? - “Eating healthy is too expensive!” - “It takes too long!…"
"534220544","The Great Coffee App","Saudi Arabia","Middle East","49","42","4.33333","42","Popular espresso-based drinks and alternative brewing methods by an expert barista with many years of experience. - “App Store Best of 2013” in Chinese App Store; - #1 top paid app in ""Food & Drinks"" category in 30 countries; - #1 top paid app in 8 countries; - ""Editor's choice"" in South Korea; - Fe…"
"1553130679","Your Secret Menu for Starbucks","Saudi Arabia","Middle East","50","49","4.36735","49","Discover 500+ secret menu drinks, viral TikTok favorites, and creative custom recipes for your next coffee run. NEW RECIPES ADDED EVERY WEEK • 14,000+ FIVE-STAR REVIEWS See a drink all over your feed? Find out what’s in it, choose your size, and get clear, simple instructions for how to order it. Th…"
"1445442810","Fasting Tracker App","Saudi Arabia","Middle East","51","42","4.47619","42","*** CALORIE-BASED FASTING *** If you’re doing intermittent fasting for 13 hours incl. being active during your fast, will you burn more calories than by just doing intermittent fasting for 16 hours? Find out yourself - with calorie-based fasting: Count how active you are or how much calories you bur…"
"396836856","Nutrients - Nutrition Facts","Saudi Arabia","Middle East","52","22","4.86364","22","Nutrients is nutrition at your fingertips! How much sugar is in an apple? How much potassium is in a banana? Discover nutrition facts on tens of thousands of foods complete with all vitamins, minerals, amino acids, fats, fatty acids, sugars, sterols, and more compounds like caffeine. Nutrients works…"
"1618589011","Pick Up Limes","Saudi Arabia","Middle East","53","3","5","3","Plan your meals, feel nourished, and eat delicious plant-based food. The Pick Up Limes App brings together nourishing vegan recipes, personalized meal plans, grocery tools, nutrition support, and all your favourite online recipes in one place. Top features • 1800+ plant-based recipes, with new ones …"
"1514053992","Pregnancy Diet: Food & Recipes","Saudi Arabia","Middle East","54","1","1","1","What are the best recipes? Is there a particular snack for my morning sickness? Find answers about diet and pregnancy with this very complete app. All content is written by certified nutritionists. Monitor your diet and find healthy alternatives for bad foods. Save healthy recipes for your pregnancy…"
"1617055933","Food Recipes by Arabesk","Saudi Arabia","Middle East","55","41","3.90244","41","Prepare healthy and delicious Mediterranean-style meals in the comfort of your own home with video recipes from Arabesque Kitchen+. Choose from a collection of easy-to-follow recipes, each with its own shopping list and video instructions. Arabesque Kitchen+ has a recipe for every diet, including ve…"
"6450664772","Scoolinary: Learn & Cook","Saudi Arabia","Middle East","56","6","4.83333","6","Scoolinary is the culinary learning app for chefs, entrepreneurs, students, and passionate home cooks. Learn from the world’s best chefs, with 50+ Michelin stars, and access 400+ courses and 3,000 step-by-step video recipes. What you’ll learn •Professional cooking techniques applicable to any dish. …"
"1016450821","VST CoffeeTools PRO for iPhone","Saudi Arabia","Middle East","57","0","0","0","PROFESSIONAL COFFEE TOOLS DESIGN SOFTWARE for the BARISTA, SPECIALTY ROASTER, CAFÉ and RESTAURANT OPERATOR and COFFEE & ESPRESSO BEVERAGE EQUIPMENT DESIGNER Based on MoJoToGo – Best New Product SCAA EXPO 2010 VST's UNIVERSAL BREWING CONTROL CHART SOFTWARE For Coffee, Espresso, Cupping and Equipment …"
"1241057014","Keto Diet App - Macro Tracker","Saudi Arabia","Middle East","58","7","4.14286","7","Ketogenic Diet App - get healthy, feel good, and lose weight. Our app is your ultimate companion in adopting a flexible, low-carb diet for health benefits and weight reduction, combining our successful meal plans with over 200k happy customers! The Keto Diet App is designed to help you realize the h…"
"714004506","Official Cookidoo App","Saudi Arabia","Middle East","59","52","4.90385","52","The Official Thermomix® Cookidoo® App gives you access to the growing universe of mouth-watering Thermomix® Guided Cooking recipes. You pick and choose which recipes go with you wherever you are. Create an account and get cooking! SMART @ HEART Connect to Cookidoo® and access over 100,000 worldwide …"
"6751953203","Grubsy: Starting Solids BLW","Saudi Arabia","Middle East","60","5","4.2","5","Grubsy helps you start solids with confidence, whichever approach you choose. Classic purées, baby-led weaning, or a mix of both, all in one app. Age by age guidance, safe-prep instructions for every food, allergen tracking, and a food journal you can hand straight to your pediatrician. Starting sol…"
"1150921819","Filtru Coffee: Best Brew Guide","Saudi Arabia","Middle East","61","1171","4.72929","1171","Coffee is more than a morning habit. With Filtru, you can brew better coffee at home, learn each method step by step, and repeat your favourite recipes with confidence. Filtru guides you through Espresso, AeroPress, Chemex, Hario V60, Kalita Wave, Moka Pot, French Press, Siphon, Cezve, Vietnamese Ph…"
"1059211083","OrganizEat Recipe Keeper Box","Saudi Arabia","Middle East","62","10","5","10","Streamline your cooking experience with OrganizEat Recipe Keeper. Our all-in-one app is your ultimate recipe organizer, cookbook, and keeper box, packed with features to simplify your culinary journey. Your All-in-One Recipe Organizer, Cookbook, and Keeper Box. No Typing! Snap Photos, Import, Tag, a…"
"410599593","Jason Vale’s 7-Day Juice Diet","Saudi Arabia","Middle East","63","0","0","0","OVER 1 MILLION JASON VALE APPS HAVE NOW BEEN SOLD! LOSE UP TO 7LBS IN 7 DAYS, gain more energy, sleep better, improve your skin, and set yourself free from the diet trap forever with the most successful juice plan of all time. This 7-day super juice cleanse is the perfect plan for effective, healthy…"
"1518627578","keto - كيتو","Saudi Arabia","Middle East","64","6","4","6","هذا التطبيق مخصص ل وصفات كيتو دايت مع نظام غذائي لمدة 4 أسابيع باللغة العربية يوجد أكثر من 85 وجبة كيتو دايت في هذا التطبيق مع المكونات وطريقة العمل التطبيق أيضا يشمل نظام كيتو غذائي لمدة 4 أسابيع مع وجبات يومية للفطور والغداء والعشاء بدون مدرب الوجبات المتوفرة: وجبات كيتو لحوم حمراء وجبات كيتو دجاج…"
"1433840494","RecipeBox - Save Your Recipes!","Saudi Arabia","Middle East","65","3","4.66667","3","Cook with confidence and convenience. RecipeBox is the ultimate recipe organizer and meal planning companion for busy home chefs. Save all your favorite recipes from any website or app – from popular food blogs to Instagram and TikTok posts – and keep them organized in one place. Plan delicious meal…"
"1088859983","Fivesec Health by Alexandra","Saudi Arabia","Middle East","66","2","5","2","Cook Delicious Plant-Based Meals with Ease! Discover 700+ easy, healthy, and delicious plant-based recipes with the Fivesec Health App — your go-to companion for everyday vegan cooking! Whether you’re fully plant-based or just looking to add more nutritious meals to your routine, this app makes heal…"
"1447158881","Maja Vase","Saudi Arabia","Middle East","67","2","5","2","The app has more than 150 detailed, easy-to-follow cake and dessert recipes. You only pay once and get access to all the recipes in the app. Highlights: • 150+ inspiring recipes • Lots of tips and wild techniques • Gorgeous, high-quality pictures • Search recipes using ingredient keywords • All reci…"
"1217456898","Tasty: Recipes, Cooking Videos","Saudi Arabia","Middle East","68","2681","4.84483","2681","Welcome to the Tasty App – your ultimate cooking companion, featuring over 10,000 delicious recipes with video, step-by-step cooking mode, personalized recommendations, a thriving community of home chefs, and recipe shopping and seamless checkout. Tasty brings you the best of food and recipe discove…"
"6738006990","Recify - Recipe Keeper Book","Saudi Arabia","Middle East","69","4","5","4","Recipe Keeper & Saver - Recify: Your Ultimate Cookbook Organizer & Manager Transform your cooking experience with Recify, the smartest recipe keeper and meal planner app available today! Save and organise all your favorite recipes in one beautifully designed digital cookbook. Never lose track of tha…"
"1453511486","Meal Planner: mealplan recipes","Saudi Arabia","Middle East","70","20","3.6","20","Plan Weekly, Eat Tastefully, Live Healthily Knowing your weekly meal plan ahead of time eliminates impulse eating and poor dietary choices. Reach your weight loss goal faster without calorie counting! Just insert your preferences & fitness goals, and get ready to take the healthy path! FEATURES & RE…"
"6450508838","Little Foodie: Start Solids","Saudi Arabia","Middle East","71","0","0","0","Discover a world of nutritious ingredients, blw tips and delicious recipes tailored specifically for your little one with Little Foodie: Start Solids, the ultimate app for baby food. Designed to simplify the process of preparing wholesome meals for your baby, this intuitive app is a must-have for ev…"
"1669762026","Baby Led Weaning Cookbook","Saudi Arabia","Middle East","72","9","4.11111","9","Embark on a seamless Baby-Led Weaning Journey with our app: * Discover Baby-Led Weaning: Navigate the world of solids with confidence. Our app is your comprehensive guide, presenting the latest research findings, nutritional insights and tips for safe, joyful weaning. * 1000+ Foods & Recipes: Indulg…"
"1476621703","ckbk: discover great cookbooks","Saudi Arabia","Middle East","73","1","5","1","ckbk offers the world’s best cookbooks, all in one place: • Filter your searches by diet, type of dish, national cuisine, author and more... • Recipes are enhanced with macronutrient data to help you meet your healthy-eating goals • Customize your preferred units (metric or US cups) and dietary filt…"
"466252999","Green Kitchen","Saudi Arabia","Middle East","74","3","4.66667","3","Regardless if you just want to eat more greens or already are a full time vegetarian - Green Kitchen is the perfect companion in your kitchen or while planning from your sofa. Green Kitchen is filled with tasty and inspiring vegetarian food with ingredients straight from nature and a bare minimum of…"
"1215348056","Plan to Eat","Saudi Arabia","Middle East","75","1","5","1","Meal planning doesn’t have to feel like an inconvenience. Store all your recipes in one place, auto-generate a shopping list for your week, and let Plan to Eat help you find joy in meal planning again. Plan to Eat is the meal planning app designed with the planner in mind. Try Plan to Eat FREE for 1…"
"1527773228","Wholesome Yum","Saudi Arabia","Middle East","76","0","0","0","Meet the CUSTOM, best meal plan app to combine healthy recipes, meal planning, grocery lists, and macro tracking! The Wholesome Yum app was created by Maya Krampf, founder of Wholesome Yum (the popular healthy recipe website) and author of 2 best-selling cookbooks. This recipe app will make healthy …"
"6477539889","Diet Food : Kid Meal Plan","Saudi Arabia","Middle East","77","0","0","0","Make cooking for your kids simple, healthy, and stress-free! Discover a wide variety of delicious, kid-friendly recipes complete with step-by-step cooking instructions and detailed nutritional values for every dish. KEY FEATURES: • Step-by-Step Cooking: Follow clear, easy-to-read preparation steps t…"
"864979091","Jason Vale’s Super Juice Me!","Saudi Arabia","Middle East","78","0","0","0","OVER 1 MILLION JASON VALE APPS HAVE NOW BEEN SOLD! Super Juice me the 'Ultimate Juice Diet' and has been designed to completely transform your health in just 28 days. Not only will the average person LOSE BETWEEN 20-30LBS on the plan, but it has been shown, in many cases, to help a variety of common…"
"937575772","MY COFFEE RECIPE","Saudi Arabia","Middle East","79","0","0","0","Introducing: The MY COFFEE RECIPE App Attention coffee professionals! Here is a suggestion for top quality coffee recipe management. Extraction recipe is vital in maintaining coffee quality and producing a consistent product that is up to the baristas’ standards. MY COFFEE RECIPE App can help you co…"
"1499044130","Keto Diet- Carb Tracker & Meal","Saudi Arabia","Middle East","80","73","4.45205","73","Keto Diet helps you track carbs, log meals, and follow a diet plan built around your goals - no guesswork, no spreadsheets. TRACK WHAT MATTERS Log your food in the food diary and see net carbs, calories, and macros for everything you eat. Daily nutrition summaries and progress trends show where you …"
"6449253484","Magic Chef AI Recipe Generator","Saudi Arabia","Middle East","81","21","4.90475","21","Introducing Magic Chef AI Recipe Generator — ChatGPT 4 Cook & Meal Planner. Cooking healthy and yummy dishes has never been this easy! The AI-based app will revolutionize your culinary adventures and minimize your meal prep time. Magic Chef offers infinite tasty breakfast, lunch, snack and dinner id…"
"403188971","Pepperplate Cooking Planner","Saudi Arabia","Middle East","82","0","0","0","Pepperplate is the only app for serious cooks. It has all the tools you need to cook weeknight dinners or host a dinner party for 12. Manage your recipes, create menus, shop with ease and cook like a pro on your iPad and iPhone. Features: * Pepperplate seamlessly manages recipes, menus and shopping …"
"6758994088","Akly","United Arab Emirates","Middle East","1","0","0","0","Akly – Click, Cook & Enjoy Discover Akly, your ultimate cooking companion that makes preparing delicious meals easy, fun, and stress-free. Whether you’re a beginner or a seasoned home chef, Akly provides everything you need to cook confidently and enjoy every meal. Key Features Step-by-Step Video Re…"
"1593779280","ReciMe: Recipes & Meal Planner","United Arab Emirates","Middle East","2","305","4.81639","305","The number 1 recipe organizer. ReciMe saves all your favorite recipes in one place, including Instagram, Facebook, TikTok, YouTube and Pinterest. Create grocery lists and meal plans. Calculate calories for every recipe. However you cook, ReciMe helps you do it, better. FEATURES - Save Recipes from I…"
"1164423781","Gronda: Recipes for Chefs","United Arab Emirates","Middle East","3","367","4.84741","367","** Apple’s App of the Day in 120+ Countries ** ** Used by 2M+ Chefs Worldwide ** ""Unlimited amount of inspiration"" — Netflix Superstar Ana Roš Gronda is the #1 app for professional and home chefs. Learn from the world’s best, fine dining recipes, and connect with a global community of culinary exper…"
"6739286231","Osta: Save & Share Recipes","United Arab Emirates","Middle East","4","148","4.63514","148","With Osta, you can save & import recipes from Instagram, websites, and TikTok. Organize and cook your favorite recipes in your own personalized recipe box. All your recipes in one place. • Import recipes instantly from Instagram, TikTok, or a website. • Cook using a simple recipe display with no clu…"
"409157308","Annabel Karmel Kids Recipes","United Arab Emirates","Middle East","5","93","4.75269","93","Make feeding your baby, toddler and family easier with Annabel Karmel's multi award-winning recipe app. From first tastes and baby-led weaning to family meals, you'll find expert guidance, practical tools and over 1,500 nutritious recipes all in one place. Millions of families rely on Annabel's reci…"
"6759597614","beean: brew your coffee right","United Arab Emirates","Middle East","6","0","0","0","Beean app helps you find coffee recipes from roasters that rarely match your grinder, you convert settings between grinders and dial in coffee recipes every time. Explore recipes from your favorite roasters, convert grind size when switching grinders, select a brewing method (espresso, moka pot, Aer…"
"6670216494","Mob: Meal Planner and Recipes","United Arab Emirates","Middle East","7","14","3.92857","14","Join 4 million+ home cooks who've made weeknight cooking easy. Plan your week, build your shopping list in a tap, and never cook the same thing twice. Apple App of the Day and featured by Apple. Rated 4.5 stars by our community and loved in the press. Mob turns cooking from a daily scramble into the…"
"6748003406","Yoomla・Recipe Keeper & Planner","United Arab Emirates","Middle East","8","23","4.73913","23","Yoomla – Your Smart Recipe Keeper & Manager Discover, save, and organize all your favorite recipes in one place! Whether you're exploring new dishes or managing your go-to meals, Yoomla makes it easy to keep your culinary inspiration at your fingertips. SEARCH FOR RECIPES Smart Filters – Find recipe…"
"6477230784","101 before one","United Arab Emirates","Middle East","9","0","0","0","Paid Membership to 101 before one required to use our app. Introduce 101 foods through baby-led weaning & family-style meals. Welcome to 101 before one! We are a team of pediatric experts here to help parents introduce solids to their baby through our signature Family Meals from the Start® program, …"
"6739583764","Baby Plates","United Arab Emirates","Middle East","10","0","0","0","The Baby Plates mobile app is your reliable assistant in ensuring healthy and proper nutrition for your baby from the very beginning of weaning! We created this app to make the process of preparing and planning baby meals easy and enjoyable. In the app, you will find: Recipes We have many recipes sp…"
"6479693198","Eatr・AI Healthy Diet Meal Plan","United Arab Emirates","Middle East","11","610","4.3623","610","Welcome to Eatr - the ultimate companion for everyone from cooking novices to seasoned chefs! Our app is designed to guide you through a culinary adventure tailored just for you. Whether you're pressed for time or looking to indulge in a leisurely cooking spree, Eatr has you covered. Time Management…"
"714004506","Official Cookidoo App","United Arab Emirates","Middle East","12","714","4.86415","714","The Official Thermomix® Cookidoo® App gives you access to the growing universe of mouth-watering Thermomix® Guided Cooking recipes. You pick and choose which recipes go with you wherever you are. Create an account and get cooking! SMART @ HEART Connect to Cookidoo® and access over 100,000 worldwide …"
"1481818660","CibouScan - Food & beauty","United Arab Emirates","Middle East","13","284","4.47886","284","CIBOUSCAN: Scan Your BEAUTY & FOOD Products Health Score, Nutri-Score, NOVA, Calories & Recipes CIBOUSCAN is the all-in-one app to take care of your health, skin, nutrition, and the planet. Scan beauty products and food in seconds to understand what you use and eat - ingredients, health scores, Nutr…"
"6757550026","Suha: AI Recipes Organizer","United Arab Emirates","Middle East","14","44","4.59091","44","Why choose Suha? • Smart recipe import Import recipes from anywhere — paste text, add links, or snap a photo. Suha’s AI automatically organizes ingredients and steps into a clear, easy-to-follow format. • Perfect measurements every time Adjust the number of servings with one tap. Suha instantly reca…"
"6799588442","Barista Drop","United Arab Emirates","Middle East","15","5","5","5","باريستا دروب هو مجتمع القهوة المختصة الأول في الخليج — سجل منظم وأنيق للمحامص والمحاصيل ووصفات التحضير. اكتشف أفضل محامص القهوة المختصة الموثّقة في الخليج، تصفح محاصيلها مع تفاصيل كاملة عن المنشأ والمعالجة ودرجة التحميص، واطّلع على تقييمات حقيقية من مجتمع عشّاق القهوة. الميزات الرئيسية: • دليل شامل …"
"911422904","NYT Cooking: Quick Tasty Meals","United Arab Emirates","Middle East","16","154","4.89609","154","New York Times Cooking has thousands of easy recipes you’ll love to make, from easy weeknight dinners to holiday showstoppers. Editor-curated collections make it easy to find the right recipe, and helpful videos make them fun and simple to cook. With our digital Recipe Box, you can easily save favou…"
"1540604002","Pam Fitness & Food","United Arab Emirates","Middle East","17","41","4.78049","41","THE BASICS: 1.⁠ ⁠Yummy and healthy recipes, using natural ingredients. No artificial sweeteners, etc. 2.⁠ ⁠I love to replace „bad“ ingredients of classic recipes - for example cane sugar or white flour - with more healthy alternatives. Therefore we can still eat dessert. But we get important nutrien…"
"6450664772","Scoolinary: Learn & Cook","United Arab Emirates","Middle East","18","9","5","9","Scoolinary is the culinary learning app for chefs, entrepreneurs, students, and passionate home cooks. Learn from the world’s best chefs, with 50+ Michelin stars, and access 400+ courses and 3,000 step-by-step video recipes. What you’ll learn •Professional cooking techniques applicable to any dish. …"
"405852650","Lebanese Recipes","United Arab Emirates","Middle East","19","1","5","1","Bring the rich flavor of Lebanese cuisine into your kitchen with 100+ traditional recipes, beautiful photos, nutrition details, stories, pronunciation audio, and useful cooking tools. LebRecipes includes a wide variety of Lebanese dishes: salads, mezze, starters, meat, chicken, fish, vegetarian dish…"
"585332633","Cookpad: Recipe Book & Meals","United Arab Emirates","Middle East","20","1101","3.96458","1101","Not sure what to cook tonight? Cookpad recommends: search by ingredient or by meal across thousands of authentic recipes from a global community of home cooks — all verified by the people who have actually cooked them. WHAT SHALL I COOK TONIGHT? Tell us what's in the fridge and we'll tell you what t…"
"1531641801","Look & Cook: здоровые рецепты","United Arab Emirates","Middle East","21","0","0","0","Look & Cook поможет разнообразить ваш рацион сбалансированными и здоровыми блюдами и сохранит ваше время. Планируйте неделю и не тратьте часы на кухне. Look & Cook больше, чем сборник авторских рецептов от фудблогера @look_whaticook. Это ваш помощник в планировании ежедневного питания с пошаговым пр…"
"6766358272","RecipeLab - Healthy Recipes","United Arab Emirates","Middle East","22","0","0","0","RecipeLab is the recipe app for people who want to eat healthier without making it complicated. RecipeLab is built around the idea that eating for your goals should feel good, taste great, and actually fit your life. Tell us a little about yourself and we'll match you with delicious recipes that cru…"
"6479545461","Seeya","United Arab Emirates","Middle East","23","85","4.14118","85","Seeya - A tantalizing journey around the globe Embark on a tantalizing journey around the globe with Seeya, the ultimate app for food enthusiasts and culinary adventurers. Whether you’re a curious gourmand or simply someone who loves good food, Seeya is designed to inspire your culinary creativity a…"
"6449253484","Magic Chef AI Recipe Generator","United Arab Emirates","Middle East","24","23","4.86957","23","Introducing Magic Chef AI Recipe Generator — ChatGPT 4 Cook & Meal Planner. Cooking healthy and yummy dishes has never been this easy! The AI-based app will revolutionize your culinary adventures and minimize your meal prep time. Magic Chef offers infinite tasty breakfast, lunch, snack and dinner id…"
"340368403","Cookpad Recipes","United Arab Emirates","Middle East","25","17","4.76471","17","Not sure what to cook tonight? Cookpad recommends: search by ingredient or by dish across thousands of authentic recipes from a global community of home cooks — all verified by the people who have actually cooked them. WHAT SHOULD I COOK TONIGHT? Tell us what's in the fridge and we'll tell you what …"
"1529870663","My Little Food Critic","United Arab Emirates","Middle East","26","2","5","2","The BEST SELLING My Little Food Critic App is your “go to” for feeding babies, toddlers, kids and the whole family! NEW RECIPES EVERY WEEK Fresh NEW recipes landing every week! Step by step recipe instructions, images and instructional recipe VIDEOS for selected recipes. Easily change cooking units …"
"1249805978","MealPrepPro Planner & Recipes","United Arab Emirates","Middle East","27","124","4.68548","124","Have your meals and groceries planned for you with MealPrepPro. MealPrepPro is a smart meal planner that adapts to your schedule, food preferences and goals. Reach your health goals No more counting calories. Meal plans are automatically adapted to your calorie and macro needs. #1 for Meal Prep Prep…"
"6714449541","Honeydew: Recipe & Cookbook AI","United Arab Emirates","Middle East","28","24","4.45833","24","TRANSFORM YOUR COOKING & MEAL PLANNING WITH HONEYDEW The smartest AI-powered recipe, grocery list and meal planning app. Instantly import any recipe with one tap from social media, YouTube cooking videos, Instagram and Facebook Reels, screenshots, notes and websites. Turn food trends into your next …"
"1505065609","Love, Manuela","United Arab Emirates","Middle East","29","8","5","8","Love, Manuela is a baking app created by Norwegian baker Manuela Kjeilen, known as @passionforbaking. For more than a decade, Manuela has shared her love of baking with people around the world. She has published nine baking books, hosted her own baking show on TV in Sweden, and inspires more than 1.…"
"6741995783","Clove: Import & Share Recipes","United Arab Emirates","Middle East","30","19","4.89473","19","Clove is designed to simplify everyday home cooking. Discover inspiring creator recipes, save recipes from anywhere, plan your weekly cook, simplify groceries and become a more confident cook. Features Get inspired - Curated collections of hundreds of vetted creator recipes, perfect for everyday coo…"
"1540196240","BLW Meals: Starting Solids","United Arab Emirates","Middle East","31","6","4.83333","6","What parents are saying: Iluvpalmtrees Favorite BLW app ""So much free information and excellent examples of what you can feed your little one through all stages. Follow their IG as well for daily tips and videos."" MJ - first time mom Love this app! ""I absolutely love this app and the Instagram page.…"
"1457543831","Pauli Universal","United Arab Emirates","Middle East","32","0","0","0","THE NEW PAULI APP With the ""Textbook of the Kitchen"" and the ""Recipe Book of the Kitchen"" from PAULI, Swiss cooking professionals have been learning their trade for over 90 years. The new PAULI iOS App contains over 1250 recipes, an extensive food encyclopedia and 34 learning videos with a playing t…"
"1217456898","Tasty: Recipes, Cooking Videos","United Arab Emirates","Middle East","33","3842","4.85867","3842","Welcome to the Tasty App – your ultimate cooking companion, featuring over 10,000 delicious recipes with video, step-by-step cooking mode, personalized recommendations, a thriving community of home chefs, and recipe shopping and seamless checkout. Tasty brings you the best of food and recipe discove…"
"1514053992","Pregnancy Diet: Food & Recipes","United Arab Emirates","Middle East","34","8","4.75","8","What are the best recipes? Is there a particular snack for my morning sickness? Find answers about diet and pregnancy with this very complete app. All content is written by certified nutritionists. Monitor your diet and find healthy alternatives for bad foods. Save healthy recipes for your pregnancy…"
"1587396851","Plant Based Recipe Club","United Arab Emirates","Middle East","35","0","0","0","Your Plant-Based Community and Lifestyle App The Happy Pear app is more than just recipes and workouts. It is a place to connect, share, and thrive together. Whether you are fully plant-based, vegetarian, or simply looking to eat more veg, this app gives you the tools, guidance, and community suppor…"
"6769832511","EATO Recipes","United Arab Emirates","Middle East","36","1","5","1","Cook smarter, not harder. EATO brings hands-free, step-by-step recipes to your iPhone and Apple Watch — so your hands stay in the kitchen where they belong. HANDS-FREE COOKING Follow every recipe step without touching your phone. EATO mirrors instructions on your Apple Watch, lets you navigate steps…"
"6740056091","Recipe Keeper - Recipe Bro","United Arab Emirates","Middle East","37","1","3","1","Take control of your kitchen with RecipeBro, your ultimate cooking companion. Effortlessly import recipes from anywhere, organize your personal cookbook, and discover exciting new dishes—all in one beautifully designed app. Why RecipeBro? Quick Recipe Import: Instantly import recipes from your favor…"
"1454663016","World of Mouth","United Arab Emirates","Middle East","38","11","4.90909","11","World of Mouth connects you with the world’s best restaurants, recommended by top chefs, food writers, and sommeliers. Whether you’re traveling to a new city or exploring your hometown, discover trusted, insider picks for every meal. LET TOP CHEFS AND FOOD WRITERS GUIDE YOU Over 800 carefully select…"
"6777471316","mise - meal planner","United Arab Emirates","Middle East","39","2","5","2","mise – meal planner Take the stress out of deciding what to eat. mise helps you generate personalised meal plans in seconds based on your dietary preferences, calorie goals, favourite UK supermarkets, budget, and the ingredients you already have at home. Whether you're meal prepping for the week, tr…"
"6449541193","Food For Fitness: High Protein","United Arab Emirates","Middle East","40","2","5","2","Scott Baptie’s Food For Fitness is your ultimate high-protein recipe app, perfect for busy families, fitness enthusiasts, or anyone who wants to eat healthier and enjoy meals that taste amazing. ► TRANSFORM YOUR MEALS Say goodbye to boring chicken, kale and brown rice. With over 500+ high-protein re…"
"1157455937","Keto Diet Recipes App","United Arab Emirates","Middle East","41","625","4.6048","625","Embark on a Transformative Keto Journey with Our App! *** Your Ultimate Keto Guide: Curious about the Keto Diet? Explore in-depth insights into Ketosis, different Keto approaches, benefits backed by science, overcoming Keto flu, and more! *** Comprehensive Food Lists: Discover vital lists for your K…"
"1434244144","iCook: Meal Planner・Food Prep","United Arab Emirates","Middle East","42","6","4.83333","6","Over 1000 healthy recipes for the whole family, a smart meal planner, and your personal AI nutrition assistant — all in one app! HEALTHY MEALS FOR THE WHOLE FAMILY — quick, simple, and science-based. iCook helps you easily maintain balanced nutrition every day. DEVELOPED BY A CERTIFIED NUTRITIONIST …"
"6754413004","TGB: Meal Planner & Recipes","United Arab Emirates","Middle East","43","0","0","0","Do you buy groceries with a plan, then still feel stuck at dinner time? TGB helps you map out the week first, then builds a grocery list from your plan. Your shopping matches your week menu, so you use what you buy. Save what works and move things around when plans change. Keep recipe ideas in one p…"
"899058990","Real Plans - Meal Planner","United Arab Emirates","Middle East","44","1","1","1","Real Plans is a meal planning app that helps you and your family consistently enjoy healthy, home-cooked food. Our award-winning meal planner is brimming with delicious recipes and is easily personalized for your unique tastes and lifestyle. We make it super simple to create a plan in minutes and sh…"
"1187816119","IKAWA Home","United Arab Emirates","Middle East","45","0","0","0","THE IKAWA HOME ROASTING SYSTEM The IKAWA Home app forms an integral part of the roasting system by IKAWA Home and is designed only to be used with the IKAWA Home Roaster, our award winning and easy to use home coffee roasting machine. TAKE YOUR COFFEE TO THE NEXT LEVEL The IKAWA Home App serves as a…"
"1476621703","ckbk: discover great cookbooks","United Arab Emirates","Middle East","46","0","0","0","ckbk offers the world’s best cookbooks, all in one place: • Filter your searches by diet, type of dish, national cuisine, author and more... • Recipes are enhanced with macronutrient data to help you meet your healthy-eating goals • Customize your preferred units (metric or US cups) and dietary filt…"
"6478546136","Flavorish | Save Any Recipe","United Arab Emirates","Middle East","47","4","4.5","4","Save recipes from Instagram, Facebook, TikTok, YouTube, websites, cookbooks, handwritten notes, and more, all in one app! Turn them into meal plans and grocery lists in seconds. With Flavorish, your go-to recipe app, organizing, saving, and cooking has never been easier. Save recipes from anywhere -…"
"312101965","Epicurious","United Arab Emirates","Middle East","48","99","4.80808","99","Cook smarter with 50,000+ tested recipes from Epicurious, Bon Appétit, and more. Find easy dinners, healthy meals, and expert cooking guidance - all in one app. Subscribe to the Epicurious in the app, or if you’re already a subscriber, log in for unlimited access to recipes and so much more. THE EPI…"
"1195541934","My Recipe Box: Cookbook & Plan","United Arab Emirates","Middle East","49","1","5","1","● Join millions of cooking lovers that use our recipe keeper to save and use their favorite recipes. Saving, organizing, and finding recipes has never been easier. My Recipe Box is your neat, clutter-free, and intuitive digital cookbook that also comes with a grocery list creator and meal planner. S…"
"6779322405","Altayebaat (الطيبات)","United Arab Emirates","Middle East","50","0","0","0","Altayebaat is a gentle, food-only guide inspired by Dr. Diaa Al-Awadi's نظام الطيبات. It helps you understand which foods to enjoy freely, which to limit, and which to avoid — with clear, calm guidance in both Arabic and English. WHAT YOU CAN DO • Browse 175 foods, each with a simple ""how often"" lev…"
"6499309650","Kafi","United Arab Emirates","Middle East","51","35","4.31429","35","Kafi - The world of coffee lovers Welcome to the world of coffee lovers! Kafi app offers a variety of coffee recipes to stimulate your taste buds and give your a refreshed feel. Get yourself ready to make some hot coffee to start your morning with a fresh mind. Product Highlights: - Coffee Recipes：S…"
"1558556370","Coffee Cups: Barista Recipes","United Arab Emirates","Middle East","52","1","5","1","Brew Barista-Level Coffee at Home! Dive into the world of coffee with barista-style recipes, expert tips, and fascinating insights. Uncover how small changes in brewing can transform flavors, and explore the stories behind the beans that fuel your day. Master Coffee Recipes: Whether you crave hot cl…"
"1150921819","Filtru Coffee: Best Brew Guide","United Arab Emirates","Middle East","53","365","4.69315","365","Coffee is more than a morning habit. With Filtru, you can brew better coffee at home, learn each method step by step, and repeat your favourite recipes with confidence. Filtru guides you through Espresso, AeroPress, Chemex, Hario V60, Kalita Wave, Moka Pot, French Press, Siphon, Cezve, Vietnamese Ph…"
"1618589011","Pick Up Limes","United Arab Emirates","Middle East","54","6","5","6","Plan your meals, feel nourished, and eat delicious plant-based food. The Pick Up Limes App brings together nourishing vegan recipes, personalized meal plans, grocery tools, nutrition support, and all your favourite online recipes in one place. Top features • 1800+ plant-based recipes, with new ones …"
"1445614297","Low FODMAP diet foods for IBS","United Arab Emirates","Middle East","55","2","4.5","2","Are you tired of suffering from the symptoms of Irritable Bowel Syndrome (IBS)? The FODMAP diet is a proven method for reducing or eliminating these symptoms, and our app makes it easy to follow! Developed by Australian researchers in 2005, the FODMAP diet involves removing certain carbohydrates fro…"
"1533933692","Secret Menu for Starbucks +","United Arab Emirates","Middle East","56","31","4.64516","31","Turn your kitchen into your favourite coffee shop. Ever seen a colourful café drink and wondered what’s inside? Secret Menu: Coffee Recipes brings over 600 creative drink recipes straight to your fingertips, so you can discover new flavours and recreate your favourites at home. EXPLORE YOUR NEXT FAV…"
"1461650987","Crouton: Recipe Manager","United Arab Emirates","Middle East","57","11","4.72727","11","Crouton is feature packed recipe organizer & meal planner. The best place to store your favorite recipes from where ever you find them, websites, cookbooks or a handwritten note from your Grandma. IMPORT ANYWHERE Crouton supports importing recipes from almost everywhere! Pull recipes automatically o…"
"6774185280","Gustino: Recipe & Meal Planner","United Arab Emirates","Middle East","58","4","4.75","4","Gustino turns the recipes you find online into a clean, organized collection you'll actually use. SAVE RECIPES FROM ANYWHERE See a recipe on Instagram, TikTok, Pinterest, YouTube, Facebook, or any recipe website? Share it to Yumlog and our AI instantly pulls out the ingredients and step-by-step inst…"
"1327302623","Jason Vale’s Super Blend Me!","United Arab Emirates","Middle East","59","0","0","0","OVER 1 MILLION JASON VALE APPS HAVE NOW BEEN SOLD! Super Blend Me! - Jason's first ever protein-based blending plan - is his quickest and easiest programme to date, and has been specifically developed for people who want to get super lean, super healthy, super-fast but don't want to clean a juicer (…"
"1303222868","Paprika Recipe Manager 3","United Arab Emirates","Middle East","60","21","4.90475","21","Organize your recipes. Create grocery lists. Plan your meals. Download recipes from your favorite websites. Seamlessly sync to all your devices. Features • Recipes - Download recipes from your favorite websites, or add your own. • Grocery Lists - Create smart grocery lists that automatically combine…"
"6636546385","Culinara: Easy Cooking Recipes","United Arab Emirates","Middle East","61","2","5","2","Culinara is the first Ukrainian culinary app designed to make cooking simple, fast, convenient, and incredibly delicious. Here you’ll find 100% of recipes with video guidance — watch every step and cook with confidence. All recipes are created together with professional chefs and thoughtfully crafte…"
"6469321012","Starting Solids & Baby Food","United Arab Emirates","Middle East","62","4","3.25","4","Our app has 250+ delicious and healthy recipes carefully prepared for your baby and an unlimited number of recipes that you can create with artificial intelligence. Key app features: *Recipes: 250+ healthy and delicious baby recipes carefully prepared for your baby, Plus new recipes will be added re…"
"6738133941","Whisk: Recipe Keeper & Planner","United Arab Emirates","Middle East","63","0","0","0","The best app to save recipes from Instagram, TikTok, Facebook, YouTube, blogs & more! Whisk is your all-in-one recipe manager that makes cooking easier, faster, and more fun. Save recipes from social media, websites, or your own photos, and turn them into clear, step-by-step cooking instructions. In…"
"6777230233","Herbi: Meal Planner + Recipes","United Arab Emirates","Middle East","64","0","0","0","Tired of deciding what to cook every night? Herbi makes weekly meal planning simple. Discover delicious recipes, save the ones you spot on TikTok and Instagram, build a personalised meal plan in minutes, and get a supermarket shopping list that's ready to go. Whether you're cooking for yourself, you…"
"771068291","Kitchen Stories Easy Recipes","United Arab Emirates","Middle East","65","652","4.80675","652","Kitchen Stories is your ultimate digital cookbook, recipe keeper, and meal planner for everyday cooking! Discover thousands of chef-tested recipes, get inspired by culinary creators, and learn new cooking techniques step-by-step. Whether you want a quick weekday meal, healthy dinner ideas, or baking…"
"6772987602","AI Food Scanner Calories Eaten","United Arab Emirates","Middle East","66","0","0","0","You finally know what you're eating. Point Eaten's camera at any meal, any label, any restaurant plate — and get instant clarity. No more squinting at ingredient lists. No more wondering if ""healthy"" actually means healthy. No more guessing whether dinner fits your goals. ## EAT WITH CONFIDENCE Spot…"
"1553130679","Your Secret Menu for Starbucks","United Arab Emirates","Middle East","67","15","4.53333","15","Discover 500+ secret menu drinks, viral TikTok favorites, and creative custom recipes for your next coffee run. NEW RECIPES ADDED EVERY WEEK • 14,000+ FIVE-STAR REVIEWS See a drink all over your feed? Find out what’s in it, choose your size, and get clear, simple instructions for how to order it. Th…"
"6758783243","RecipeVault: Recipe Keeper","United Arab Emirates","Middle East","68","0","0","0","Save recipes from TikTok, Instagram, and YouTube in one tap then actually cook them. RecipeVault turns the chaos of bookmarked videos, screenshots, and browser tabs into one clean, searchable cookbook. → IMPORT FROM ANYWHERE - TikTok, Instagram Reels, YouTube & Shorts - Any website, blog, or recipe …"
"1059134258","クラシル - 毎日の献立に！レシピ動画で料理がおいしく作れる","United Arab Emirates","Middle East","69","20","4.8","20","レシピプラットホーム『クラシル』 ◆クラシルとは クラシルは、アプリダウンロード数（※1）・平均レビュー評価（※2）・レシピ動画数（※3）のすべてにおいて国内No.1のレシピプラットホームです。2016年2月のサービス開始以降、「くらしを美味しく、あたたかく」をサービスコンセプトに掲げ、管理栄養士監修の「誰でも安全に・おいしい料理を作ることができるレシピ動画」を約50,000件以上提供してまいりました。おかげさまで、国内で最も利用されるレシピプラットフォームへと成長しました。 この度、クラシルはこれまで以上に便利で、楽しい料理体験を提供するプラットフォームへと進化します。 「レシピが見つかる場…"
"1575726528","Cuisinez pour bébé","United Arab Emirates","Middle East","70","0","0","0","Recevez chaque semaine un nouveau menu pour faire le plein de découvertes culinaires avec votre bébé ! Dans cette application, il y a 2000 recettes pour bébé : - Des purées, - Des goûters, - Des desserts, - Des finger food, - Des batch cooking, - Et des recettes à partager en famille ! Quelle que so…"
"1550827637","Secret Menu Recipes by Sipzy","United Arab Emirates","Middle East","71","19","4.42105","19","Have you ever wanted to try something new at your favorite coffee shop? Unlock 480+ secret menu recipes including the latest additions like 'Lemon Bar Freeze', 'Red Velvet Cold Brew', 'Salted Caramel Praline Cold Brew', 'Pumpkin Caramel Macchiato', 'Unicorn Dreams', 'Honeycomb Macchiato', 'Toasted M…"
"980368562","FitMenCook - Healthy Recipes","United Arab Emirates","Middle East","72","55","4.81818","55","Struggle free, healthy recipes that are easy on the wallet. It’s as simple as that, and it’s a message that’s seen over 1 million people follow FitMenCook on social media. Be honest, have you ever heard these complaints about healthy eating? - “Eating healthy is too expensive!” - “It takes too long!…"
"410599593","Jason Vale’s 7-Day Juice Diet","United Arab Emirates","Middle East","73","4","4.75","4","OVER 1 MILLION JASON VALE APPS HAVE NOW BEEN SOLD! LOSE UP TO 7LBS IN 7 DAYS, gain more energy, sleep better, improve your skin, and set yourself free from the diet trap forever with the most successful juice plan of all time. This 7-day super juice cleanse is the perfect plan for effective, healthy…"
"1595938390","Zest: Meal Planner & Recipes","United Arab Emirates","Middle East","74","143","4.74125","143","Tired of cooking the same 3 meals on repeat? Zest integrates a mind-blowing cooking education into your routine. Learn to cook with us through step-by-step explanations of foundational cooking concepts in fewer than 10 minutes and dishes that bring the concept to life. Our recipes are created by two…"
"864979091","Jason Vale’s Super Juice Me!","United Arab Emirates","Middle East","75","0","0","0","OVER 1 MILLION JASON VALE APPS HAVE NOW BEEN SOLD! Super Juice me the 'Ultimate Juice Diet' and has been designed to completely transform your health in just 28 days. Not only will the average person LOSE BETWEEN 20-30LBS on the plan, but it has been shown, in many cases, to help a variety of common…"
"1059211083","OrganizEat Recipe Keeper Box","United Arab Emirates","Middle East","76","39","4.58974","39","Streamline your cooking experience with OrganizEat Recipe Keeper. Our all-in-one app is your ultimate recipe organizer, cookbook, and keeper box, packed with features to simplify your culinary journey. Your All-in-One Recipe Organizer, Cookbook, and Keeper Box. No Typing! Snap Photos, Import, Tag, a…"
"1669762026","Baby Led Weaning Cookbook","United Arab Emirates","Middle East","77","30","4.86667","30","Embark on a seamless Baby-Led Weaning Journey with our app: * Discover Baby-Led Weaning: Navigate the world of solids with confidence. Our app is your comprehensive guide, presenting the latest research findings, nutritional insights and tips for safe, joyful weaning. * 1000+ Foods & Recipes: Indulg…"
"1241057014","Keto Diet App - Macro Tracker","United Arab Emirates","Middle East","78","11","4.45455","11","Ketogenic Diet App - get healthy, feel good, and lose weight. Our app is your ultimate companion in adopting a flexible, low-carb diet for health benefits and weight reduction, combining our successful meal plans with over 200k happy customers! The Keto Diet App is designed to help you realize the h…"
"617996793","Jason Vale’s 5-Day Juice Diet","United Arab Emirates","Middle East","79","3","4.66667","3","OVER 1 MILLION JASON VALE APPS HAVE NOW BEEN SOLD! LOSE UP TO 5LBS IN 5 DAYS and recharge your body and mind without restricting what you can eat or drink at the weekend. Jason Vale's 5-Day Juice Diet app is a fresh approach to juicing and the ultimate guide to kickstarting rapid, healthy weight los…"
"974683711","Recipe Keeper","United Arab Emirates","Middle East","80","21","4.90475","21","Recipe Keeper is the easy to use, all-in-one recipe organizer, shopping list and meal planner available across all of your devices. ADD RECIPES QUICKLY AND EASILY Enter your recipes with as much or as little information as you like. Copy and paste recipes from your existing documents or apps. Catego…"
"6737542752","WeChef - Recipe Journal","United Arab Emirates","Middle East","81","43","4.65116","43","DISCOVER WECHEF: YOUR ALL-IN-ONE RECIPE & MEAL COMPANION WeChef transforms the way you cook, plan, and explore new dishes. From turning leftovers into something exciting, to saving recipes from the web, or organizing meals for special occasions – WeChef makes cooking easier, more fun, and stress-fre…"
"1164423781","Gronda: Recipes for Chefs","Nigeria","Africa","1","27","4.48148","27","** Apple’s App of the Day in 120+ Countries ** ** Used by 2M+ Chefs Worldwide ** ""Unlimited amount of inspiration"" — Netflix Superstar Ana Roš Gronda is the #1 app for professional and home chefs. Learn from the world’s best, fine dining recipes, and connect with a global community of culinary exper…"
"6670216494","Mob: Meal Planner and Recipes","Nigeria","Africa","2","1","1","1","Join 4 million+ home cooks who've made weeknight cooking easy. Plan your week, build your shopping list in a tap, and never cook the same thing twice. Apple App of the Day and featured by Apple. Rated 4.5 stars by our community and loved in the press. Mob turns cooking from a daily scramble into the…"
"1195428600","Cocktail Art-Drink Recipes App","Nigeria","Africa","3","1","5","1","A huge selection of cocktails with collections of recipes for any occasion. Descriptions of all ingredients and variants for their replacement. Add your drinks to the bar and you can see what you can make from them. Have your own cocktail? Add it to the app. Rate cocktails and create your own select…"
"6754519159","MealCondo: Nigerian Recipes","Nigeria","Africa","4","4","5","4","MealCondo is the Nigerian recipes app for Nigerians home and abroad, with an AI‑powered meal planner that helps you plan what to cook each week. You can plan Nigerian meals, generate shopping lists and cook authentic soups, stew, jollof, and more with video tutorials. INSTANT MEAL SUGGESTIONS - Pers…"
"1593779280","ReciMe: Recipes & Meal Planner","Nigeria","Africa","5","273","4.5641","273","The number 1 recipe organizer. ReciMe saves all your favorite recipes in one place, including Instagram, Facebook, TikTok, YouTube and Pinterest. Create grocery lists and meal plans. Calculate calories for every recipe. However you cook, ReciMe helps you do it, better. FEATURES - Save Recipes from I…"
"6714449541","Honeydew: Recipe & Cookbook AI","Nigeria","Africa","6","70","4.78571","70","TRANSFORM YOUR COOKING & MEAL PLANNING WITH HONEYDEW The smartest AI-powered recipe, grocery list and meal planning app. Instantly import any recipe with one tap from social media, YouTube cooking videos, Instagram and Facebook Reels, screenshots, notes and websites. Turn food trends into your next …"
"6783742855","NeatEat - Meal Planner","Nigeria","Africa","7","0","0","0","Tell NeatEat your store and your weekly food budget. Get a full week of simple meals and a costed shopping list that comes in under it — every time. No spreadsheets, no guesswork, no nasty surprise at the till. HOW IT WORKS (WITH NEATEAT PREMIUM) • Pick your supermarket and set a weekly budget • Get…"
"1540604002","Pam Fitness & Food","Nigeria","Africa","8","3","5","3","THE BASICS: 1.⁠ ⁠Yummy and healthy recipes, using natural ingredients. No artificial sweeteners, etc. 2.⁠ ⁠I love to replace „bad“ ingredients of classic recipes - for example cane sugar or white flour - with more healthy alternatives. Therefore we can still eat dessert. But we get important nutrien…"
"6760729049","Share & Save Recipes ReciBites","Nigeria","Africa","9","86","4.44186","86","Save any recipe from TikTok, Instagram or any website in one tap. ReciBites turns it into a weekly meal plan and an aisle-sorted shopping list. Most recipe apps are a folder you forget about. This one is a kitchen: every recipe you save knows your diet, your allergies, your goals and what is already…"
"1217456898","Tasty: Recipes, Cooking Videos","Nigeria","Africa","10","408","4.78922","408","Welcome to the Tasty App – your ultimate cooking companion, featuring over 10,000 delicious recipes with video, step-by-step cooking mode, personalized recommendations, a thriving community of home chefs, and recipe shopping and seamless checkout. Tasty brings you the best of food and recipe discove…"
"1476621703","ckbk: discover great cookbooks","Nigeria","Africa","11","0","0","0","ckbk offers the world’s best cookbooks, all in one place: • Filter your searches by diet, type of dish, national cuisine, author and more... • Recipes are enhanced with macronutrient data to help you meet your healthy-eating goals • Customize your preferred units (metric or US cups) and dietary filt…"
"6739286231","Osta: Save & Share Recipes","Nigeria","Africa","12","118","4.38983","118","With Osta, you can save & import recipes from Instagram, websites, and TikTok. Organize and cook your favorite recipes in your own personalized recipe box. All your recipes in one place. • Import recipes instantly from Instagram, TikTok, or a website. • Cook using a simple recipe display with no clu…"
"585332633","Cookpad: Recipe Book & Meals","Nigeria","Africa","13","414","4.31159","414","Not sure what to cook tonight? Cookpad recommends: search by ingredient or by meal across thousands of authentic recipes from a global community of home cooks — all verified by the people who have actually cooked them. WHAT SHALL I COOK TONIGHT? Tell us what's in the fridge and we'll tell you what t…"
"1495968638","Calorie Scanner - Food Recipes","Nigeria","Africa","14","31","4.41934","31","Maintaining your diet has never been this easy! We help you be on track with your diet goals by providing you new delicious and healthy recipes everyday. Features: - A daily calorie counter tracks your every meal so you can be aware of your intake thought the day. - Huge library of recipes that give…"
"1453824761","Gelato Ice Cream Recipes","Nigeria","Africa","15","0","0","0","Gelato Ice Cream Recipes is your own personal ice cream Chef. Whenever you want the best home-made ice cream, just pick your desired flavour in the Gelato Recipes app. Don't confuse this with just doing an online search though! Gelato Recipes tailors recipes to your ingredients so that they are perf…"
"6479693198","Eatr・AI Healthy Diet Meal Plan","Nigeria","Africa","16","273","4.59707","273","Welcome to Eatr - the ultimate companion for everyone from cooking novices to seasoned chefs! Our app is designed to guide you through a culinary adventure tailored just for you. Whether you're pressed for time or looking to indulge in a leisurely cooking spree, Eatr has you covered. Time Management…"
"6450664772","Scoolinary: Learn & Cook","Nigeria","Africa","17","6","4.83333","6","Scoolinary is the culinary learning app for chefs, entrepreneurs, students, and passionate home cooks. Learn from the world’s best chefs, with 50+ Michelin stars, and access 400+ courses and 3,000 step-by-step video recipes. What you’ll learn •Professional cooking techniques applicable to any dish. …"
"1505065609","Love, Manuela","Nigeria","Africa","18","2","3","2","Love, Manuela is a baking app created by Norwegian baker Manuela Kjeilen, known as @passionforbaking. For more than a decade, Manuela has shared her love of baking with people around the world. She has published nine baking books, hosted her own baking show on TV in Sweden, and inspires more than 1.…"
"1481818660","CibouScan - Food & beauty","Nigeria","Africa","19","12","4.91667","12","CIBOUSCAN: Scan Your BEAUTY & FOOD Products Health Score, Nutri-Score, NOVA, Calories & Recipes CIBOUSCAN is the all-in-one app to take care of your health, skin, nutrition, and the planet. Scan beauty products and food in seconds to understand what you use and eat - ingredients, health scores, Nutr…"
"1157455937","Keto Diet Recipes App","Nigeria","Africa","20","48","4.72917","48","Embark on a Transformative Keto Journey with Our App! *** Your Ultimate Keto Guide: Curious about the Keto Diet? Explore in-depth insights into Ketosis, different Keto approaches, benefits backed by science, overcoming Keto flu, and more! *** Comprehensive Food Lists: Discover vital lists for your K…"
"1555897547","CakeCost","Nigeria","Africa","21","4","4.25","4","Are you struggling to figure out what to charge for your cakes and baking services? - CakeCost is designed for bakers and cake decorators, and makes recipe pricing easy. Are you unsure if you are charging enough for your baking? - CakeCost removes uncertainty by calculating prices including ingredie…"
"911422904","NYT Cooking: Quick Tasty Meals","Nigeria","Africa","22","7","4.85714","7","New York Times Cooking has thousands of easy recipes you’ll love to make, from easy weeknight dinners to holiday showstoppers. Editor-curated collections make it easy to find the right recipe, and helpful videos make them fun and simple to cook. With our digital Recipe Box, you can easily save favou…"
"1673078434","Food Recipes, Cooking AL DANTE","Nigeria","Africa","23","0","0","0","Cook like a Chef together with Al Dante - your perfect cooking app! Enjoy our collection of insanely delicious recipes, find new meal prep ideas, and transform everyday ingredients into exceptional dishes. Features: USE READY RECIPES: explore our step-by-step recipe text guides to discover the ingre…"
"1249805978","MealPrepPro Planner & Recipes","Nigeria","Africa","24","47","4.48935","47","Have your meals and groceries planned for you with MealPrepPro. MealPrepPro is a smart meal planner that adapts to your schedule, food preferences and goals. Reach your health goals No more counting calories. Meal plans are automatically adapted to your calorie and macro needs. #1 for Meal Prep Prep…"
"1595938390","Zest: Meal Planner & Recipes","Nigeria","Africa","25","9","4.66667","9","Tired of cooking the same 3 meals on repeat? Zest integrates a mind-blowing cooking education into your routine. Learn to cook with us through step-by-step explanations of foundational cooking concepts in fewer than 10 minutes and dishes that bring the concept to life. Our recipes are created by two…"
"486811622","Cocktail Flow - Drink Recipes","Nigeria","Africa","26","80","4.65","80","Cocktail Flow features beautifully presented cocktail recipes with step by step guides and is packed with features you’ll love whether you’re a novice bartender or a professional mixologist. YOUR BAR, YOUR CABINET Mark the cocktail ingredients you have at home in the cabinet page and see what drinks…"
"1241057014","Keto Diet App - Macro Tracker","Nigeria","Africa","27","2","4.5","2","Ketogenic Diet App - get healthy, feel good, and lose weight. Our app is your ultimate companion in adopting a flexible, low-carb diet for health benefits and weight reduction, combining our successful meal plans with over 200k happy customers! The Keto Diet App is designed to help you realize the h…"
"6756583556","Eatty: Healthy Cooking Recipes","Nigeria","Africa","28","8","4.75","8","Eatty is an AI powered app for healthy cooking and everyday nutrition. It helps you plan meals track calories and cook balanced food without stress or complicated rules. The app adapts to your lifestyle and preferences so healthy eating feels natural and sustainable. With the help of artificial inte…"
"1540196240","BLW Meals: Starting Solids","Nigeria","Africa","29","0","0","0","What parents are saying: Iluvpalmtrees Favorite BLW app ""So much free information and excellent examples of what you can feed your little one through all stages. Follow their IG as well for daily tips and videos."" MJ - first time mom Love this app! ""I absolutely love this app and the Instagram page.…"
"6743438133","AI Calorie Counter Food Nutemi","Nigeria","Africa","30","0","0","0","Nutemi: Your AI-Powered Nutrition & Food Tracker Take control of your nutrition, hydration, fitness, and weight management goals with Nutemi — the all-in-one app that works like a nutrition coach, meal planner, and food tracker combined. Nutemi isn’t about restrictive diets. It’s about building heal…"
"6469321012","Starting Solids & Baby Food","Nigeria","Africa","31","5","4.8","5","Our app has 250+ delicious and healthy recipes carefully prepared for your baby and an unlimited number of recipes that you can create with artificial intelligence. Key app features: *Recipes: 250+ healthy and delicious baby recipes carefully prepared for your baby, Plus new recipes will be added re…"
"1357982522","Total Keto Diet: Low Carb App","Nigeria","Africa","32","0","0","0","Total Keto Diet is your go-to keto diet app for low carb recipes, keto meals & exercise tracking. 1000s of delicious keto recipes, calorie & macro tracker, exercise & workout tracking, keto community, custom meal plans tailored around you and your goals, keto diet articles, shopping lists & more low…"
"409157308","Annabel Karmel Kids Recipes","Nigeria","Africa","33","1","5","1","Make feeding your baby, toddler and family easier with Annabel Karmel's multi award-winning recipe app. From first tastes and baby-led weaning to family meals, you'll find expert guidance, practical tools and over 1,500 nutritious recipes all in one place. Millions of families rely on Annabel's reci…"
"1303222868","Paprika Recipe Manager 3","Nigeria","Africa","34","0","0","0","Organize your recipes. Create grocery lists. Plan your meals. Download recipes from your favorite websites. Seamlessly sync to all your devices. Features • Recipes - Download recipes from your favorite websites, or add your own. • Grocery Lists - Create smart grocery lists that automatically combine…"
"6761960519","BakersPro: Cake & Pastry Biz","Nigeria","Africa","35","0","0","0","Price every cake, cookie, cupcake accurately. Send invoices, and get orders from your own bakery page You baked the perfect order. Then you guessed the price, forgot a cost, and made almost nothing. That is the quiet leak that keeps bakers from actually growing. Not skill. Not effort. Just a busines…"
"6740265151","FlavorlyAI - Recipe Generator","Nigeria","Africa","36","1","5","1","FlavorlyAI helps you cook with what you already have using AI. Features - AI recipe generation from ingredients you enter - Preference controls for cuisine, time, and meal format - Dietary support (vegetarian, vegan, gluten-free, and more) - AI nutrition responses (calories, protein, carbs, fats) - …"
"1529870663","My Little Food Critic","Nigeria","Africa","37","0","0","0","The BEST SELLING My Little Food Critic App is your “go to” for feeding babies, toddlers, kids and the whole family! NEW RECIPES EVERY WEEK Fresh NEW recipes landing every week! Step by step recipe instructions, images and instructional recipe VIDEOS for selected recipes. Easily change cooking units …"
"6751240213","easyEats – Healthy Recipes","Nigeria","Africa","38","2","3","2","The ultimate smart assistant for healthy cooking and recipe transformations. easyEats is designed for those who want to eat what they love without compromising their goals. Stop losing your favorite high-protein cookies or low-carb meal preps in your ""Saved"" folders. easyEats lets you import any rec…"
"1583947369","Pepper - Recipe Organizer","Nigeria","Africa","39","4","4.75","4","Welcome to Pepper, your Social Recipe Organizer! Organize recipes from Instagram, TikTok, Pinterest, recipe blogs, or paste from your Notes! Your favorite recipe organizer, now with friends! * Build Your Cookbook: Pepper is your go-to social cookbook, ready to be accessed by you, your friends/family…"
"1570963912","Nigerian FoodRecipe Florence N","Nigeria","Africa","40","0","0","0","A collection of yummy authentic homemade Nigerian recipes with easy to follow steps and videos. Browse a growing selection of hundreds of Nigerian food recipes, and new dishes are added all the time"
"6479637639","Bellybook","Nigeria","Africa","41","0","0","0","Say goodbye to the lies and anxiety of calorie tracking. BellyBook is the app made for food lovers. Curate the world's cuisines you've savored throughout your life, with AI-assisted recording and organization. We believe true intelligence comes from human feelings, memories, and experiences. AI simp…"
"6451069764","Secret Menu Drinks by DOB","Nigeria","Africa","42","0","0","0","Drink Only Best helps you discover coffee, matcha, and cafe-style drink recipes in one simple app. Explore 250+ recipes across coffee drinks, matcha favorites, iced drinks, frappes, refreshers, smoothies, teas, and lattes. Save the drinks you love, discover new combinations, and keep fresh ideas clo…"
"974683711","Recipe Keeper","Nigeria","Africa","43","2","5","2","Recipe Keeper is the easy to use, all-in-one recipe organizer, shopping list and meal planner available across all of your devices. ADD RECIPES QUICKLY AND EASILY Enter your recipes with as much or as little information as you like. Copy and paste recipes from your existing documents or apps. Catego…"
"6445912575","Mixology - Bartender App","Nigeria","Africa","44","0","0","0","Welcome to Mixology, your new personal bartender, and AI cocktail maker! Have you ever wanted to make a delicious cocktail but didn't have all the ingredients or didn't know the recipe? No problem! With Mixology, you can create a perfect cocktail from the ingredients you already have at home. Mixolo…"
"297650041","8,500+ Drink Recipes","Nigeria","Africa","45","72","4.54167","72","Yes. You heard it right. Free. Over 8,500 Drink & Cocktail recipes at the tap of your fingertips. Now you know what bartenders are putting into your expensive drinks. Drink & Cocktail Recipes databases typically cost hundreds to thousands of dollars. We're giving it away to you for free. Features: *…"
"6479545461","Seeya","Nigeria","Africa","46","1","5","1","Seeya - A tantalizing journey around the globe Embark on a tantalizing journey around the globe with Seeya, the ultimate app for food enthusiasts and culinary adventurers. Whether you’re a curious gourmand or simply someone who loves good food, Seeya is designed to inspire your culinary creativity a…"
"980368562","FitMenCook - Healthy Recipes","Nigeria","Africa","47","1","4","1","Struggle free, healthy recipes that are easy on the wallet. It’s as simple as that, and it’s a message that’s seen over 1 million people follow FitMenCook on social media. Be honest, have you ever heard these complaints about healthy eating? - “Eating healthy is too expensive!” - “It takes too long!…"
"1079999103","Mealime Meal Plans & Recipes","Nigeria","Africa","48","1","4","1","Mealime is a simple way for busy singles, couples, and families to plan their meals and eat healthier. Our meal plans & recipes are highly customizable so you can easily personalize a plan that works with your unique tastes and lifestyle. Join over 5,000,000 people who have used our meal plans to ea…"
"1445442810","Fasting Tracker App","Nigeria","Africa","49","6","4.33333","6","*** CALORIE-BASED FASTING *** If you’re doing intermittent fasting for 13 hours incl. being active during your fast, will you burn more calories than by just doing intermittent fasting for 16 hours? Find out yourself - with calorie-based fasting: Count how active you are or how much calories you bur…"
"1351412313","FullyRaw by Kristina","Nigeria","Africa","50","1","4","1","Join the FullyRaw Revolution! FullyRaw by Kristina is the ultimate guide to living a cleaner and healthier lifestyle through the consumption of organic raw foods. Offering over 500 recipes (including juices, smoothies, salads, desserts, and main dishes) with instructional videos, grocery shopping li…"
"6739337164","cookeaze","Nigeria","Africa","51","4","5","4","CookEaze is an intuitive cooking assistant that helps you create delicious meals with ease. Whether you're a beginner or an experienced chef, CookEaze offers step-by-step recipes, customizable meal plans, and smart timers to guide you in the kitchen. With a wide range of recipes to suit every taste,…"
"1514053992","Pregnancy Diet: Food & Recipes","Nigeria","Africa","52","1","5","1","What are the best recipes? Is there a particular snack for my morning sickness? Find answers about diet and pregnancy with this very complete app. All content is written by certified nutritionists. Monitor your diet and find healthy alternatives for bad foods. Save healthy recipes for your pregnancy…"
"6468674686","Guardian Feast: Daily Recipes","Nigeria","Africa","53","0","0","0","With over 7,000 recipes to choose from, find unique flavours, explore different cuisines and expand your usual repertoire, with a 14-day free trial of the Feast app. Or if you are already a Guardian subscriber, sign in to see if Feast is included in your subscription. The Feast app is filled with da…"
"1461650987","Crouton: Recipe Manager","Nigeria","Africa","54","4","5","4","Crouton is feature packed recipe organizer & meal planner. The best place to store your favorite recipes from where ever you find them, websites, cookbooks or a handwritten note from your Grandma. IMPORT ANYWHERE Crouton supports importing recipes from almost everywhere! Pull recipes automatically o…"
"1618589011","Pick Up Limes","Nigeria","Africa","55","0","0","0","Plan your meals, feel nourished, and eat delicious plant-based food. The Pick Up Limes App brings together nourishing vegan recipes, personalized meal plans, grocery tools, nutrition support, and all your favourite online recipes in one place. Top features • 1800+ plant-based recipes, with new ones …"
"1531992395","Weekly Meal Planner - Menu","Nigeria","Africa","56","0","0","0","Healthy Food Recipes supply delicious recipes and the exact amount of fresh ingredients you need to cook them at home Healthy Food Recipes Feature : • Thousands of delicious recipes that you can discover, sort, save to your favorites, rank, and share with your friends and family. • Amazing recipes f…"
"554065086","愛料理","Nigeria","Africa","57","0","0","0","美食自己做！超過 300,000 道食譜任你探索，天天都有料理新靈感！ 不論是健康輕食、家常小菜，還是挑戰高難度甜點，愛料理都能幫你輕鬆上手，享受幸福美味時光。 【特色功能】 ▶ 快速搜尋食譜 輸入食材名稱或料理關鍵字，即可快速找到適合的食譜。不論是想探索全新菜式，還是用冰箱剩餘的食材做料理，都能幫你激發創意！ ▶ 圖文步驟詳解，料理零失敗 食譜提供圖文詳細步驟說明，無論是料理新手還是烹飪高手，都能按照指引一步步完成！ ▶ 個人化收藏清單，隨時管理喜好食譜 喜歡的食譜不只可以收藏，還能根據需求建立多個專屬清單，例如「減重計劃」、「健康輕食」、「節日派對菜單」等，方便快速查找。 ▶ 創作並分享私…"
"6447921573","Pregnancy Diet: Recipes & Food","Nigeria","Africa","58","0","0","0","Introducing Pregnancy Diet, the ultimate app for pregnancy recipes, food, ingredients and tips! Are you a mom-to-be who's looking for delicious and healthy meal ideas to support your growing baby? Look no further than our app, which is designed specifically to provide expectant mothers with a range …"
"661693288","Bake & Decorate","Nigeria","Africa","59","0","0","0","Catering for all skill levels from beginner to professional, as well as those in business, this monthly 112-page magazine is a one-stop-shop for all things baking and cake decorating. With over 85 recipes and cake decorating step-by-step tutorials, it includes the latest popular bakes plus all the c…"
"1669762026","Baby Led Weaning Cookbook","Nigeria","Africa","60","0","0","0","Embark on a seamless Baby-Led Weaning Journey with our app: * Discover Baby-Led Weaning: Navigate the world of solids with confidence. Our app is your comprehensive guide, presenting the latest research findings, nutritional insights and tips for safe, joyful weaning. * 1000+ Foods & Recipes: Indulg…"
"1613090960","Kids Meals: Recipes & Guides","Nigeria","Africa","61","0","0","0","What parents are saying: Binkbnyy Life Changing “We have grown so much using this app and the tips posted on their Instagram. It’s been life changing for my son. The recipes are regularly updated and added unlike others. It’s also significantly cheaper than other apps on this level. They focus on po…"
"1617055933","Food Recipes by Arabesk","Nigeria","Africa","62","6","4.33333","6","Prepare healthy and delicious Mediterranean-style meals in the comfort of your own home with video recipes from Arabesque Kitchen+. Choose from a collection of easy-to-follow recipes, each with its own shopping list and video instructions. Arabesque Kitchen+ has a recipe for every diet, including ve…"
"1548466041","Mela - Recipe Manager","Nigeria","Africa","63","0","0","0","Mela is a simple, elegant and modern recipe manager that syncs with iCloud. SYNC Sync your recipes with iCloud, either privately (default) or by sharing a recipe library with other iCloud users. IN-APP BROWSER WITH LIVE PREVIEW Quickly save a recipe while browsing: If Mela detects a recipe on the cu…"
"1314325164","foodByMaria: Greek Recipes","Nigeria","Africa","64","0","0","0","FoodByMaria is the app for damn good food, Greek family recipes, nourishing weeknight meals, smart meal planning, shopping lists, cooking mode, nutrition tools, and over 1,000 handcrafted recipes from Maria’s kitchen. Whether you’re plant-based, meat-loving, seafood-obsessed, craving something cozy,…"
"1077887014","WISK.ai: Bar & Food Inventory","Nigeria","Africa","65","0","0","0","Running a bar or restaurant has never been easier with WISK.ai, your new bar assistant. WISK.ai is not just an inventory app. This intelligent bar and restaurant management software offers a variety of solutions for your business including food & beverage analytics, a recipe cost calculator, a liquo…"
"372387251","Substitutions","Nigeria","Africa","66","1","5","1","Substitutions. Food & Drink. iOS 11 or later. Now nearly 1500 substitutions. Search! Alcohol. Allergy. Baking. Cooking. Dairy. Gluten-Free. Herbs. Spices. Low Carb. Low Fat. Low Sodium. Migraine. Seafood. Meat. Utensil. Vegan. Twitter: @Gormaya"
"6470926041","500+ healthy Smoothie recipes","Nigeria","Africa","67","1","2","1","Welcome to ""Smoothie Mix & Match,"" designed with our UK friends in mind – your all-in-one solution for creating custom smoothie recipes tailored to your taste and wellness goals. With a continually expanding recipe library, you can dive into experimenting with ingredients to craft unique flavors or …"
"453809428","Bon Appetit","Nigeria","Africa","68","0","0","0","Bon Appétit is where food and culture meet. The award-winning No. 1 food lifestyle brand covers food through the lens of cooking, fashion, travel, technology, design and home. As the leading arbiter of taste, its home-grown talent and tireless dedication to recipe testing separates it from the compe…"
"1602468587","Baby-Led Weaning Recipe Guide","Nigeria","Africa","69","1","3","1","Make Baby-Led Weaning Simple & Enjoyable Wondering how to start your baby's food journey safely and confidently? Our comprehensive recipe guide takes the stress out of baby-led weaning with age-appropriate meal ideas perfect for little hands. WHY CHOOSE OUR BLW GUIDE? • Quick & Easy Recipes: Nutriti…"
"1602364247","Smoothie Recipes - Juice Guide","Nigeria","Africa","70","1","5","1","Discover the easiest way to lose weight and boost your energy with delicious smoothie recipes that actually work. Whether you're looking to shed pounds, detox your body, or simply add more nutrition to your day, our carefully curated collection of healthy smoothies makes it simple. Transform your mo…"
"1598061422","Cocktails And Mixed Drinks","Nigeria","Africa","71","1","3","1","Are you a searcher or builder of mind-numbing flavors and have a stock of alcohol, fruits, or wine at home? Or is the party bar out of drink ideas? The drinks and cocktail app has the recipes to mix up a glass of your favorite cocktail or drink. With the drinks and cocktail recipe app, be the best p…"
"1250263854","Plan Meals - MealPlanner","Nigeria","Africa","72","4","4.25","4","Experience the ease and enjoyment of meal planning with MealPlanner. We believe planning your meals should be quick and straightforward, with organized weekly meal plans for added convenience. - Plan meals easily with a user-friendly interface - Create and customize meal plans for different weeks - …"
"6460821436","Meal Plan & Weekly Menu","Nigeria","Africa","73","5","4.2","5","Did you know that meal planning can improve your health and mood? YouMealPlan is a beautiful all-in-one weekly meal planner that makes meal planning and preparation simple and fun. PLAN YOUR MEALS WITH A BEAUTIFUL DESIGN Create weekly meal plans, organise recipes and automatically generate shopping …"
"646877156","Recipe Costing Calculator","Nigeria","Africa","74","0","0","0","The Recipe Costing Calculator allows you to easily and quickly cost your recipes. You enter your ingredients, and the amount you pay for them, and then you enter your recipe and it will tell you how much it will cost to make the whole thing, and how much per portion. You can also store the instructi…"
"6740751442","Mealio - Meal Ideas & Recipes","Nigeria","Africa","75","0","0","0","HOW TO USE MEALIO: 1 - Answer questions about your dietary preferences, allergies, and cooking skill level. 2 - Snap a photo of your available ingredients 3 - Select one of the 5 delicious meal ideas tailored to your input. 4 - Follow the detailed recipe and enjoy! Mealio is designed to help you red…"
"1596244207","Weaning is Winning","Nigeria","Africa","76","3","5","3","Weaning Is Winning makes your baby’s food journey easy, fun, and worry-free! Discover hundreds of healthy, nutrient-dense recipes designed to support your baby’s growth and development. Whether you’re just starting solids or looking for fresh meal ideas, this app helps you every step of the way - fr…"
"775457437","Vegetarian Meal Plan & Recipes","Nigeria","Africa","77","0","0","0","Wouldn't it be great getting delicious and well rounded Vegetarian recipes every day of the week? Well that's exactly what you'll get with Vegetarian Meal Plans! Ok so it won't actually make the recipes for you, but it can help you get started eating healthy and tasty vegetarian meals every day of t…"
"1145744773","Vegetarian Meal Plan: Plateful","Nigeria","Africa","78","2","5","2","Lifestyle now a days make it hard to have home Cooked nutritious and Delicious food. We just never seem to have the time and turn to ready made food as an alternative. This is were Super Vegetables Recipes can in to the Action. With minimum preparation And Cook Time you can cook and learn easy And h…"
"6779831417","Recispot","Nigeria","Africa","79","0","0","0","Never lose a recipe again. Recispot is your personal recipe hub — save recipes from any website, YouTube video, or photo, and access them all in one beautiful, organized space. SAVE FROM ANYWHERE Clip recipes from your favorite food blogs, cooking YouTube channels, or TikTok. Just share the link to …"
"396836856","Nutrients - Nutrition Facts","Nigeria","Africa","80","3","4.66667","3","Nutrients is nutrition at your fingertips! How much sugar is in an apple? How much potassium is in a banana? Discover nutrition facts on tens of thousands of foods complete with all vitamins, minerals, amino acids, fats, fatty acids, sugars, sterols, and more compounds like caffeine. Nutrients works…"
"1499939603","Diabetic Recipes & Meal Plans","Nigeria","Africa","81","0","0","0","Take control of your health with delicious, diabetes-friendly recipes designed for everyday cooking. Whether you're managing type 1, type 2 diabetes, or simply pursuing healthier eating habits, our expertly crafted meal plans make nutritious cooking simple, flavourful, and enjoyable for the whole fa…"
"864979091","Jason Vale’s Super Juice Me!","Nigeria","Africa","82","0","0","0","OVER 1 MILLION JASON VALE APPS HAVE NOW BEEN SOLD! Super Juice me the 'Ultimate Juice Diet' and has been designed to completely transform your health in just 28 days. Not only will the average person LOSE BETWEEN 20-30LBS on the plan, but it has been shown, in many cases, to help a variety of common…"
"6479545461","Seeya","Egypt","Africa","1","483","4.28157","483","Seeya - A tantalizing journey around the globe Embark on a tantalizing journey around the globe with Seeya, the ultimate app for food enthusiasts and culinary adventurers. Whether you’re a curious gourmand or simply someone who loves good food, Seeya is designed to inspire your culinary creativity a…"
"6714449541","Honeydew: Recipe & Cookbook AI","Egypt","Africa","2","80","4.8","80","TRANSFORM YOUR COOKING & MEAL PLANNING WITH HONEYDEW The smartest AI-powered recipe, grocery list and meal planning app. Instantly import any recipe with one tap from social media, YouTube cooking videos, Instagram and Facebook Reels, screenshots, notes and websites. Turn food trends into your next …"
"6670216494","Mob: Meal Planner and Recipes","Egypt","Africa","3","9","4.11111","9","Join 4 million+ home cooks who've made weeknight cooking easy. Plan your week, build your shopping list in a tap, and never cook the same thing twice. Apple App of the Day and featured by Apple. Rated 4.5 stars by our community and loved in the press. Mob turns cooking from a daily scramble into the…"
"1164423781","Gronda: Recipes for Chefs","Egypt","Africa","4","67","4.80597","67","** Apple’s App of the Day in 120+ Countries ** ** Used by 2M+ Chefs Worldwide ** ""Unlimited amount of inspiration"" — Netflix Superstar Ana Roš Gronda is the #1 app for professional and home chefs. Learn from the world’s best, fine dining recipes, and connect with a global community of culinary exper…"
"6777230233","Herbi: Meal Planner + Recipes","Egypt","Africa","5","0","0","0","Tired of deciding what to cook every night? Herbi makes weekly meal planning simple. Discover delicious recipes, save the ones you spot on TikTok and Instagram, build a personalised meal plan in minutes, and get a supermarket shopping list that's ready to go. Whether you're cooking for yourself, you…"
"1540196240","BLW Meals: Starting Solids","Egypt","Africa","6","1","5","1","What parents are saying: Iluvpalmtrees Favorite BLW app ""So much free information and excellent examples of what you can feed your little one through all stages. Follow their IG as well for daily tips and videos."" MJ - first time mom Love this app! ""I absolutely love this app and the Instagram page.…"
"1593779280","ReciMe: Recipes & Meal Planner","Egypt","Africa","7","147","4.81633","147","The number 1 recipe organizer. ReciMe saves all your favorite recipes in one place, including Instagram, Facebook, TikTok, YouTube and Pinterest. Create grocery lists and meal plans. Calculate calories for every recipe. However you cook, ReciMe helps you do it, better. FEATURES - Save Recipes from I…"
"6499309650","Kafi","Egypt","Africa","8","155","4.41934","155","Kafi - The world of coffee lovers Welcome to the world of coffee lovers! Kafi app offers a variety of coffee recipes to stimulate your taste buds and give your a refreshed feel. Get yourself ready to make some hot coffee to start your morning with a fresh mind. Product Highlights: - Coffee Recipes：S…"
"1249805978","MealPrepPro Planner & Recipes","Egypt","Africa","9","101","4.46535","101","Have your meals and groceries planned for you with MealPrepPro. MealPrepPro is a smart meal planner that adapts to your schedule, food preferences and goals. Reach your health goals No more counting calories. Meal plans are automatically adapted to your calorie and macro needs. #1 for Meal Prep Prep…"
"585332633","Cookpad: Recipe Book & Meals","Egypt","Africa","10","801","3.87391","801","Not sure what to cook tonight? Cookpad recommends: search by ingredient or by meal across thousands of authentic recipes from a global community of home cooks — all verified by the people who have actually cooked them. WHAT SHALL I COOK TONIGHT? Tell us what's in the fridge and we'll tell you what t…"
"1205061290","Indian Recipes Delicious Food","Egypt","Africa","11","0","0","0","Cook delicious vegetarian food at home with step by step photos. App sharing 1000+ recipes from the most popular Indian recipe website. All recipes are tried and tested by us as well as by our readers. If you want to learn Indian vegetarian cooking then do give this App a try as we include a lot of …"
"6758994088","Akly","Egypt","Africa","12","0","0","0","Akly – Click, Cook & Enjoy Discover Akly, your ultimate cooking companion that makes preparing delicious meals easy, fun, and stress-free. Whether you’re a beginner or a seasoned home chef, Akly provides everything you need to cook confidently and enjoy every meal. Key Features Step-by-Step Video Re…"
"312101965","Epicurious","Egypt","Africa","13","33","4.90909","33","Cook smarter with 50,000+ tested recipes from Epicurious, Bon Appétit, and more. Find easy dinners, healthy meals, and expert cooking guidance - all in one app. Subscribe to the Epicurious in the app, or if you’re already a subscriber, log in for unlimited access to recipes and so much more. THE EPI…"
"6739286231","Osta: Save & Share Recipes","Egypt","Africa","14","123","4.84553","123","With Osta, you can save & import recipes from Instagram, websites, and TikTok. Organize and cook your favorite recipes in your own personalized recipe box. All your recipes in one place. • Import recipes instantly from Instagram, TikTok, or a website. • Cook using a simple recipe display with no clu…"
"1618589011","Pick Up Limes","Egypt","Africa","15","2","5","2","Plan your meals, feel nourished, and eat delicious plant-based food. The Pick Up Limes App brings together nourishing vegan recipes, personalized meal plans, grocery tools, nutrition support, and all your favourite online recipes in one place. Top features • 1800+ plant-based recipes, with new ones …"
"1553130679","Your Secret Menu for Starbucks","Egypt","Africa","16","25","4.76","25","Discover 500+ secret menu drinks, viral TikTok favorites, and creative custom recipes for your next coffee run. NEW RECIPES ADDED EVERY WEEK • 14,000+ FIVE-STAR REVIEWS See a drink all over your feed? Find out what’s in it, choose your size, and get clear, simple instructions for how to order it. Th…"
"911422904","NYT Cooking: Quick Tasty Meals","Egypt","Africa","17","32","4.96875","32","New York Times Cooking has thousands of easy recipes you’ll love to make, from easy weeknight dinners to holiday showstoppers. Editor-curated collections make it easy to find the right recipe, and helpful videos make them fun and simple to cook. With our digital Recipe Box, you can easily save favou…"
"6766340582","Koku - Recipe Saver","Egypt","Africa","18","0","0","0","Save recipes from any video, in any language. Paste a link from YouTube, Instagram, TikTok, Facebook, Pinterest, or any recipe website. Koku's AI extracts the full recipe in seconds — ingredients, steps, cook times, and nutrition — even from videos with no written recipe. Works with posts in 30+ lan…"
"6749602635","Provecho","Egypt","Africa","19","0","0","0","Warning: Downloading this app will make you never want to cook from a blog again. Provecho requires a paid subscription. Subscribe to unlock over 10,000 recipes from some of the most prolific chefs and cooking creators online including: @breadbakebeyond, @tylergrowthlife, @itsvegansis, @cheffinwithz…"
"6460821436","Meal Plan & Weekly Menu","Egypt","Africa","20","12","4.83333","12","Did you know that meal planning can improve your health and mood? YouMealPlan is a beautiful all-in-one weekly meal planner that makes meal planning and preparation simple and fun. PLAN YOUR MEALS WITH A BEAUTIFUL DESIGN Create weekly meal plans, organise recipes and automatically generate shopping …"
"6473278962","Brew Timer : Make Great Coffee","Egypt","Africa","21","0","0","0","Explore the best coffee recipes. Make great cup of coffee with fully customizeable brew tracking. Either with Aeropress, Hario V60,Clever Dripper, Chemex, French Press, Kalita Wave, Syphon Coffee, Percolator, Mellita, Bonavita Dripper, Blue Bottle Dripper,Moka Pot, Delter Press, Turkish Coffee or ot…"
"6479693198","Eatr・AI Healthy Diet Meal Plan","Egypt","Africa","22","981","4.55046","981","Welcome to Eatr - the ultimate companion for everyone from cooking novices to seasoned chefs! Our app is designed to guide you through a culinary adventure tailored just for you. Whether you're pressed for time or looking to indulge in a leisurely cooking spree, Eatr has you covered. Time Management…"
"6478546136","Flavorish | Save Any Recipe","Egypt","Africa","23","4","4.25","4","Save recipes from Instagram, Facebook, TikTok, YouTube, websites, cookbooks, handwritten notes, and more, all in one app! Turn them into meal plans and grocery lists in seconds. With Flavorish, your go-to recipe app, organizing, saving, and cooking has never been easier. Save recipes from anywhere -…"
"409157308","Annabel Karmel Kids Recipes","Egypt","Africa","24","12","4.75","12","Make feeding your baby, toddler and family easier with Annabel Karmel's multi award-winning recipe app. From first tastes and baby-led weaning to family meals, you'll find expert guidance, practical tools and over 1,500 nutritious recipes all in one place. Millions of families rely on Annabel's reci…"
"1217456898","Tasty: Recipes, Cooking Videos","Egypt","Africa","25","2591","4.8819","2591","Welcome to the Tasty App – your ultimate cooking companion, featuring over 10,000 delicious recipes with video, step-by-step cooking mode, personalized recommendations, a thriving community of home chefs, and recipe shopping and seamless checkout. Tasty brings you the best of food and recipe discove…"
"1518078585","Stashcook: Recipe Keeper","Egypt","Africa","26","1","5","1","Stashcook - Meal Planner & Recipe Keeper Stashcook is a simple, thoughtful recipe keeper and meal planner that brings your recipes, weekly plans and shopping into one place. Whether you’re saving ideas from social media or trying to stay organised through the week, Stashcook helps make cooking feel …"
"1157455937","Keto Diet Recipes App","Egypt","Africa","27","336","4.70536","336","Embark on a Transformative Keto Journey with Our App! *** Your Ultimate Keto Guide: Curious about the Keto Diet? Explore in-depth insights into Ketosis, different Keto approaches, benefits backed by science, overcoming Keto flu, and more! *** Comprehensive Food Lists: Discover vital lists for your K…"
"6450664772","Scoolinary: Learn & Cook","Egypt","Africa","28","2","5","2","Scoolinary is the culinary learning app for chefs, entrepreneurs, students, and passionate home cooks. Learn from the world’s best chefs, with 50+ Michelin stars, and access 400+ courses and 3,000 step-by-step video recipes. What you’ll learn •Professional cooking techniques applicable to any dish. …"
"6736766728","Loaflo: Sourdough Starter","Egypt","Africa","29","0","0","0","Loaflo: Sourdough Starter is your all-in-one, AI-powered bread-baking companion. Track your starter, analyze your loaves, and perfect every bake—no sign-up required! · AI Analysis: Snap a photo of your loaf or starter and get instant feedback on crust, crumb, and overall bake quality. · Recipes: Lea…"
"1595938390","Zest: Meal Planner & Recipes","Egypt","Africa","30","89","4.78652","89","Tired of cooking the same 3 meals on repeat? Zest integrates a mind-blowing cooking education into your routine. Learn to cook with us through step-by-step explanations of foundational cooking concepts in fewer than 10 minutes and dishes that bring the concept to life. Our recipes are created by two…"
"1540604002","Pam Fitness & Food","Egypt","Africa","31","26","4.92307","26","THE BASICS: 1.⁠ ⁠Yummy and healthy recipes, using natural ingredients. No artificial sweeteners, etc. 2.⁠ ⁠I love to replace „bad“ ingredients of classic recipes - for example cane sugar or white flour - with more healthy alternatives. Therefore we can still eat dessert. But we get important nutrien…"
"1505065609","Love, Manuela","Egypt","Africa","32","1","5","1","Love, Manuela is a baking app created by Norwegian baker Manuela Kjeilen, known as @passionforbaking. For more than a decade, Manuela has shared her love of baking with people around the world. She has published nine baking books, hosted her own baking show on TV in Sweden, and inspires more than 1.…"
"1445442810","Fasting Tracker App","Egypt","Africa","33","30","4.76667","30","*** CALORIE-BASED FASTING *** If you’re doing intermittent fasting for 13 hours incl. being active during your fast, will you burn more calories than by just doing intermittent fasting for 16 hours? Find out yourself - with calorie-based fasting: Count how active you are or how much calories you bur…"
"1224895623","Healthy Air Fryer Recipes","Egypt","Africa","34","17","4.58824","17","Are you one of those who enjoy fried food but also realizes that it is unhealthy? If you are someone who likes to cook food at home but dislikes the oily mess and nasty odors that accompanies cooking. Then this AirFryer Recipes app is for you. Use this app and enjoy healthier AirFryer food, with 70-…"
"1529870663","My Little Food Critic","Egypt","Africa","35","0","0","0","The BEST SELLING My Little Food Critic App is your “go to” for feeding babies, toddlers, kids and the whole family! NEW RECIPES EVERY WEEK Fresh NEW recipes landing every week! Step by step recipe instructions, images and instructional recipe VIDEOS for selected recipes. Easily change cooking units …"
"1318747966","Keto Calculator & Keto-Recipes","Egypt","Africa","36","9","4.55556","9","How does Keto-Recipes work? * Just select keto meals you like most for breakfast, lunch, as a snack or dinner. * Our Keto Diet Tracker App shows you if you hit the right amount of fat intake. ...with this Keto Tracker you no longer have to do on your own: * Scan barcodes. * Endless time wasting with…"
"839914467","Secret Menu Coffee Recipes","Egypt","Africa","37","51","3.56863","51","Secret Menu is an independent, unofficial guide. Not affiliated with, endorsed by, or sponsored by Starbucks Corporation. STARBUCKS is a registered trademark of Starbucks Corporation. Discover 200+ cafe-style drink recipes — with step-by-step ordering and at-home instructions so you get it right eve…"
"1617055933","Food Recipes by Arabesk","Egypt","Africa","38","13","4.46154","13","Prepare healthy and delicious Mediterranean-style meals in the comfort of your own home with video recipes from Arabesque Kitchen+. Choose from a collection of easy-to-follow recipes, each with its own shopping list and video instructions. Arabesque Kitchen+ has a recipe for every diet, including ve…"
"1481818660","CibouScan - Food & beauty","Egypt","Africa","39","55","4.25455","55","CIBOUSCAN: Scan Your BEAUTY & FOOD Products Health Score, Nutri-Score, NOVA, Calories & Recipes CIBOUSCAN is the all-in-one app to take care of your health, skin, nutrition, and the planet. Scan beauty products and food in seconds to understand what you use and eat - ingredients, health scores, Nutr…"
"6477230784","101 before one","Egypt","Africa","40","0","0","0","Paid Membership to 101 before one required to use our app. Introduce 101 foods through baby-led weaning & family-style meals. Welcome to 101 before one! We are a team of pediatric experts here to help parents introduce solids to their baby through our signature Family Meals from the Start® program, …"
"1673078434","Food Recipes, Cooking AL DANTE","Egypt","Africa","41","5","5","5","Cook like a Chef together with Al Dante - your perfect cooking app! Enjoy our collection of insanely delicious recipes, find new meal prep ideas, and transform everyday ingredients into exceptional dishes. Features: USE READY RECIPES: explore our step-by-step recipe text guides to discover the ingre…"
"6450508838","Little Foodie: Start Solids","Egypt","Africa","42","0","0","0","Discover a world of nutritious ingredients, blw tips and delicious recipes tailored specifically for your little one with Little Foodie: Start Solids, the ultimate app for baby food. Designed to simplify the process of preparing wholesome meals for your baby, this intuitive app is a must-have for ev…"
"1241057014","Keto Diet App - Macro Tracker","Egypt","Africa","43","2","5","2","Ketogenic Diet App - get healthy, feel good, and lose weight. Our app is your ultimate companion in adopting a flexible, low-carb diet for health benefits and weight reduction, combining our successful meal plans with over 200k happy customers! The Keto Diet App is designed to help you realize the h…"
"1088859983","Fivesec Health by Alexandra","Egypt","Africa","44","1","5","1","Cook Delicious Plant-Based Meals with Ease! Discover 700+ easy, healthy, and delicious plant-based recipes with the Fivesec Health App — your go-to companion for everyday vegan cooking! Whether you’re fully plant-based or just looking to add more nutritious meals to your routine, this app makes heal…"
"6777471316","mise - meal planner","Egypt","Africa","45","1","1","1","mise – meal planner Take the stress out of deciding what to eat. mise helps you generate personalised meal plans in seconds based on your dietary preferences, calorie goals, favourite UK supermarkets, budget, and the ingredients you already have at home. Whether you're meal prepping for the week, tr…"
"980368562","FitMenCook - Healthy Recipes","Egypt","Africa","46","3","4.66667","3","Struggle free, healthy recipes that are easy on the wallet. It’s as simple as that, and it’s a message that’s seen over 1 million people follow FitMenCook on social media. Be honest, have you ever heard these complaints about healthy eating? - “Eating healthy is too expensive!” - “It takes too long!…"
"1669762026","Baby Led Weaning Cookbook","Egypt","Africa","47","10","4.59999","10","Embark on a seamless Baby-Led Weaning Journey with our app: * Discover Baby-Led Weaning: Navigate the world of solids with confidence. Our app is your comprehensive guide, presenting the latest research findings, nutritional insights and tips for safe, joyful weaning. * 1000+ Foods & Recipes: Indulg…"
"1547585029","AMC Cook & Go","Egypt","Africa","48","0","0","0","Cook smarter, healthier and faster with AMC Cook & Go — the companion app for your AMC smart cooking system. Enjoy guided cooking with clear step-by-step instructions, real-time updates and perfectly cooked results, every time. How it works Pair Cook & Go with your AMC Audiotherm to enable temperatu…"
"1303222868","Paprika Recipe Manager 3","Egypt","Africa","49","3","4.33333","3","Organize your recipes. Create grocery lists. Plan your meals. Download recipes from your favorite websites. Seamlessly sync to all your devices. Features • Recipes - Download recipes from your favorite websites, or add your own. • Grocery Lists - Create smart grocery lists that automatically combine…"
"6469321012","Starting Solids & Baby Food","Egypt","Africa","50","3","5","3","Our app has 250+ delicious and healthy recipes carefully prepared for your baby and an unlimited number of recipes that you can create with artificial intelligence. Key app features: *Recipes: 250+ healthy and delicious baby recipes carefully prepared for your baby, Plus new recipes will be added re…"
"974683711","Recipe Keeper","Egypt","Africa","51","8","5","8","Recipe Keeper is the easy to use, all-in-one recipe organizer, shopping list and meal planner available across all of your devices. ADD RECIPES QUICKLY AND EASILY Enter your recipes with as much or as little information as you like. Copy and paste recipes from your existing documents or apps. Catego…"
"1613090960","Kids Meals: Recipes & Guides","Egypt","Africa","52","0","0","0","What parents are saying: Binkbnyy Life Changing “We have grown so much using this app and the tips posted on their Instagram. It’s been life changing for my son. The recipes are regularly updated and added unlike others. It’s also significantly cheaper than other apps on this level. They focus on po…"
"1453511486","Meal Planner: mealplan recipes","Egypt","Africa","53","8","4.75","8","Plan Weekly, Eat Tastefully, Live Healthily Knowing your weekly meal plan ahead of time eliminates impulse eating and poor dietary choices. Reach your weight loss goal faster without calorie counting! Just insert your preferences & fitness goals, and get ready to take the healthy path! FEATURES & RE…"
"1059211083","OrganizEat Recipe Keeper Box","Egypt","Africa","54","4","4.75","4","Streamline your cooking experience with OrganizEat Recipe Keeper. Our all-in-one app is your ultimate recipe organizer, cookbook, and keeper box, packed with features to simplify your culinary journey. Your All-in-One Recipe Organizer, Cookbook, and Keeper Box. No Typing! Snap Photos, Import, Tag, a…"
"297650041","8,500+ Drink Recipes","Egypt","Africa","55","53","4.83019","53","Yes. You heard it right. Free. Over 8,500 Drink & Cocktail recipes at the tap of your fingertips. Now you know what bartenders are putting into your expensive drinks. Drink & Cocktail Recipes databases typically cost hundreds to thousands of dollars. We're giving it away to you for free. Features: *…"
"6449253484","Magic Chef AI Recipe Generator","Egypt","Africa","56","29","4.86207","29","Introducing Magic Chef AI Recipe Generator — ChatGPT 4 Cook & Meal Planner. Cooking healthy and yummy dishes has never been this easy! The AI-based app will revolutionize your culinary adventures and minimize your meal prep time. Magic Chef offers infinite tasty breakfast, lunch, snack and dinner id…"
"6756583556","Eatty: Healthy Cooking Recipes","Egypt","Africa","57","21","4.7619","21","Eatty is an AI powered app for healthy cooking and everyday nutrition. It helps you plan meals track calories and cook balanced food without stress or complicated rules. The app adapts to your lifestyle and preferences so healthy eating feels natural and sustainable. With the help of artificial inte…"
"1079999103","Mealime Meal Plans & Recipes","Egypt","Africa","58","1","5","1","Mealime is a simple way for busy singles, couples, and families to plan their meals and eat healthier. Our meal plans & recipes are highly customizable so you can easily personalize a plan that works with your unique tastes and lifestyle. Join over 5,000,000 people who have used our meal plans to ea…"
"795495986","KptnCook: Cook & Meal Planner","Egypt","Africa","59","2","5","2","""What should I cook today?"" KptnCook answers that question every single day. You get 3 fresh, handpicked recipes daily, curated by nutritionists and chefs, so you spend less time deciding and more time actually cooking. Built for the everyday cook who wants to eat well without the stress. 8M+ users …"
"771068291","Kitchen Stories Easy Recipes","Egypt","Africa","60","358","4.89665","358","Kitchen Stories is your ultimate digital cookbook, recipe keeper, and meal planner for everyday cooking! Discover thousands of chef-tested recipes, get inspired by culinary creators, and learn new cooking techniques step-by-step. Whether you want a quick weekday meal, healthy dinner ideas, or baking…"
"1461650987","Crouton: Recipe Manager","Egypt","Africa","61","7","5","7","Crouton is feature packed recipe organizer & meal planner. The best place to store your favorite recipes from where ever you find them, websites, cookbooks or a handwritten note from your Grandma. IMPORT ANYWHERE Crouton supports importing recipes from almost everywhere! Pull recipes automatically o…"
"6766358272","RecipeLab - Healthy Recipes","Egypt","Africa","62","0","0","0","RecipeLab is the recipe app for people who want to eat healthier without making it complicated. RecipeLab is built around the idea that eating for your goals should feel good, taste great, and actually fit your life. Tell us a little about yourself and we'll match you with delicious recipes that cru…"
"1314325164","foodByMaria: Greek Recipes","Egypt","Africa","63","0","0","0","FoodByMaria is the app for damn good food, Greek family recipes, nourishing weeknight meals, smart meal planning, shopping lists, cooking mode, nutrition tools, and over 1,000 handcrafted recipes from Maria’s kitchen. Whether you’re plant-based, meat-loving, seafood-obsessed, craving something cozy,…"
"1572670746","Little Lunches: Kids Meals","Egypt","Africa","64","0","0","0","Little Lunches helps families save time, reduce mealtime stress, and feed their children with confidence through personalised meal planning, kid-friendly recipes, lunchbox ideas, and feeding guidance designed by paediatric experts. TRUSTED BY 500,000+ FAMILIES • App Store App of the Day in 100+ coun…"
"1454663016","World of Mouth","Egypt","Africa","65","2","4","2","World of Mouth connects you with the world’s best restaurants, recommended by top chefs, food writers, and sommeliers. Whether you’re traveling to a new city or exploring your hometown, discover trusted, insider picks for every meal. LET TOP CHEFS AND FOOD WRITERS GUIDE YOU Over 800 carefully select…"
"1575726528","Cuisinez pour bébé","Egypt","Africa","66","0","0","0","Recevez chaque semaine un nouveau menu pour faire le plein de découvertes culinaires avec votre bébé ! Dans cette application, il y a 2000 recettes pour bébé : - Des purées, - Des goûters, - Des desserts, - Des finger food, - Des batch cooking, - Et des recettes à partager en famille ! Quelle que so…"
"1534576984","Kneady: Bread & Baking Recipes","Egypt","Africa","67","2","5","2","Kneady is the #1 home-baking app, made for bakers of all levels. Discover 600+ award-winning recipes from professional bakers, save your favourite recipes, join a passionate global community & much more. ** About Kneady ** - The #1 bread-baking app, suitable for bakers of all levels - Professional r…"
"396836856","Nutrients - Nutrition Facts","Egypt","Africa","68","7","3.85714","7","Nutrients is nutrition at your fingertips! How much sugar is in an apple? How much potassium is in a banana? Discover nutrition facts on tens of thousands of foods complete with all vitamins, minerals, amino acids, fats, fatty acids, sugars, sterols, and more compounds like caffeine. Nutrients works…"
"959638683","Anova Culinary","Egypt","Africa","69","1","5","1","The Anova family of precision cookers allows everyone to cook like a pro! Paired with the Anova Culinary app, now perfectly cooked restaurant quality meals are as easy as the touch of a button. Browse the largest collection of sous vide recipes by Michelin star chefs and home cooks just like you. Th…"
"1583947369","Pepper - Recipe Organizer","Egypt","Africa","70","2","3","2","Welcome to Pepper, your Social Recipe Organizer! Organize recipes from Instagram, TikTok, Pinterest, recipe blogs, or paste from your Notes! Your favorite recipe organizer, now with friends! * Build Your Cookbook: Pepper is your go-to social cookbook, ready to be accessed by you, your friends/family…"
"1533933692","Secret Menu for Starbucks +","Egypt","Africa","71","43","4.41859","43","Turn your kitchen into your favourite coffee shop. Ever seen a colourful café drink and wondered what’s inside? Secret Menu: Coffee Recipes brings over 600 creative drink recipes straight to your fingertips, so you can discover new flavours and recreate your favourites at home. EXPLORE YOUR NEXT FAV…"
"6475651024","Crumb: Recipe & Dinner Ideas","Egypt","Africa","72","1","5","1","Ever opened your fridge and thought, “What can I make with this?” Crumb is a smart recipe maker that helps you create meals using what you already have — from your fridge, pantry, or grocery list. Whether you’re planning dinner, managing your pantry, or trying to reduce food waste, Crumb simplifies …"
"1476621703","ckbk: discover great cookbooks","Egypt","Africa","73","0","0","0","ckbk offers the world’s best cookbooks, all in one place: • Filter your searches by diet, type of dish, national cuisine, author and more... • Recipes are enhanced with macronutrient data to help you meet your healthy-eating goals • Customize your preferred units (metric or US cups) and dietary filt…"
"1357982522","Total Keto Diet: Low Carb App","Egypt","Africa","74","14","4.85714","14","Total Keto Diet is your go-to keto diet app for low carb recipes, keto meals & exercise tracking. 1000s of delicious keto recipes, calorie & macro tracker, exercise & workout tracking, keto community, custom meal plans tailored around you and your goals, keto diet articles, shopping lists & more low…"
"1472765520","Sidekick by Sorted Food","Egypt","Africa","75","0","0","0","Sidekick - Your Personal Kitchen Sidekick Tired of the same old meals? Let Sidekick solve your dinner dilemma with exciting new recipes, smarter shopping and stress-free cooking. Over 4,000,000 dishes cooked so far… Sidekick is here to simplify your weekly meal planning, making cooking at home easie…"
"1065688036","Keto Diet Recipes","Egypt","Africa","76","7","5","7","Tons of mouthwatering Keto recipes, complete with nutritional information. Features: Tick off ingredients from your list as you shop Mark recipe steps complete as you go Save your favorite recipes Filter recipes by type Terms of use: https://appktchn.com/terms-of-use/"
"6744247431","Food Lens AI: Fitness Recipes","Egypt","Africa","77","0","0","0","Here's what makes Food Lens - Fitness Recipes a must-have tool for your wellness journey: • AI-Powered Food Scanner – Discover healthy recipes from any ingredient within moments! Our cutting-edge AI scanner effortlessly identifies food products and suggests nutritious recipes. Just scan a product, a…"
"775457437","Vegetarian Meal Plan & Recipes","Egypt","Africa","78","0","0","0","Wouldn't it be great getting delicious and well rounded Vegetarian recipes every day of the week? Well that's exactly what you'll get with Vegetarian Meal Plans! Ok so it won't actually make the recipes for you, but it can help you get started eating healthy and tasty vegetarian meals every day of t…"
"859679646","Vegan Meal Plan & Food Recipes","Egypt","Africa","79","0","0","0","Vegan Diet Meal Plan - Go plant based the easy way. **How will the Vegan Diet Meal Plan help you? You’ll get hand-picked meal plans - breakfast, lunch, dinner, and snacks - every week. With the meal plan making all of the right choices, you will thrive with your new healthy lifestyle. Veganism is al…"
"864979091","Jason Vale’s Super Juice Me!","Egypt","Africa","80","0","0","0","OVER 1 MILLION JASON VALE APPS HAVE NOW BEEN SOLD! Super Juice me the 'Ultimate Juice Diet' and has been designed to completely transform your health in just 28 days. Not only will the average person LOSE BETWEEN 20-30LBS on the plan, but it has been shown, in many cases, to help a variety of common…"
"1433840494","RecipeBox - Save Your Recipes!","Egypt","Africa","81","2","4.5","2","Cook with confidence and convenience. RecipeBox is the ultimate recipe organizer and meal planning companion for busy home chefs. Save all your favorite recipes from any website or app – from popular food blogs to Instagram and TikTok posts – and keep them organized in one place. Plan delicious meal…"
"6753148494","Youmeal: Recipe Keeper","Egypt","Africa","82","11","5","11","All your favorite recipes, All your favorite recipes in one simple app Youmeal helps you save and organize every recipe you love — from Instagram, TikTok, Facebook, and more. Build grocery lists, plan your weekly meals, and get instant nutrition facts for any recipe. MAIN FEATURES Save recipes from …"
"486811622","Cocktail Flow - Drink Recipes","Egypt","Africa","83","49","4.7755","49","Cocktail Flow features beautifully presented cocktail recipes with step by step guides and is packed with features you’ll love whether you’re a novice bartender or a professional mixologist. YOUR BAR, YOUR CABINET Mark the cocktail ingredients you have at home in the cabinet page and see what drinks…"
"6758554961","Chopa Chef: Recipe Keeper","Egypt","Africa","84","2","5","2","Chopa makes cooking and eating well effortless. Save recipes from TikTok, Instagram, and YouTube, scan meals for calories, generate recipes from the products you have, and keep everything organized in one digital cookbook. SAVE & ORGANIZE - Import recipes from TikTok/Instagram/YouTube links - Create…"
"6752374123","Recipe Organizer - Recigen","Egypt","Africa","85","3","5","3","Import Recipes in Seconds Bring your favorite recipes into Recigen instantly! Use our AI-powered image recognition to scan printed or handwritten recipes, paste recipe text, or import directly from social sites like Instagram, Facebook, TikTok, and so on. Building your personal cookbook has never be…"
"1150921819","Filtru Coffee: Best Brew Guide","Egypt","Africa","86","20","4.84999","20","Coffee is more than a morning habit. With Filtru, you can brew better coffee at home, learn each method step by step, and repeat your favourite recipes with confidence. Filtru guides you through Espresso, AeroPress, Chemex, Hario V60, Kalita Wave, Moka Pot, French Press, Siphon, Cezve, Vietnamese Ph…"
"1593779280","ReciMe: Recipes & Meal Planner","South Africa","Africa","1","1495","4.76656","1495","The number 1 recipe organizer. ReciMe saves all your favorite recipes in one place, including Instagram, Facebook, TikTok, YouTube and Pinterest. Create grocery lists and meal plans. Calculate calories for every recipe. However you cook, ReciMe helps you do it, better. FEATURES - Save Recipes from I…"
"6670216494","Mob: Meal Planner and Recipes","South Africa","Africa","2","49","4.30612","49","Join 4 million+ home cooks who've made weeknight cooking easy. Plan your week, build your shopping list in a tap, and never cook the same thing twice. Apple App of the Day and featured by Apple. Rated 4.5 stars by our community and loved in the press. Mob turns cooking from a daily scramble into the…"
"1540604002","Pam Fitness & Food","South Africa","Africa","3","48","4.89583","48","THE BASICS: 1.⁠ ⁠Yummy and healthy recipes, using natural ingredients. No artificial sweeteners, etc. 2.⁠ ⁠I love to replace „bad“ ingredients of classic recipes - for example cane sugar or white flour - with more healthy alternatives. Therefore we can still eat dessert. But we get important nutrien…"
"1164423781","Gronda: Recipes for Chefs","South Africa","Africa","4","123","4.85365","123","** Apple’s App of the Day in 120+ Countries ** ** Used by 2M+ Chefs Worldwide ** ""Unlimited amount of inspiration"" — Netflix Superstar Ana Roš Gronda is the #1 app for professional and home chefs. Learn from the world’s best, fine dining recipes, and connect with a global community of culinary exper…"
"409157308","Annabel Karmel Kids Recipes","South Africa","Africa","5","49","4.7755","49","Make feeding your baby, toddler and family easier with Annabel Karmel's multi award-winning recipe app. From first tastes and baby-led weaning to family meals, you'll find expert guidance, practical tools and over 1,500 nutritious recipes all in one place. Millions of families rely on Annabel's reci…"
"911422904","NYT Cooking: Quick Tasty Meals","South Africa","Africa","6","554","4.88989","554","New York Times Cooking has thousands of easy recipes you’ll love to make, from easy weeknight dinners to holiday showstoppers. Editor-curated collections make it easy to find the right recipe, and helpful videos make them fun and simple to cook. With our digital Recipe Box, you can easily save favou…"
"1518078585","Stashcook: Recipe Keeper","South Africa","Africa","7","5","5","5","Stashcook - Meal Planner & Recipe Keeper Stashcook is a simple, thoughtful recipe keeper and meal planner that brings your recipes, weekly plans and shopping into one place. Whether you’re saving ideas from social media or trying to stay organised through the week, Stashcook helps make cooking feel …"
"6766358272","RecipeLab - Healthy Recipes","South Africa","Africa","8","0","0","0","RecipeLab is the recipe app for people who want to eat healthier without making it complicated. RecipeLab is built around the idea that eating for your goals should feel good, taste great, and actually fit your life. Tell us a little about yourself and we'll match you with delicious recipes that cru…"
"1668230011","Two Raw Sisters Recipes","South Africa","Africa","9","0","0","0","Join 250,000 confident home cooks. Recipes you'll actually make, with what you've already got. Start your free 7-day trial. Two Raw Sisters is the food confidence app for people who want to eat well without the stress, the overthinking, or the guilt. No diets. No rules. Just delicious food that work…"
"974683711","Recipe Keeper","South Africa","Africa","10","183","4.83607","183","Recipe Keeper is the easy to use, all-in-one recipe organizer, shopping list and meal planner available across all of your devices. ADD RECIPES QUICKLY AND EASILY Enter your recipes with as much or as little information as you like. Copy and paste recipes from your existing documents or apps. Catego…"
"1488585822","Brewfather","South Africa","Africa","11","21","4.7619","21","Powerful and easy to use tool for your brewing needs. Easily create and manage your recipes. Keep track of all the details in your batches and your ingredients inventory. Brewfather is made from the ground up to give you the best recipe design and brewing experience on both desktop and mobile device…"
"1303222868","Paprika Recipe Manager 3","South Africa","Africa","12","141","4.88652","141","Organize your recipes. Create grocery lists. Plan your meals. Download recipes from your favorite websites. Seamlessly sync to all your devices. Features • Recipes - Download recipes from your favorite websites, or add your own. • Grocery Lists - Create smart grocery lists that automatically combine…"
"1568122827","The Doctor’s Kitchen","South Africa","Africa","13","12","4.83333","12","Take the hassle out of cooking healthy, balanced meals and discover 1000s of doctor-approved, simple delicious, recipes to cook at home. Plan meals with tailored recipe recommendations, personalised to your dietary and health needs. Search high protein meals, freezable recipes and many more categori…"
"1461650987","Crouton: Recipe Manager","South Africa","Africa","14","26","4.69231","26","Crouton is feature packed recipe organizer & meal planner. The best place to store your favorite recipes from where ever you find them, websites, cookbooks or a handwritten note from your Grandma. IMPORT ANYWHERE Crouton supports importing recipes from almost everywhere! Pull recipes automatically o…"
"6778760884","Potto - meal planner","South Africa","Africa","15","0","0","0","Potto turns a few simple choices into a full week of meals — built around your supermarket, your budget, and the way you like to eat. No account, no fuss. Tell Potto your store, your weekly budget, your dietary needs and the gadgets in your kitchen, and it instantly creates a meal plan with recipes,…"
"6748003406","Yoomla・Recipe Keeper & Planner","South Africa","Africa","16","10","4.59999","10","Yoomla – Your Smart Recipe Keeper & Manager Discover, save, and organize all your favorite recipes in one place! Whether you're exploring new dishes or managing your go-to meals, Yoomla makes it easy to keep your culinary inspiration at your fingertips. SEARCH FOR RECIPES Smart Filters – Find recipe…"
"6742467242","Paprika AI: Recipe Manager","South Africa","Africa","17","5","4.2","5","The Recipe Keeper is your Personal Recipe Collection, All in One Place Easily save, organize, and access your favorite recipes anytime, anywhere. From family classics to new discoveries, keep everything neatly stored with photos, tags, and notes — so your perfect meal is always at your fingertips. T…"
"6754413004","TGB: Meal Planner & Recipes","South Africa","Africa","18","0","0","0","Do you buy groceries with a plan, then still feel stuck at dinner time? TGB helps you map out the week first, then builds a grocery list from your plan. Your shopping matches your week menu, so you use what you buy. Save what works and move things around when plans change. Keep recipe ideas in one p…"
"585332633","Cookpad: Recipe Book & Meals","South Africa","Africa","19","100","4.8","100","Not sure what to cook tonight? Cookpad recommends: search by ingredient or by meal across thousands of authentic recipes from a global community of home cooks — all verified by the people who have actually cooked them. WHAT SHALL I COOK TONIGHT? Tell us what's in the fridge and we'll tell you what t…"
"6739286231","Osta: Save & Share Recipes","South Africa","Africa","20","186","4.63978","186","With Osta, you can save & import recipes from Instagram, websites, and TikTok. Organize and cook your favorite recipes in your own personalized recipe box. All your recipes in one place. • Import recipes instantly from Instagram, TikTok, or a website. • Cook using a simple recipe display with no clu…"
"1619509620","Meal Planner & Grocery List","South Africa","Africa","21","15","4.59999","15","Meal Planner & Grocery List by Jojo Apps is the ultimate all-in-one menu organizer, smart meal generator, and recipe keeper. Designed for busy couples and families, this app helps you save time, cut grocery bills, and eat healthier by creating custom meal plans based on your specific diet, allergies…"
"1540196240","BLW Meals: Starting Solids","South Africa","Africa","22","0","0","0","What parents are saying: Iluvpalmtrees Favorite BLW app ""So much free information and excellent examples of what you can feed your little one through all stages. Follow their IG as well for daily tips and videos."" MJ - first time mom Love this app! ""I absolutely love this app and the Instagram page.…"
"6743496454","CookShelf: Search cookbooks","South Africa","Africa","23","1","5","1","Do you love cookbooks? Us, too. That's why we created CookShelf, the app that helps you make the most of your cookbook collection, and cook from the books you already own. Got too much zucchini in the summer, and an excess of cabbage in winter? Or are you just trying to find that one Bolognese recip…"
"6751240213","easyEats – Healthy Recipes","South Africa","Africa","24","5","4.2","5","The ultimate smart assistant for healthy cooking and recipe transformations. easyEats is designed for those who want to eat what they love without compromising their goals. Stop losing your favorite high-protein cookies or low-carb meal preps in your ""Saved"" folders. easyEats lets you import any rec…"
"6446506660","FODMAP & Histamine: InTolerApp","South Africa","Africa","25","0","0","0","Never worry about intolerances, allergies or other dietary restrictions again. You now know in seconds whether you can tolerate a product or not in any situation! No matter whether it's a product, recipe or whatever. ""Perfect and unique app without unnecessary bells and whistles for people with hist…"
"1059211083","OrganizEat Recipe Keeper Box","South Africa","Africa","26","68","4.69118","68","Streamline your cooking experience with OrganizEat Recipe Keeper. Our all-in-one app is your ultimate recipe organizer, cookbook, and keeper box, packed with features to simplify your culinary journey. Your All-in-One Recipe Organizer, Cookbook, and Keeper Box. No Typing! Snap Photos, Import, Tag, a…"
"6794294559","Cake Cost+","South Africa","Africa","27","0","0","0","Stop guessing what your cakes cost. BakeLedger is the all-in-one business app for home bakers, cake decorators, and small bakeries — recipe costing to the cent, smart profit-first pricing, orders, customers, inventory, invoices, and an AI co-pilot that knows your real numbers. Whether you sell cakes…"
"6756591192","Pap Vleis en Alles","South Africa","Africa","28","0","0","0","Welcome to Pap Vleis en Alles, where home cooks and food lovers unite to share their best recipes and cooking tips. What you'll love: Explore dishes from fellow cooks, discover new favourites, and save the ones you'll make again and again. Post your recipes with photos and videos. Show off your sign…"
"985889453","SARIE Kos tydskrif","South Africa","Africa","29","5","5","5","SARIE KOS: it’s a lifestyle and a hearty conversation. We talk food, and the conversation is mouth-watering and proudly South African. It’s for everyone who is inspired by the modern-day Afrikaans style of cooking and entertaining. • 1 year subscription = 199.99 ZAR, automatically renewed until canc…"
"1673078434","Food Recipes, Cooking AL DANTE","South Africa","Africa","30","2","5","2","Cook like a Chef together with Al Dante - your perfect cooking app! Enjoy our collection of insanely delicious recipes, find new meal prep ideas, and transform everyday ingredients into exceptional dishes. Features: USE READY RECIPES: explore our step-by-step recipe text guides to discover the ingre…"
"6714449541","Honeydew: Recipe & Cookbook AI","South Africa","Africa","31","296","4.72297","296","TRANSFORM YOUR COOKING & MEAL PLANNING WITH HONEYDEW The smartest AI-powered recipe, grocery list and meal planning app. Instantly import any recipe with one tap from social media, YouTube cooking videos, Instagram and Facebook Reels, screenshots, notes and websites. Turn food trends into your next …"
"1505065609","Love, Manuela","South Africa","Africa","32","4","5","4","Love, Manuela is a baking app created by Norwegian baker Manuela Kjeilen, known as @passionforbaking. For more than a decade, Manuela has shared her love of baking with people around the world. She has published nine baking books, hosted her own baking show on TV in Sweden, and inspires more than 1.…"
"6479693198","Eatr・AI Healthy Diet Meal Plan","South Africa","Africa","33","485","4.69691","485","Welcome to Eatr - the ultimate companion for everyone from cooking novices to seasoned chefs! Our app is designed to guide you through a culinary adventure tailored just for you. Whether you're pressed for time or looking to indulge in a leisurely cooking spree, Eatr has you covered. Time Management…"
"1472765520","Sidekick by Sorted Food","South Africa","Africa","34","17","4.64706","17","Sidekick - Your Personal Kitchen Sidekick Tired of the same old meals? Let Sidekick solve your dinner dilemma with exciting new recipes, smarter shopping and stress-free cooking. Over 4,000,000 dishes cooked so far… Sidekick is here to simplify your weekly meal planning, making cooking at home easie…"
"1618589011","Pick Up Limes","South Africa","Africa","35","25","5","25","Plan your meals, feel nourished, and eat delicious plant-based food. The Pick Up Limes App brings together nourishing vegan recipes, personalized meal plans, grocery tools, nutrition support, and all your favourite online recipes in one place. Top features • 1800+ plant-based recipes, with new ones …"
"6450664772","Scoolinary: Learn & Cook","South Africa","Africa","36","2","5","2","Scoolinary is the culinary learning app for chefs, entrepreneurs, students, and passionate home cooks. Learn from the world’s best chefs, with 50+ Michelin stars, and access 400+ courses and 3,000 step-by-step video recipes. What you’ll learn •Professional cooking techniques applicable to any dish. …"
"1157455937","Keto Diet Recipes App","South Africa","Africa","37","577","4.6395","577","Embark on a Transformative Keto Journey with Our App! *** Your Ultimate Keto Guide: Curious about the Keto Diet? Explore in-depth insights into Ketosis, different Keto approaches, benefits backed by science, overcoming Keto flu, and more! *** Comprehensive Food Lists: Discover vital lists for your K…"
"1529870663","My Little Food Critic","South Africa","Africa","38","6","3.66667","6","The BEST SELLING My Little Food Critic App is your “go to” for feeding babies, toddlers, kids and the whole family! NEW RECIPES EVERY WEEK Fresh NEW recipes landing every week! Step by step recipe instructions, images and instructional recipe VIDEOS for selected recipes. Easily change cooking units …"
"1314325164","foodByMaria: Greek Recipes","South Africa","Africa","39","1","5","1","FoodByMaria is the app for damn good food, Greek family recipes, nourishing weeknight meals, smart meal planning, shopping lists, cooking mode, nutrition tools, and over 1,000 handcrafted recipes from Maria’s kitchen. Whether you’re plant-based, meat-loving, seafood-obsessed, craving something cozy,…"
"6468674686","Guardian Feast: Daily Recipes","South Africa","Africa","40","30","4.83333","30","With over 7,000 recipes to choose from, find unique flavours, explore different cuisines and expand your usual repertoire, with a 14-day free trial of the Feast app. Or if you are already a Guardian subscriber, sign in to see if Feast is included in your subscription. The Feast app is filled with da…"
"403188971","Pepperplate Cooking Planner","South Africa","Africa","41","0","0","0","Pepperplate is the only app for serious cooks. It has all the tools you need to cook weeknight dinners or host a dinner party for 12. Manage your recipes, create menus, shop with ease and cook like a pro on your iPad and iPhone. Features: * Pepperplate seamlessly manages recipes, menus and shopping …"
"815128988","Pocket Wine Pairing: Sommelier","South Africa","Africa","42","2","5","2","Featured as one of the “Best New Apps” on the App Store! Food and wine pairing has never been so clear, accessible and easy to understand. The app gives you a detailed index of hundreds of meal types, showing you the best matches for different wine styles, grape varieties and blends. A “Do’s & Don’t…"
"1073341917","Recipe Keeper - CookBook","South Africa","Africa","43","39","4.79487","39","Stop screenshotting dinner ideas. CookBook turns recipes from Instagram, TikTok, websites and photos into meals you can plan, shop and cook. CookBook is a smart recipe keeper loved by thousands of home cooks. Save recipes from anywhere, organise them into a private digital cookbook, plan meals, crea…"
"1052988561","Food Monster - Vegan Recipes","South Africa","Africa","44","16","4.0625","16","One Green Planet's Food Monster app gives you once free recipe per day and instant access to 20,000+ plant-based, vegan, meatless, and dairy-free recipes that are sure to satisfy all taste buds! By subscribing to our monthly and yearly subscription options you can unlock our premium features like ac…"
"1133637674","Samsung Food: Meal Planning","South Africa","Africa","45","63","4.84127","63","Samsung Food — The Most Powerful Free Meal Planning App What if your meal planner could do it all — for free? Samsung Food brings you everything you need to plan meals, save recipes, shop smarter, and cook better. All in one place. We help millions of home cooks — from beginners to pros — eat health…"
"1445442810","Fasting Tracker App","South Africa","Africa","46","28","4.89286","28","*** CALORIE-BASED FASTING *** If you’re doing intermittent fasting for 13 hours incl. being active during your fast, will you burn more calories than by just doing intermittent fasting for 16 hours? Find out yourself - with calorie-based fasting: Count how active you are or how much calories you bur…"
"6447513843","Pizza Timer","South Africa","Africa","47","0","0","0","Cook perfect Pizza's with Pizza timer. Up to two Pizza's can be individually timed. Timer indicates when your Pizza needs rotating in the oven. Cooking time and rotating time can be adjusted. During the cooking time extra time can be added easily. Sounds and graphics notify you of pizza rotation and…"
"1079607960","Oh She Glows","South Africa","Africa","48","94","4.75532","94","New York Times bestselling cookbook author Angela Liddon, shares her most popular plant-based recipes from the award-winning recipe blog, OhSheGlows.com, and stunning, vibrant food photography for each recipe. Angela has been creating healthy, veggie-packed recipes for more than 10 years, and she on…"
"6785826413","Snap2Meal","South Africa","Africa","49","2","5","2","Never know what to cook Point your camera at the ingredients you already have and get 3 healthy meal ideas in seconds - complete with step-by-step recipes, nutrition, and beautiful AI-generated photos. HOW IT WORKS - Scan: snap or upload a photo of your ingredients and our AI identifies them. - Gene…"
"6477230784","101 before one","South Africa","Africa","50","0","0","0","Paid Membership to 101 before one required to use our app. Introduce 101 foods through baby-led weaning & family-style meals. Welcome to 101 before one! We are a team of pediatric experts here to help parents introduce solids to their baby through our signature Family Meals from the Start® program, …"
"1562583963","Baking Recipes: Cookie & Cake","South Africa","Africa","51","0","0","0","Grandma always knew how to make tried-and-true baked goods, and these recipes prove it! Feel like a kid again with recipes for cakes, cookies, breads and more with #1 Baking Recipes App. There’s no more joyful way to spend an afternoon than baking. Included: - Cakes - Cookies - Pies - Brownies - Piz…"
"1438567023","Tasty food & Healthy nutrition","South Africa","Africa","52","2","3","2","Wondering what to cook for dinner? Searching for quick and easy breakfasts? Want to impress your guests with something unique? We have a simple solution for you! Get a new recipe every day with a full description of ingredients and steps that are very easy to follow! Search by tags to find exactly w…"
"1525239805","Gluten Morgen","South Africa","Africa","53","9","4.33333","9","Gluten Morgen is the definitive app for home and professional bakers. Calculate baker's percentages, organize your recipes, and learn with the largest Spanish-speaking sourdough community. Created by Ramón Garriga (Gluten Morgen), a world reference in artisan baking and co-author of the book Masa Ma…"
"6761655719","Balanced Roots Nutrition App","South Africa","Africa","54","0","0","0","Stop counting calories. Start hitting your minimums. The Balanced Roots Nutrition App is a dietitian-designed meal planning app built around one simple method: the 90-30-50 method. At least 90g of protein, 30g of fiber and 50g of healthy anti-inflammatory fat every single day. When you consistently …"
"1574776971","Pestle: Recipe Manager","South Africa","Africa","55","24","4.95833","24","Save recipes from Instagram, TikTok, Facebook, YouTube and more with Pestle. IMPORT FROM ANYWHERE Import recipes from anywhere on the internet to Pestle, and keep just the ingredients and steps. Just tap 'Share', and 'Save to my Cookbook'. GUIDED COOKING Turn any recipe into a step-by-step process w…"
"959638683","Anova Culinary","South Africa","Africa","56","26","4.38462","26","The Anova family of precision cookers allows everyone to cook like a pro! Paired with the Anova Culinary app, now perfectly cooked restaurant quality meals are as easy as the touch of a button. Browse the largest collection of sous vide recipes by Michelin star chefs and home cooks just like you. Th…"
"1088859983","Fivesec Health by Alexandra","South Africa","Africa","57","22","4.45455","22","Cook Delicious Plant-Based Meals with Ease! Discover 700+ easy, healthy, and delicious plant-based recipes with the Fivesec Health App — your go-to companion for everyday vegan cooking! Whether you’re fully plant-based or just looking to add more nutritious meals to your routine, this app makes heal…"
"1249805978","MealPrepPro Planner & Recipes","South Africa","Africa","58","279","4.68817","279","Have your meals and groceries planned for you with MealPrepPro. MealPrepPro is a smart meal planner that adapts to your schedule, food preferences and goals. Reach your health goals No more counting calories. Meal plans are automatically adapted to your calorie and macro needs. #1 for Meal Prep Prep…"
"1079999103","Mealime Meal Plans & Recipes","South Africa","Africa","59","295","4.75254","295","Mealime is a simple way for busy singles, couples, and families to plan their meals and eat healthier. Our meal plans & recipes are highly customizable so you can easily personalize a plan that works with your unique tastes and lifestyle. Join over 5,000,000 people who have used our meal plans to ea…"
"6754519159","MealCondo: Nigerian Recipes","South Africa","Africa","60","0","0","0","MealCondo is the Nigerian recipes app for Nigerians home and abroad, with an AI‑powered meal planner that helps you plan what to cook each week. You can plan Nigerian meals, generate shopping lists and cook authentic soups, stew, jollof, and more with video tutorials. INSTANT MEAL SUGGESTIONS - Pers…"
"1217456898","Tasty: Recipes, Cooking Videos","South Africa","Africa","61","4649","4.83846","4649","Welcome to the Tasty App – your ultimate cooking companion, featuring over 10,000 delicious recipes with video, step-by-step cooking mode, personalized recommendations, a thriving community of home chefs, and recipe shopping and seamless checkout. Tasty brings you the best of food and recipe discove…"
"1203173394","Woolworths TASTE","South Africa","Africa","62","35","4.51429","35","TASTE is a multi-platform food brand – at the heart of which is an award-winning magazine with an annual frequency of 11 issues – produced by New Media Publishing for South African retailer, Woolworths. Innovative in design and content, TASTE presents delicious recipes in a beautiful yet accessible …"
"864979091","Jason Vale’s Super Juice Me!","South Africa","Africa","63","3","5","3","OVER 1 MILLION JASON VALE APPS HAVE NOW BEEN SOLD! Super Juice me the 'Ultimate Juice Diet' and has been designed to completely transform your health in just 28 days. Not only will the average person LOSE BETWEEN 20-30LBS on the plan, but it has been shown, in many cases, to help a variety of common…"
"1241057014","Keto Diet App - Macro Tracker","South Africa","Africa","64","25","4.28","25","Ketogenic Diet App - get healthy, feel good, and lose weight. Our app is your ultimate companion in adopting a flexible, low-carb diet for health benefits and weight reduction, combining our successful meal plans with over 200k happy customers! The Keto Diet App is designed to help you realize the h…"
"980368562","FitMenCook - Healthy Recipes","South Africa","Africa","65","52","4.69231","52","Struggle free, healthy recipes that are easy on the wallet. It’s as simple as that, and it’s a message that’s seen over 1 million people follow FitMenCook on social media. Be honest, have you ever heard these complaints about healthy eating? - “Eating healthy is too expensive!” - “It takes too long!…"
"714004506","Official Cookidoo App","South Africa","Africa","66","413","4.83777","413","The Official Thermomix® Cookidoo® App gives you access to the growing universe of mouth-watering Thermomix® Guided Cooking recipes. You pick and choose which recipes go with you wherever you are. Create an account and get cooking! SMART @ HEART Connect to Cookidoo® and access over 100,000 worldwide …"
"410599593","Jason Vale’s 7-Day Juice Diet","South Africa","Africa","67","5","4.59999","5","OVER 1 MILLION JASON VALE APPS HAVE NOW BEEN SOLD! LOSE UP TO 7LBS IN 7 DAYS, gain more energy, sleep better, improve your skin, and set yourself free from the diet trap forever with the most successful juice plan of all time. This 7-day super juice cleanse is the perfect plan for effective, healthy…"
"640670118","BeerSmith Mobile Home Brewing","South Africa","Africa","68","0","0","0","Do you want to create great beer recipes on the go? BeerSmith 3, the world's top selling home brewing software, comes to iPhone/iPad. BeerSmith Mobile gives you all the tools to design, edit and brew your best beer from your phone or tablet. BeerSmith mobile is tightly integrated with our recipe clo…"
"312101965","Epicurious","South Africa","Africa","69","285","4.69474","285","Cook smarter with 50,000+ tested recipes from Epicurious, Bon Appétit, and more. Find easy dinners, healthy meals, and expert cooking guidance - all in one app. Subscribe to the Epicurious in the app, or if you’re already a subscriber, log in for unlimited access to recipes and so much more. THE EPI…"
"1351412313","FullyRaw by Kristina","South Africa","Africa","70","30","4.36667","30","Join the FullyRaw Revolution! FullyRaw by Kristina is the ultimate guide to living a cleaner and healthier lifestyle through the consumption of organic raw foods. Offering over 500 recipes (including juices, smoothies, salads, desserts, and main dishes) with instructional videos, grocery shopping li…"
"617996793","Jason Vale’s 5-Day Juice Diet","South Africa","Africa","71","4","4.5","4","OVER 1 MILLION JASON VALE APPS HAVE NOW BEEN SOLD! LOSE UP TO 5LBS IN 5 DAYS and recharge your body and mind without restricting what you can eat or drink at the weekend. Jason Vale's 5-Day Juice Diet app is a fresh approach to juicing and the ultimate guide to kickstarting rapid, healthy weight los…"
"486811622","Cocktail Flow - Drink Recipes","South Africa","Africa","72","132","4.70455","132","Cocktail Flow features beautifully presented cocktail recipes with step by step guides and is packed with features you’ll love whether you’re a novice bartender or a professional mixologist. YOUR BAR, YOUR CABINET Mark the cocktail ingredients you have at home in the cabinet page and see what drinks…"
"1476621703","ckbk: discover great cookbooks","South Africa","Africa","73","1","4","1","ckbk offers the world’s best cookbooks, all in one place: • Filter your searches by diet, type of dish, national cuisine, author and more... • Recipes are enhanced with macronutrient data to help you meet your healthy-eating goals • Customize your preferred units (metric or US cups) and dietary filt…"
"1224895623","Healthy Air Fryer Recipes","South Africa","Africa","74","59","4.52542","59","Are you one of those who enjoy fried food but also realizes that it is unhealthy? If you are someone who likes to cook food at home but dislikes the oily mess and nasty odors that accompanies cooking. Then this AirFryer Recipes app is for you. Use this app and enjoy healthier AirFryer food, with 70-…"
"294363034","BigOven Recipes & Meal Planner","South Africa","Africa","75","79","4.60759","79","BigOven makes cooking simple. Find inspiration from our library of 1,000,000+ recipes, plan meals, create grocery lists, help reduce food waste and more, all on one device. The BigOven experience includes a range of useful tools and a welcoming home cook community that shares the same passion for be…"
"1669762026","Baby Led Weaning Cookbook","South Africa","Africa","76","35","4.51429","35","Embark on a seamless Baby-Led Weaning Journey with our app: * Discover Baby-Led Weaning: Navigate the world of solids with confidence. Our app is your comprehensive guide, presenting the latest research findings, nutritional insights and tips for safe, joyful weaning. * 1000+ Foods & Recipes: Indulg…"
"466252999","Green Kitchen","South Africa","Africa","77","13","4.30769","13","Regardless if you just want to eat more greens or already are a full time vegetarian - Green Kitchen is the perfect companion in your kitchen or while planning from your sofa. Green Kitchen is filled with tasty and inspiring vegetarian food with ingredients straight from nature and a bare minimum of…"
"1593779280","ReciMe: Recipe Keeper","Australia","Oceania","1","19623","4.74622","19623","The number 1 recipe organizer. ReciMe saves all your favorite recipes in one place, including Instagram, Facebook, TikTok, YouTube and Pinterest. Create grocery lists and meal plans. Calculate calories for every recipe. However you cook, ReciMe helps you do it, better. FEATURES - Save Recipes from I…"
"6777471316","mise - meal planner","Australia","Oceania","2","636","4.56447","636","mise – meal planner Take the stress out of deciding what to eat. mise helps you generate personalised meal plans in seconds based on your dietary preferences, calorie goals, favourite UK supermarkets, budget, and the ingredients you already have at home. Whether you're meal prepping for the week, tr…"
"6670216494","Mob: Meal Planner and Recipes","Australia","Oceania","3","583","4.47856","583","Join 4 million+ home cooks who've made weeknight cooking easy. Plan your week, build your shopping list in a tap, and never cook the same thing twice. Apple App of the Day and featured by Apple. Rated 4.5 stars by our community and loved in the press. Mob turns cooking from a daily scramble into the…"
"1164423781","Gronda: Recipes for Chefs","Australia","Oceania","4","1137","4.73967","1137","** Apple’s App of the Day in 120+ Countries ** ** Used by 2M+ Chefs Worldwide ** ""Unlimited amount of inspiration"" — Netflix Superstar Ana Roš Gronda is the #1 app for professional and home chefs. Learn from the world’s best, fine dining recipes, and connect with a global community of culinary exper…"
"6739286231","Osta: Save & Share Recipes","Australia","Oceania","5","518","4.639","518","With Osta, you can save & import recipes from Instagram, websites, and TikTok. Organize and cook your favorite recipes in your own personalized recipe box. All your recipes in one place. • Import recipes instantly from Instagram, TikTok, or a website. • Cook using a simple recipe display with no clu…"
"409157308","Annabel Karmel Kids Recipes","Australia","Oceania","6","744","4.41532","744","Make feeding your baby, toddler and family easier with Annabel Karmel's multi award-winning recipe app. From first tastes and baby-led weaning to family meals, you'll find expert guidance, practical tools and over 1,500 nutritious recipes all in one place. Millions of families rely on Annabel's reci…"
"911422904","NYT Cooking: Quick Tasty Meals","Australia","Oceania","7","6405","4.87291","6405","New York Times Cooking has thousands of easy recipes you’ll love to make, from easy weeknight dinners to holiday showstoppers. Editor-curated collections make it easy to find the right recipe, and helpful videos make them fun and simple to cook. With our digital Recipe Box, you can easily save favou…"
"1249805978","MealPrepPro Planner & Recipes","Australia","Oceania","8","1490","4.55168","1490","Have your meals and groceries planned for you with MealPrepPro. MealPrepPro is a smart meal planner that adapts to your schedule, food preferences and goals. Reach your health goals No more counting calories. Meal plans are automatically adapted to your calorie and macro needs. #1 for Meal Prep Prep…"
"6744233360","The Butcher Club","Australia","Oceania","9","20","2.2","20","Shop smarter, save more, and enjoy exclusive member benefits with The Butcher Club App! The Butcher Club App gives members access to exclusive specials, premium discounts, and a comprehensive recipe collection. Sign up for free to unlock members only deals, or upgrade to Premium membership for 10% o…"
"6472001316","Good Food","Australia","Oceania","10","198","4.66162","198","Your essential guide to eating in and dining out, the Good Food app delivers thousands of expert recipes, restaurant reviews, tips and advice. Good Food Guide Browse the Good Food Guide from the comfort of your phone with every rating and review just one tap away. Map View Discover top-rated eats in…"
"1668230011","Two Raw Sisters Recipes","Australia","Oceania","11","147","4.85034","147","Join 250,000 confident home cooks. Recipes you'll actually make, with what you've already got. Start your free 7-day trial. Two Raw Sisters is the food confidence app for people who want to eat well without the stress, the overthinking, or the guilt. No diets. No rules. Just delicious food that work…"
"6443792491","Additive-Free Lifestyle","Australia","Oceania","12","105","4.77142","105","Imagine being able to pick up a packet of food, then easily, and quickly, scan the ingredients to detect additives (good or bad!). That is exactly what this app is designed to do! The Additive-Free Lifestyle app will take the guesswork out of ‘what to buy’. In a few seconds you’ll be able to make in…"
"1568122827","The Doctor’s Kitchen","Australia","Oceania","13","219","4.78995","219","Take the hassle out of cooking healthy, balanced meals and discover 1000s of doctor-approved, simple delicious, recipes to cook at home. Plan meals with tailored recipe recommendations, personalised to your dietary and health needs. Search high protein meals, freezable recipes and many more categori…"
"6714449541","Honeydew: Recipe & Cookbook AI","Australia","Oceania","14","141","4.7305","141","TRANSFORM YOUR COOKING & MEAL PLANNING WITH HONEYDEW The smartest AI-powered recipe, grocery list and meal planning app. Instantly import any recipe with one tap from social media, YouTube cooking videos, Instagram and Facebook Reels, screenshots, notes and websites. Turn food trends into your next …"
"974683711","Recipe Keeper","Australia","Oceania","15","2934","4.82447","2934","Recipe Keeper is the easy to use, all-in-one recipe organizer, shopping list and meal planner available across all of your devices. ADD RECIPES QUICKLY AND EASILY Enter your recipes with as much or as little information as you like. Copy and paste recipes from your existing documents or apps. Catego…"
"1518078585","Stashcook: Recipe Keeper","Australia","Oceania","16","268","4.66418","268","Stashcook - Meal Planner & Recipe Keeper Stashcook is a simple, thoughtful recipe keeper and meal planner that brings your recipes, weekly plans and shopping into one place. Whether you’re saving ideas from social media or trying to stay organised through the week, Stashcook helps make cooking feel …"
"6766358272","RecipeLab - Healthy Recipes","Australia","Oceania","17","1","1","1","RecipeLab is the recipe app for people who want to eat healthier without making it complicated. RecipeLab is built around the idea that eating for your goals should feel good, taste great, and actually fit your life. Tell us a little about yourself and we'll match you with delicious recipes that cru…"
"6479693198","Eatr・AI Meal Plan・Diet Recipes","Australia","Oceania","18","1156","4.33303","1156","Welcome to Eatr - the ultimate companion for everyone from cooking novices to seasoned chefs! Our app is designed to guide you through a culinary adventure tailored just for you. Whether you're pressed for time or looking to indulge in a leisurely cooking spree, Eatr has you covered. Time Management…"
"6783742855","NeatEat - Meal Planner","Australia","Oceania","19","5","5","5","Tell NeatEat your store and your weekly food budget. Get a full week of simple meals and a costed shopping list that comes in under it — every time. No spreadsheets, no guesswork, no nasty surprise at the till. HOW IT WORKS (WITH NEATEAT PREMIUM) • Pick your supermarket and set a weekly budget • Get…"
"1618589011","Pick Up Limes","Australia","Oceania","20","126","4.88095","126","Plan your meals, feel nourished, and eat delicious plant-based food. The Pick Up Limes App brings together nourishing vegan recipes, personalized meal plans, grocery tools, nutrition support, and all your favourite online recipes in one place. Top features • 1800+ plant-based recipes, with new ones …"
"6778126199","Whipp: Meal Planner & Recipes","Australia","Oceania","21","0","0","0","With Whipp, no more 6pm ""what's for dinner?"" We sort your meals for the whole week, all in less than a minute Tell Whipp your budget and what you're into, and it plans the week and hands you the grocery list with the total already worked out. No third trip back for the one thing you forgot FEATURES …"
"6778760884","Potto - meal planner","Australia","Oceania","22","7","3.42857","7","Potto turns a few simple choices into a full week of meals — built around your supermarket, your budget, and the way you like to eat. No account, no fuss. Tell Potto your store, your weekly budget, your dietary needs and the gadgets in your kitchen, and it instantly creates a meal plan with recipes,…"
"6754413004","TGB: Meal Planner & Recipes","Australia","Oceania","23","2","5","2","Do you buy groceries with a plan, then still feel stuck at dinner time? TGB helps you map out the week first, then builds a grocery list from your plan. Your shopping matches your week menu, so you use what you buy. Save what works and move things around when plans change. Keep recipe ideas in one p…"
"6743496454","CookShelf","Australia","Oceania","24","60","4.68333","60","Do you love cookbooks? Us, too. That's why we created CookShelf, the app that helps you make the most of your cookbook collection, and cook from the books you already own. Got too much zucchini in the summer, and an excess of cabbage in winter? Or are you just trying to find that one Bolognese recip…"
"6468674686","Guardian Feast: Daily Recipes","Australia","Oceania","25","787","4.74841","787","With over 7,000 recipes to choose from, find unique flavours, explore different cuisines and expand your usual repertoire, with a 14-day free trial of the Feast app. Or if you are already a Guardian subscriber, sign in to see if Feast is included in your subscription. The Feast app is filled with da…"
"6757780020","Little Vegan Eats","Australia","Oceania","26","10","5","10","PLAN VEGAN FAMILY MEALS WITH CONFIDENCE Little Vegan Eats helps parents cook nourishing, family-friendly, plant-based meals without the stress of planning separate food for babies, toddlers, or adults. Discover simple vegan recipes, generate weekly meal plans, track your child’s food journey, and au…"
"1303222868","Paprika Recipe Manager 3","Australia","Oceania","27","5335","4.84649","5335","Organize your recipes. Create grocery lists. Plan your meals. Download recipes from your favorite websites. Seamlessly sync to all your devices. Features • Recipes - Download recipes from your favorite websites, or add your own. • Grocery Lists - Create smart grocery lists that automatically combine…"
"6443578246","Deglaze: Cooking, Simplified","Australia","Oceania","28","462","4.8658","462","Deglaze is built for people that love to cook. It simplifies your life by making it easy to get all of your recipes in one place and to create organized grocery lists in seconds. A fully featured free version is included, and you can optionally upgrade to Deglaze Pro—an auto-renewing subscription th…"
"1580297037","Brewer's Friend","Australia","Oceania","29","1","5","1","Brewer's Friend is the complete homebrewing toolkit: design a recipe, brew it, track fermentation, and dial in the next batch. Easy enough for your first extract kit, powerful enough for all-grain and BIAB. DESIGN BETTER RECIPES • Full recipe builder for all grain, BIAB, extract, and partial mash • …"
"959638683","Anova Culinary","Australia","Oceania","30","1262","4.39699","1262","The Anova family of precision cookers allows everyone to cook like a pro! Paired with the Anova Culinary app, now perfectly cooked restaurant quality meals are as easy as the touch of a button. Browse the largest collection of sous vide recipes by Michelin star chefs and home cooks just like you. Th…"
"340368403","Cookpad Recipes","Australia","Oceania","31","766","4.81984","766","Not sure what to cook tonight? Cookpad recommends: search by ingredient or by dish across thousands of authentic recipes from a global community of home cooks — all verified by the people who have actually cooked them. WHAT SHOULD I COOK TONIGHT? Tell us what's in the fridge and we'll tell you what …"
"1073341917","Recipe Keeper - CookBook","Australia","Oceania","32","749","4.72096","749","Stop screenshotting dinner ideas. CookBook turns recipes from Instagram, TikTok, websites and photos into meals you can plan, shop and cook. CookBook is a smart recipe keeper loved by thousands of home cooks. Save recipes from anywhere, organise them into a private digital cookbook, plan meals, crea…"
"6763285941","Plate Planner: Meal Planner","Australia","Oceania","33","9","4.77778","9","Cut your grocery bill. Stop wasting food. Plate Planner builds your entire week of meals, shopping lists, and macros — automatically. No tracking. No effort. No guesswork. WHAT IT DOES Plate Planner is a smart meal planning system designed to save you money, reduce food waste, and remove the daily s…"
"1540196240","BLW Meals: Starting Solids","Australia","Oceania","34","53","4.33962","53","What parents are saying: Iluvpalmtrees Favorite BLW app ""So much free information and excellent examples of what you can feed your little one through all stages. Follow their IG as well for daily tips and videos."" MJ - first time mom Love this app! ""I absolutely love this app and the Instagram page.…"
"1488585822","Brewfather","Australia","Oceania","35","388","4.90463","388","Powerful and easy to use tool for your brewing needs. Easily create and manage your recipes. Keep track of all the details in your batches and your ingredients inventory. Brewfather is made from the ground up to give you the best recipe design and brewing experience on both desktop and mobile device…"
"1574776971","Pestle: Recipe Manager","Australia","Oceania","36","261","4.69349","261","Save recipes from Instagram, TikTok, Facebook, YouTube and more with Pestle. IMPORT FROM ANYWHERE Import recipes from anywhere on the internet to Pestle, and keep just the ingredients and steps. Just tap 'Share', and 'Save to my Cookbook'. GUIDED COOKING Turn any recipe into a step-by-step process w…"
"1669762026","Baby Led Weaning App","Australia","Oceania","37","85","4.43529","85","Embark on a seamless Baby-Led Weaning Journey with our app: * Discover Baby-Led Weaning: Navigate the world of solids with confidence. Our app is your comprehensive guide, presenting the latest research findings, nutritional insights and tips for safe, joyful weaning. * 1000+ Foods & Recipes: Indulg…"
"6758808679","CookFlic: Recipe Organizer","Australia","Oceania","38","0","0","0","CookFlic keeps every recipe you care about in one clean library, and helps you actually cook it. CAPTURE FROM ANYWHERE • Paste any recipe link, sites with recipe data import free • Share a TikTok or YouTube cooking video from the share sheet • Snap a photo of a cookbook page or handwritten card • Im…"
"6749500813","RecipeSnap: Recipe Saver","Australia","Oceania","39","40","4.72499","40","The number 1 recipe organizer. RecipeSnap keeps all your favorite recipes in one place, effortlessly importing from Instagram, TikTok, Facebook, YouTube, and the Web. As the ultimate recipe keeper, it allows you to create grocery lists, design meal plans, and even calculate calories for every dish y…"
"1529870663","My Little Food Critic","Australia","Oceania","40","31","4","31","The BEST SELLING My Little Food Critic App is your “go to” for feeding babies, toddlers, kids and the whole family! NEW RECIPES EVERY WEEK Fresh NEW recipes landing every week! Step by step recipe instructions, images and instructional recipe VIDEOS for selected recipes. Easily change cooking units …"
"1472765520","Sidekick by Sorted Food","Australia","Oceania","41","60","4.46666","60","Sidekick - Your Personal Kitchen Sidekick Tired of the same old meals? Let Sidekick solve your dinner dilemma with exciting new recipes, smarter shopping and stress-free cooking. Over 4,000,000 dishes cooked so far… Sidekick is here to simplify your weekly meal planning, making cooking at home easie…"
"585332633","Cookpad: Recipe Book & Meals","Australia","Oceania","42","653","4.72129","653","Not sure what to cook tonight? Cookpad recommends: search by ingredient or by meal across thousands of authentic recipes from a global community of home cooks — all verified by the people who have actually cooked them. WHAT SHALL I COOK TONIGHT? Tell us what's in the fridge and we'll tell you what t…"
"1457398900","Fussy Vegan Pro","Australia","Oceania","43","1126","4.84902","1126","Our #1 Vegan app. Finding vegan products has never been easier with our Fussy Vegan Pro app. Key Features: * Scan the barcode on grocery and other products to check whether that product is vegan or not (Australia and New Zealand only). * Largest and most extensive database of Australia and New Zeala…"
"419098758","Food Intolerances","Australia","Oceania","44","239","4.59414","239","■ Latest Awards • Healthline.com: Best Allergy Apps of the Year 2020 • Focus Money 2019: ""Best App"" in the health category • MeinAllergiePortal – Digital Health Heroes Award 2018 & 2021 The app Food Intolerances helps you if you have to stick to a restricted diet after being diagnosed with food into…"
"714004506","Official Cookidoo App","Australia","Oceania","45","69853","4.84307","69853","The Official Thermomix® Cookidoo® App gives you access to the growing universe of mouth-watering Thermomix® Guided Cooking recipes. You pick and choose which recipes go with you wherever you are. Create an account and get cooking! SMART @ HEART Connect to Cookidoo® and access over 100,000 worldwide …"
"6779701143","Daily Bite: Save Recipes","Australia","Oceania","46","1","5","1","Every other recipe app starts empty. Start your free trial and Daily Bite opens with 500+ high-protein recipes from real chefs, ready to cook on day one. Then it saves every recipe you find, from Instagram, TikTok, a screenshot, or almost any site, so you finally cook the ones you have been saving. …"
"1351412313","FullyRaw by Kristina","Australia","Oceania","47","182","4.68681","182","Join the FullyRaw Revolution! FullyRaw by Kristina is the ultimate guide to living a cleaner and healthier lifestyle through the consumption of organic raw foods. Offering over 500 recipes (including juices, smoothies, salads, desserts, and main dishes) with instructional videos, grocery shopping li…"
"6752374123","Recipe Organizer - Recigen","Australia","Oceania","48","0","0","0","Import Recipes in Seconds Bring your favorite recipes into Recigen instantly! Use our AI-powered image recognition to scan printed or handwritten recipes, paste recipe text, or import directly from social sites like Instagram, Facebook, TikTok, and so on. Building your personal cookbook has never be…"
"1514053992","Pregnancy Diet: Food & Recipes","Australia","Oceania","49","86","4.27907","86","What are the best recipes? Is there a particular snack for my morning sickness? Find answers about diet and pregnancy with this very complete app. All content written by certified nutritionists. Monitor your diet and find healthy alternatives for bad foods. Save healthy recipes for your pregnancy an…"
"6749602635","Provecho","Australia","Oceania","50","1","5","1","Warning: Downloading this app will make you never want to cook from a blog again. Provecho requires a paid subscription. Subscribe to unlock over 10,000 recipes from some of the most prolific chefs and cooking creators online including: @breadbakebeyond, @tylergrowthlife, @itsvegansis, @cheffinwithz…"
"6449541193","Food For Fitness: Easy Recipes","Australia","Oceania","51","20","4.9","20","Scott Baptie’s Food For Fitness is your ultimate high-protein recipe app — perfect for busy families, fitness enthusiasts, or anyone who wants to eat healthier and enjoy meals that taste great. ► TRANSFORM YOUR MEALS Say goodbye to boring chicken, kale and brown rice. With over 500+ high-protein rec…"
"6781115874","MyRecipes: Recipe Keeper","Australia","Oceania","52","0","0","0","All your recipes in one place, finally. If your recipes live in screenshots, browser bookmarks, a stack of cookbooks and your mum's handwriting, MyRecipes sorts that out. Paste a link from almost any recipe site (Instagram and TikTok posts work too) and it gets pulled apart into proper ingredients, …"
"1088859983","Fivesec Health by Alexandra","Australia","Oceania","53","105","4.86667","105","Cook Delicious Plant-Based Meals with Ease! Discover 700+ easy, healthy, and delicious plant-based recipes with the Fivesec Health App — your go-to companion for everyday vegan cooking! Whether you’re fully plant-based or just looking to add more nutritious meals to your routine, this app makes heal…"
"6766764371","RecipeRun: Meal & Grocery List","Australia","Oceania","54","5","5","5","Plan the week and shop together — one meal plan and one live grocery list on every phone. No ads, no account registration required to start, and no forced trial. Everything for your own kitchen is free, straight away: save recipes, plan meals, and build shopping lists without signing in. RecipeRun P…"
"1059211083","OrganizEat Recipe Keeper Box","Australia","Oceania","55","682","4.78152","682","Streamline your cooking experience with OrganizEat Recipe Keeper. Our all-in-one app is your ultimate recipe organizer, cookbook, and keeper box, packed with features to simplify your culinary journey. Your All-in-One Recipe Organizer, Cookbook, and Keeper Box. No Typing! Snap Photos, Import, Tag, a…"
"1461650987","Crouton: Recipe Manager","Australia","Oceania","56","386","4.78756","386","Crouton is feature packed recipe organizer & meal planner. The best place to store your favorite recipes from where ever you find them, websites, cookbooks or a handwritten note from your Grandma. IMPORT ANYWHERE Crouton supports importing recipes from almost everywhere! Pull recipes automatically o…"
"1583957001","Biotiful App: tu cocina fácil","Australia","Oceania","57","0","0","0","Biotiful App es la cocina que se adapta a ti. No es solo recetas: es alivio mental y acompañamiento en la cocina. Recetas fáciles, menús flexibles y herramientas que hacen que cocinar no se sienta como una tarea más. Ideas cuando te faltan, estructura cuando la necesitas y flexibilidad siempre. Pens…"
"1505065609","Love, Manuela","Australia","Oceania","58","36","4.22222","36","Love, Manuela is a baking app created by Norwegian baker Manuela Kjeilen, known as @passionforbaking. For more than a decade, Manuela has shared her love of baking with people around the world. She has published nine baking books, hosted her own baking show on TV in Sweden, and inspires more than 1.…"
"6740270378","Recipe Notes - My Cookbook","Australia","Oceania","59","35","4.74286","35","Your favourite recipes are scattered everywhere — bookmarks, screenshots, DMs. Not anymore. Save them from TikTok, Instagram, Pinterest, or any website in one tap, and keep them organised in your own clean, searchable cookbook. Loved by home cooks across the UK, Ireland, Australia, and New Zealand —…"
"6448680829","FODMAP Coach - Diet Foods","Australia","Oceania","60","4","4.5","4","Introducing FODMAP Coach - Diet Foods, your ultimate guide to managing IBS and other digestive disorders with ease. The FODMAP diet is an eating plan designed to help manage digestive symptoms, particularly in people with irritable bowel syndrome (IBS). Unlock the power of over 400+ low FODMAP food …"
"1572826611","SO VEGAN: Healthy Recipes","Australia","Oceania","61","97","4.89691","97","Do you want to transform your diet and eat more plants, but don’t know where to start? Welcome to the SO VEGAN App - a celebration of delicious plant-based cooking. With over 700 easy and healthy plant-based recipes, you’ll find something for everyone. Whether you’re searching for a quick lunch, a n…"
"1433840494","RecipeBox - Save Your Recipes!","Australia","Oceania","62","347","4.55619","347","Cook with confidence and convenience. RecipeBox is the ultimate recipe organizer and meal planning companion for busy home chefs. Save all your favorite recipes from any website or app – from popular food blogs to Instagram and TikTok posts – and keep them organized in one place. Plan delicious meal…"
"1145744773","Vegetarian Meal Plan: Plateful","Australia","Oceania","63","1015","4.02463","1015","Lifestyle now a days make it hard to have home Cooked nutritious and Delicious food. We just never seem to have the time and turn to ready made food as an alternative. This is were Super Vegetables Recipes can in to the Action. With minimum preparation And Cook Time you can cook and learn easy And h…"
"6769601354","TapCook: Budget Meal Plans","Australia","Oceania","64","0","0","0","1. Enter your ZIP and pick the grocery store you actually shop at 2. Tell us how many you're feeding, which nights you cook, and what you want to spend 3. Get a week of dinners and one grocery list, totalled at your store TapCook plans your dinners for the week and tells you what the groceries will …"
"1364814735","AZ Juice Recipes","Australia","Oceania","65","0","0","0","A to Z Juice Recipes::- A to Z Juice Recipes is one of the fastest and easiest ways to improve your overall health through better nutrition and lose weight. easy-to-prepare recipes. From Joe Cross, star of the inspiring weight loss documentary, ""Fat, Sick & Nearly Dead"" and New York Times best-selli…"
"6782744434","Cook - Recipes made simple","Australia","Oceania","66","0","0","0","Your personal recipe library and hands-free cooking companion. Save recipes from Instagram, TikTok, YouTube, or a photo — AI turns them into clean, step-by-step recipes you can cook along with. IMPORT FROM ANYWHERE - Share to Cook from Instagram, TikTok, YouTube, Safari, or any app — your recipe is …"
"486811622","Cocktail Flow - Drink Recipes","Australia","Oceania","67","1440","4.69236","1440","Cocktail Flow features beautifully presented cocktail recipes with step by step guides and is packed with features you’ll love whether you’re a novice bartender or a professional mixologist. YOUR BAR, YOUR CABINET Mark the cocktail ingredients you have at home in the cabinet page and see what drinks…"
"403188971","Pepperplate Cooking Planner","Australia","Oceania","68","3","3.66667","3","Pepperplate is the only app for serious cooks. It has all the tools you need to cook weeknight dinners or host a dinner party for 12. Manage your recipes, create menus, shop with ease and cook like a pro on your iPad and iPhone. Features: * Pepperplate seamlessly manages recipes, menus and shopping …"
"6738133941","Whisk: Recipe Keeper & Planner","Australia","Oceania","69","19","4.73684","19","The best app to save recipes from Instagram, TikTok, Facebook, YouTube, blogs & more! Whisk is your all-in-one recipe manager that makes cooking easier, faster, and more fun. Save recipes from social media, websites, or your own photos, and turn them into clear, step-by-step cooking instructions. In…"
"6774185280","Gustino: Recipe & Meal Planner","Australia","Oceania","70","3","5","3","Gustino turns the recipes you find online into a clean, organized collection you'll actually use. SAVE RECIPES FROM ANYWHERE See a recipe on Instagram, TikTok, Pinterest, YouTube, Facebook, or any recipe website? Share it to Yumlog and our AI instantly pulls out the ingredients and step-by-step inst…"
"1575726528","Cuisinez pour bébé","Australia","Oceania","71","4","5","4","Recevez chaque semaine un nouveau menu pour faire le plein de découvertes culinaires avec votre bébé ! Dans cette application, il y a 2000 recettes pour bébé : - Des purées, - Des goûters, - Des desserts, - Des finger food, - Des batch cooking, - Et des recettes à partager en famille ! Quelle que so…"
"6450664772","Scoolinary: Learn & Cook","Australia","Oceania","72","14","4.64286","14","Scoolinary is the culinary learning app for chefs, entrepreneurs, students, and passionate home cooks. Learn from the world’s best chefs, with 50+ Michelin stars, and access 400+ courses and 3,000 step-by-step video recipes. What you’ll learn •Professional cooking techniques applicable to any dish. …"
"1541820377","Make Me A Cocktail","Australia","Oceania","73","255","4.64314","255","Make A Cocktail is the official app from Make Me A Cocktail — the world's greatest online cocktail resource, with over 3,500 recipes and a global community of home bar enthusiasts. Now with hands-free, step-by-step voice guidance, photo-scan your bar, and live AI advice from Cocktail Colin & Cocktai…"
"1598423213","Just the Recipe: Cook smarter","Australia","Oceania","74","99","4.83838","99","Cook more, scroll less. JustTheRecipe pulls the recipe out of any page. No life stories, no ad walls, no endless scrolling. Just ingredients, steps, and the details you need to cook. PASTE OR SHARE A LINK Paste a URL or share straight from your browser, TikTok, Instagram, or any app with a share but…"
"6775398202","Burcina: Your Own Sous Chef","Australia","Oceania","75","2","5","2","Burcina is your personal culinary companion — part recipe creator, part sous chef, part meal planner. Tell it what you're craving, what's in your fridge, or snap a photo of ingredients, and it creates recipes worth cooking from scratch. SNAP & COOK Take a photo of ingredients on your counter or a di…"
"374405599","Gourmet Traveller","Australia","Oceania","76","740","4.55811","740","Discover the world of gastronomy with Gourmet Traveller, the premier Australian digital magazine for food lovers and culinary explorers. Our app brings you the latest in gourmet trends, delicious recipes, restaurant reviews, and travel experiences, all designed to elevate your dining and cooking adv…"
"1668230011","Two Raw Sisters Recipes","New Zealand","Oceania","1","1234","4.8517","1234","Join 250,000 confident home cooks. Recipes you'll actually make, with what you've already got. Start your free 7-day trial. Two Raw Sisters is the food confidence app for people who want to eat well without the stress, the overthinking, or the guilt. No diets. No rules. Just delicious food that work…"
"1593779280","ReciMe: Recipe Keeper","New Zealand","Oceania","2","3040","4.69704","3040","The number 1 recipe organizer. ReciMe saves all your favorite recipes in one place, including Instagram, Facebook, TikTok, YouTube and Pinterest. Create grocery lists and meal plans. Calculate calories for every recipe. However you cook, ReciMe helps you do it, better. FEATURES - Save Recipes from I…"
"6670216494","Mob: Meal Planner and Recipes","New Zealand","Oceania","3","99","4.37374","99","Join 4 million+ home cooks who've made weeknight cooking easy. Plan your week, build your shopping list in a tap, and never cook the same thing twice. Apple App of the Day and featured by Apple. Rated 4.5 stars by our community and loved in the press. Mob turns cooking from a daily scramble into the…"
"1073341917","Recipe Keeper - CookBook","New Zealand","Oceania","4","113","4.84956","113","Stop screenshotting dinner ideas. CookBook turns recipes from Instagram, TikTok, websites and photos into meals you can plan, shop and cook. CookBook is a smart recipe keeper loved by thousands of home cooks. Save recipes from anywhere, organise them into a private digital cookbook, plan meals, crea…"
"6449961549","ChefGPT: AI Calories Tracker","New Zealand","Oceania","5","7","4.42856","7","HOW TO USE CHEFGPT: 1) Answer lifestyle questions to build your tailored plan 2) Create recipes and meal plans with ChefGPT’s advanced AI models: a. PantryChef – Open PantryChef, select the ingredients you have on hand – Tap “Generate” to see AI-crafted recipes that use exactly what’s in your pantry…"
"911422904","NYT Cooking: Quick Tasty Meals","New Zealand","Oceania","6","1081","4.88159","1081","New York Times Cooking has thousands of easy recipes you’ll love to make, from easy weeknight dinners to holiday showstoppers. Editor-curated collections make it easy to find the right recipe, and helpful videos make them fun and simple to cook. With our digital Recipe Box, you can easily save favou…"
"1164423781","Gronda: Recipes for Chefs","New Zealand","Oceania","7","157","4.72611","157","** Apple’s App of the Day in 120+ Countries ** ** Used by 2M+ Chefs Worldwide ** ""Unlimited amount of inspiration"" — Netflix Superstar Ana Roš Gronda is the #1 app for professional and home chefs. Learn from the world’s best, fine dining recipes, and connect with a global community of culinary exper…"
"6777471316","mise - meal planner","New Zealand","Oceania","8","17","3.82353","17","mise – meal planner Take the stress out of deciding what to eat. mise helps you generate personalised meal plans in seconds based on your dietary preferences, calorie goals, favourite UK supermarkets, budget, and the ingredients you already have at home. Whether you're meal prepping for the week, tr…"
"6757780020","Little Vegan Eats","New Zealand","Oceania","9","1","5","1","PLAN VEGAN FAMILY MEALS WITH CONFIDENCE Little Vegan Eats helps parents cook nourishing, family-friendly, plant-based meals without the stress of planning separate food for babies, toddlers, or adults. Discover simple vegan recipes, generate weekly meal plans, track your child’s food journey, and au…"
"974683711","Recipe Keeper","New Zealand","Oceania","10","437","4.82151","437","Recipe Keeper is the easy to use, all-in-one recipe organizer, shopping list and meal planner available across all of your devices. ADD RECIPES QUICKLY AND EASILY Enter your recipes with as much or as little information as you like. Copy and paste recipes from your existing documents or apps. Catego…"
"6739286231","Osta: Save & Share Recipes","New Zealand","Oceania","11","95","4.55789","95","With Osta, you can save & import recipes from Instagram, websites, and TikTok. Organize and cook your favorite recipes in your own personalized recipe box. All your recipes in one place. • Import recipes instantly from Instagram, TikTok, or a website. • Cook using a simple recipe display with no clu…"
"6737542752","WeChef - Recipe Journal","New Zealand","Oceania","12","32","4.21875","32","DISCOVER WECHEF: YOUR ALL-IN-ONE RECIPE & MEAL COMPANION WeChef transforms the way you cook, plan, and explore new dishes. From turning leftovers into something exciting, to saving recipes from the web, or organizing meals for special occasions – WeChef makes cooking easier, more fun, and stress-fre…"
"409157308","Annabel Karmel Kids Recipes","New Zealand","Oceania","13","40","4.75","40","Make feeding your baby, toddler and family easier with Annabel Karmel's multi award-winning recipe app. From first tastes and baby-led weaning to family meals, you'll find expert guidance, practical tools and over 1,500 nutritious recipes all in one place. Millions of families rely on Annabel's reci…"
"6479693198","Eatr・AI Meal Plan・Diet Recipes","New Zealand","Oceania","14","213","4.43192","213","Welcome to Eatr - the ultimate companion for everyone from cooking novices to seasoned chefs! Our app is designed to guide you through a culinary adventure tailored just for you. Whether you're pressed for time or looking to indulge in a leisurely cooking spree, Eatr has you covered. Time Management…"
"1059211083","OrganizEat Recipe Keeper Box","New Zealand","Oceania","15","79","4.78481","79","Streamline your cooking experience with OrganizEat Recipe Keeper. Our all-in-one app is your ultimate recipe organizer, cookbook, and keeper box, packed with features to simplify your culinary journey. Your All-in-One Recipe Organizer, Cookbook, and Keeper Box. No Typing! Snap Photos, Import, Tag, a…"
"1303222868","Paprika Recipe Manager 3","New Zealand","Oceania","16","564","4.82624","564","Organize your recipes. Create grocery lists. Plan your meals. Download recipes from your favorite websites. Seamlessly sync to all your devices. Features • Recipes - Download recipes from your favorite websites, or add your own. • Grocery Lists - Create smart grocery lists that automatically combine…"
"959638683","Anova Culinary","New Zealand","Oceania","17","146","4.41096","146","The Anova family of precision cookers allows everyone to cook like a pro! Paired with the Anova Culinary app, now perfectly cooked restaurant quality meals are as easy as the touch of a button. Browse the largest collection of sous vide recipes by Michelin star chefs and home cooks just like you. Th…"
"6748003406","Yoomla・Recipe Keeper & Planner","New Zealand","Oceania","18","9","4.44444","9","Yoomla – Your Smart Recipe Keeper & Manager Discover, save, and organize all your favorite recipes in one place! Whether you're exploring new dishes or managing your go-to meals, Yoomla makes it easy to keep your culinary inspiration at your fingertips. SEARCH FOR RECIPES Smart Filters – Find recipe…"
"340368403","Cookpad Recipes","New Zealand","Oceania","19","163","4.76687","163","Not sure what to cook tonight? Cookpad recommends: search by ingredient or by dish across thousands of authentic recipes from a global community of home cooks — all verified by the people who have actually cooked them. WHAT SHOULD I COOK TONIGHT? Tell us what's in the fridge and we'll tell you what …"
"6468674686","Guardian Feast: Daily Recipes","New Zealand","Oceania","20","202","4.85644","202","With over 7,000 recipes to choose from, find unique flavours, explore different cuisines and expand your usual repertoire, with a 14-day free trial of the Feast app. Or if you are already a Guardian subscriber, sign in to see if Feast is included in your subscription. The Feast app is filled with da…"
"1618589011","Pick Up Limes","New Zealand","Oceania","21","20","5","20","Plan your meals, feel nourished, and eat delicious plant-based food. The Pick Up Limes App brings together nourishing vegan recipes, personalized meal plans, grocery tools, nutrition support, and all your favourite online recipes in one place. Top features • 1800+ plant-based recipes, with new ones …"
"1249805978","MealPrepPro Planner & Recipes","New Zealand","Oceania","22","107","4.60748","107","Have your meals and groceries planned for you with MealPrepPro. MealPrepPro is a smart meal planner that adapts to your schedule, food preferences and goals. Reach your health goals No more counting calories. Meal plans are automatically adapted to your calorie and macro needs. #1 for Meal Prep Prep…"
"6754413004","TGB: Meal Planner & Recipes","New Zealand","Oceania","23","0","0","0","Do you buy groceries with a plan, then still feel stuck at dinner time? TGB helps you map out the week first, then builds a grocery list from your plan. Your shopping matches your week menu, so you use what you buy. Save what works and move things around when plans change. Keep recipe ideas in one p…"
"926211004","NoWaste: Food Inventory List","New Zealand","Oceania","24","13","4.53846","13","Easily track, organize and manage the food in your home. With inventory lists for your freezer, fridge and pantry, you can check what food you have left, see what needs using first, get reminded before things expire, create a shopping list, plan your meals, avoid buying what you already own, reduce …"
"1568122827","The Doctor’s Kitchen","New Zealand","Oceania","25","50","4.74","50","Take the hassle out of cooking healthy, balanced meals and discover 1000s of doctor-approved, simple delicious, recipes to cook at home. Plan meals with tailored recipe recommendations, personalised to your dietary and health needs. Search high protein meals, freezable recipes and many more categori…"
"1669762026","Baby Led Weaning App","New Zealand","Oceania","26","8","4.625","8","Embark on a seamless Baby-Led Weaning Journey with our app: * Discover Baby-Led Weaning: Navigate the world of solids with confidence. Our app is your comprehensive guide, presenting the latest research findings, nutritional insights and tips for safe, joyful weaning. * 1000+ Foods & Recipes: Indulg…"
"1583947369","Pepper - Recipe Organizer","New Zealand","Oceania","27","5","5","5","Welcome to Pepper, your Social Recipe Organizer! Organize recipes from Instagram, TikTok, Pinterest, recipe blogs, or paste from your Notes! Your favorite recipe organizer, now with friends! * Build Your Cookbook: Pepper is your go-to social cookbook, ready to be accessed by you, your friends/family…"
"6807519703","Sourdough Tracker: Fermento","New Zealand","Oceania","28","0","0","0","Your sourdough starter is alive. Fermento treats it that way. Klaus — or whatever you name yours — has a face. Leave him too long and he looks hungry. Feed him and he beams. It sounds silly right up until you realise you haven't killed a starter in months. A PHOTO INSTEAD OF A GUESS Hold the jar up …"
"6743496454","CookShelf","New Zealand","Oceania","29","20","4.65","20","Do you love cookbooks? Us, too. That's why we created CookShelf, the app that helps you make the most of your cookbook collection, and cook from the books you already own. Got too much zucchini in the summer, and an excess of cabbage in winter? Or are you just trying to find that one Bolognese recip…"
"6443792491","Additive-Free Lifestyle","New Zealand","Oceania","30","3","4","3","Imagine being able to pick up a packet of food, then easily, and quickly, scan the ingredients to detect additives (good or bad!). That is exactly what this app is designed to do! The Additive-Free Lifestyle app will take the guesswork out of ‘what to buy’. In a few seconds you’ll be able to make in…"
"1088859983","Fivesec Health by Alexandra","New Zealand","Oceania","31","21","4.95238","21","Cook Delicious Plant-Based Meals with Ease! Discover 700+ easy, healthy, and delicious plant-based recipes with the Fivesec Health App — your go-to companion for everyday vegan cooking! Whether you’re fully plant-based or just looking to add more nutritious meals to your routine, this app makes heal…"
"1597523594","Umami - Recipe Manager","New Zealand","Oceania","32","7","5","7","Umami is a beautifully designed app to collect, organize, and share recipes from any device. Collaborate Create a recipe book of your favorite family recipes and invite your family members to work on it with you. Or, start a recipe book with a friend so you can share the pastries and desserts you've…"
"1514053992","Pregnancy Diet: Food & Recipes","New Zealand","Oceania","33","18","4.05556","18","What are the best recipes? Is there a particular snack for my morning sickness? Find answers about diet and pregnancy with this very complete app. All content written by certified nutritionists. Monitor your diet and find healthy alternatives for bad foods. Save healthy recipes for your pregnancy an…"
"1280464759","Mixel - Cocktail Recipes","New Zealand","Oceania","34","19","4.68421","19","What cocktails can you make right now? Tell Mixel what's in your bar, and instantly see every drink you can mix, from the classic to modern craft cocktails. Whether you're a home bartender, mixology enthusiast, or just hosting friends, Mixel turns your ingredients into perfectly crafted drinks. WHAT…"
"1472765520","Sidekick by Sorted Food","New Zealand","Oceania","35","8","4.375","8","Sidekick - Your Personal Kitchen Sidekick Tired of the same old meals? Let Sidekick solve your dinner dilemma with exciting new recipes, smarter shopping and stress-free cooking. Over 4,000,000 dishes cooked so far… Sidekick is here to simplify your weekly meal planning, making cooking at home easie…"
"1541820377","Make Me A Cocktail","New Zealand","Oceania","36","46","4.52174","46","Make A Cocktail is the official app from Make Me A Cocktail — the world's greatest online cocktail resource, with over 3,500 recipes and a global community of home bar enthusiasts. Now with hands-free, step-by-step voice guidance, photo-scan your bar, and live AI advice from Cocktail Colin & Cocktai…"
"1505065609","Love, Manuela","New Zealand","Oceania","37","3","3","3","Love, Manuela is a baking app created by Norwegian baker Manuela Kjeilen, known as @passionforbaking. For more than a decade, Manuela has shared her love of baking with people around the world. She has published nine baking books, hosted her own baking show on TV in Sweden, and inspires more than 1.…"
"1574776971","Pestle: Recipe Manager","New Zealand","Oceania","38","23","4.65217","23","Save recipes from Instagram, TikTok, Facebook, YouTube and more with Pestle. IMPORT FROM ANYWHERE Import recipes from anywhere on the internet to Pestle, and keep just the ingredients and steps. Just tap 'Share', and 'Save to my Cookbook'. GUIDED COOKING Turn any recipe into a step-by-step process w…"
"6460821436","Meal Plan & Weekly Menu","New Zealand","Oceania","39","23","4.82609","23","Did you know that meal planning can improve your health and mood? YouMealPlan is a beautiful all-in-one weekly meal planner that makes meal planning and preparation simple and fun. PLAN YOUR MEALS WITH A BEAUTIFUL DESIGN Create weekly meal plans, organise recipes and automatically generate your groc…"
"6746973263","Foodie: All Your Recipes","New Zealand","Oceania","40","0","0","0","Recipes everywhere? Now all in one smart place. Save the recipes you already love in Foodie. But Foodie doesn’t just save recipes. It understands what’s in them. That understanding makes search, grocery lists, substitutions, nutrition, and cooking guidance just work, so cooking a recipe is as easy a…"
"1598423213","Just the Recipe: Cook smarter","New Zealand","Oceania","41","23","4.86957","23","Cook more, scroll less. JustTheRecipe pulls the recipe out of any page. No life stories, no ad walls, no endless scrolling. Just ingredients, steps, and the details you need to cook. PASTE OR SHARE A LINK Paste a URL or share straight from your browser, TikTok, Instagram, or any app with a share but…"
"6758003868","Scran: Cooking, Simplified","New Zealand","Oceania","42","0","0","0","Scran is an inclusive cooking app designed for neurodivergent cooks and helpful for anyone who wants to simplify cooking. If you lose your place, reread instructions, miss ingredients or feel overwhelmed by recipes, Scran helps you stay on track and feel more confident in the kitchen. SIMPLIFY RECIP…"
"403188971","Pepperplate Cooking Planner","New Zealand","Oceania","43","0","0","0","Pepperplate is the only app for serious cooks. It has all the tools you need to cook weeknight dinners or host a dinner party for 12. Manage your recipes, create menus, shop with ease and cook like a pro on your iPad and iPhone. Features: * Pepperplate seamlessly manages recipes, menus and shopping …"
"1529870663","My Little Food Critic","New Zealand","Oceania","44","2","5","2","The BEST SELLING My Little Food Critic App is your “go to” for feeding babies, toddlers, kids and the whole family! NEW RECIPES EVERY WEEK Fresh NEW recipes landing every week! Step by step recipe instructions, images and instructional recipe VIDEOS for selected recipes. Easily change cooking units …"
"6759073658","BarKeeper: Cocktail Companion","New Zealand","Oceania","45","1","5","1","With BarKeeper, your bar is the starting point in your cocktail journey. Track the ingredients you have, see the cocktail recipes you can make instantly, and uncover new cocktails to try next. Whether you’re just starting your home bar or curating a serious collection, BarKeeper makes cocktail disco…"
"1433840494","RecipeBox - Save Your Recipes!","New Zealand","Oceania","46","13","4.15385","13","Cook with confidence and convenience. RecipeBox is the ultimate recipe organizer and meal planning companion for busy home chefs. Save all your favorite recipes from any website or app – from popular food blogs to Instagram and TikTok posts – and keep them organized in one place. Plan delicious meal…"
"6774185280","Gustino: Recipe & Meal Planner","New Zealand","Oceania","47","0","0","0","Gustino turns the recipes you find online into a clean, organized collection you'll actually use. SAVE RECIPES FROM ANYWHERE See a recipe on Instagram, TikTok, Pinterest, YouTube, Facebook, or any recipe website? Share it to Yumlog and our AI instantly pulls out the ingredients and step-by-step inst…"
"1525239805","Gluten Morgen","New Zealand","Oceania","48","5","4.8","5","Gluten Morgen is the definitive app for home and professional bakers. Calculate baker's percentages, organize your recipes, and learn with the largest Spanish-speaking sourdough community. Created by Ramón Garriga (Gluten Morgen), a world reference in artisan baking and co-author of the book Masa Ma…"
"1461650987","Crouton: Recipe Manager","New Zealand","Oceania","49","231","4.79221","231","Crouton is feature packed recipe organizer & meal planner. The best place to store your favorite recipes from where ever you find them, websites, cookbooks or a handwritten note from your Grandma. IMPORT ANYWHERE Crouton supports importing recipes from almost everywhere! Pull recipes automatically o…"
"1548466041","Mela - Recipe Manager","New Zealand","Oceania","50","19","5","19","Mela is a simple, elegant and modern recipe manager that syncs with iCloud. SYNC Sync your recipes with iCloud, either privately (default) or by sharing a recipe library with other iCloud users. IN-APP BROWSER WITH LIVE PREVIEW Quickly save a recipe while browsing: If Mela detects a recipe on the cu…"
"1587396851","Plant Based Recipe Club","New Zealand","Oceania","51","0","0","0","Your Plant-Based Community and Lifestyle App The Happy Pear app is more than just recipes and workouts. It is a place to connect, share, and thrive together. Whether you are fully plant-based, vegetarian, or simply looking to eat more veg, this app gives you the tools, guidance, and community suppor…"
"928904094","Cocktail Party: Drink Recipes","New Zealand","Oceania","52","3","5","3","Finally — an app that shows you all the tasty drinks you can make from the stuff you've got. Cocktail Party is beautiful, easy to use, and chock-full of balanced, delicious cocktails anyone can make at home. Check off ingredients you have, and Cocktail Party will show you all the drinks you can make…"
"1572826611","SO VEGAN: Healthy Recipes","New Zealand","Oceania","53","17","4.82353","17","Do you want to transform your diet and eat more plants, but don’t know where to start? Welcome to the SO VEGAN App - a celebration of delicious plant-based cooking. With over 700 easy and healthy plant-based recipes, you’ll find something for everyone. Whether you’re searching for a quick lunch, a n…"
"6469011459","Juice Master One","New Zealand","Oceania","54","0","0","0","THE ULTIMATE JUICING APP FROM BEST-SELLING AUTHOR JASON VALE. Unlock the power of health with Juice Master One, the definitive juicing app! With over 25 years of juicy expertise, Jason brings you the ultimate one-stop destination for his life-changing juice cleanses. OVER 1.5 MILLION JUICE MASTER AP…"
"6478546136","Flavorish | Save Any Recipe","New Zealand","Oceania","55","20","4.9","20","Save recipes from Instagram, Facebook, TikTok, YouTube, websites, cookbooks, handwritten notes, and more, all in one app! Turn them into meal plans and grocery lists in seconds. With Flavorish, your go-to recipe app, organizing, saving, and cooking has never been easier. Save recipes from anywhere -…"
"486811622","Cocktail Flow - Drink Recipes","New Zealand","Oceania","56","195","4.68717","195","Cocktail Flow features beautifully presented cocktail recipes with step by step guides and is packed with features you’ll love whether you’re a novice bartender or a professional mixologist. YOUR BAR, YOUR CABINET Mark the cocktail ingredients you have at home in the cabinet page and see what drinks…"
"1531641801","Look & Cook: здоровые рецепты","New Zealand","Oceania","57","0","0","0","Look & Cook поможет разнообразить ваш рацион сбалансированными и здоровыми блюдами и сохранит ваше время. Планируйте неделю и не тратьте часы на кухне. Look & Cook больше, чем сборник авторских рецептов от фудблогера @look_whaticook. Это ваш помощник в планировании ежедневного питания с пошаговым пр…"
"6756592070","KitchenCost - Recipe Costing","New Zealand","Oceania","58","0","0","0","No spreadsheets. See your margins at a glance. Still calculating food cost in a spreadsheet every night? Ever set a price by gut feeling, only to find no profit left at the end of the month? I built KitchenCost after watching my wife spend 30 minutes costing every new menu at her cafe. Now it's your…"
"1157455937","Keto Diet Recipes App","New Zealand","Oceania","59","549","4.56648","549","Embark on a Transformative Keto Journey with Our App! *** Your Ultimate Keto Guide: Curious about the Keto Diet? Explore in-depth insights into Ketosis, different Keto approaches, benefits backed by science, overcoming Keto flu, and more! *** Comprehensive Food Lists: Discover vital lists for your K…"
"1079999103","Mealime Meal Plans & Recipes","New Zealand","Oceania","60","332","4.71687","332","Mealime is a simple way for busy singles, couples, and families to plan their meals and eat healthier. Our meal plans & recipes are highly customizable so you can easily personalize a plan that works with your unique tastes and lifestyle. Join over 5,000,000 people who have used our meal plans to ea…"
"680454263","Dish Magazine","New Zealand","Oceania","61","438","4.81735","438","Dish is a beautifully presented New Zealand food magazine that offers practical, seasonally relevant content with recipes across a range of skills and stories about local food producers, issues and trends. Dish encourages people to cook and enjoy good, seasonal food; to learn more about their food a…"
"1013659076","taste.com.au recipes","New Zealand","Oceania","62","0","0","0","Cooking just got easier with the taste.com.au app from Australia’s #1 food and recipe brand. Whether you’re looking for a healthy midweek dinner, in the mood for an indulgent dessert, or asked to bring a plate, the taste app is here to help with recipes, ideas, inspiration and all the tips you need …"
"1540196240","BLW Meals: Starting Solids","New Zealand","Oceania","63","5","4.2","5","What parents are saying: Iluvpalmtrees Favorite BLW app ""So much free information and excellent examples of what you can feed your little one through all stages. Follow their IG as well for daily tips and videos."" MJ - first time mom Love this app! ""I absolutely love this app and the Instagram page.…"
"1488585822","Brewfather","New Zealand","Oceania","64","56","4.78571","56","Powerful and easy to use tool for your brewing needs. Easily create and manage your recipes. Keep track of all the details in your batches and your ingredients inventory. Brewfather is made from the ground up to give you the best recipe design and brewing experience on both desktop and mobile device…"
"1540604002","Pam Fitness & Food","New Zealand","Oceania","65","36","4.5","36","THE BASICS: 1.⁠ ⁠Yummy and healthy recipes, using natural ingredients. No artificial sweeteners, etc. 2.⁠ ⁠I love to replace „bad“ ingredients of classic recipes - for example cane sugar or white flour - with more healthy alternatives. Therefore we can still eat dessert. But we get important nutrien…"
"1241057014","Keto Diet App - Macro Tracker","New Zealand","Oceania","66","11","4.54545","11","Ketogenic Diet App - get healthy, feel good, and lose weight. Our app is your ultimate companion in adopting a flexible, low-carb diet for health benefits and weight reduction, combining our successful meal plans with over 200k happy customers! The Keto Diet App is designed to help you realize the h…"
"1052988561","Food Monster - Vegan Recipes","New Zealand","Oceania","67","19","4.31579","19","One Green Planet's Food Monster app gives you once free recipe per day and instant access to 20,000+ plant-based, vegan, meatless, and dairy-free recipes that are sure to satisfy all taste buds! By subscribing to our monthly and yearly subscription options you can unlock our premium features like ac…"
"640670118","BeerSmith Mobile Home Brewing","New Zealand","Oceania","68","0","0","0","Do you want to create great beer recipes on the go? BeerSmith 3, the world's top selling home brewing software, comes to iPhone/iPad. BeerSmith Mobile gives you all the tools to design, edit and brew your best beer from your phone or tablet. BeerSmith mobile is tightly integrated with our recipe clo…"
"980368562","FitMenCook - Healthy Recipes","New Zealand","Oceania","69","71","4.69014","71","Struggle free, healthy recipes that are easy on the wallet. It’s as simple as that, and it’s a message that’s seen over 1 million people follow FitMenCook on social media. Be honest, have you ever heard these complaints about healthy eating? - “Eating healthy is too expensive!” - “It takes too long!…"
"466252999","Green Kitchen","New Zealand","Oceania","70","12","5","12","Regardless if you just want to eat more greens or already are a full time vegetarian - Green Kitchen is the perfect companion in your kitchen or while planning from your sofa. Green Kitchen is filled with tasty and inspiring vegetarian food with ingredients straight from nature and a bare minimum of…"
"864979091","Jason Vale’s Super Juice Me!","New Zealand","Oceania","71","0","0","0","OVER 1 MILLION JASON VALE APPS HAVE NOW BEEN SOLD! Super Juice me the 'Ultimate Juice Diet' and has been designed to completely transform your health in just 28 days. Not only will the average person LOSE BETWEEN 20-30LBS on the plan, but it has been shown, in many cases, to help a variety of common…"
"1079607960","Oh She Glows","New Zealand","Oceania","72","100","4.66","100","New York Times bestselling cookbook author Angela Liddon, shares her most popular plant-based recipes from the award-winning recipe blog, OhSheGlows.com, and stunning, vibrant food photography for each recipe. Angela has been creating healthy, veggie-packed recipes for more than 10 years, and she on…"
"410599593","Jason Vale’s 7-Day Juice Diet","New Zealand","Oceania","73","6","4.5","6","OVER 1 MILLION JASON VALE APPS HAVE NOW BEEN SOLD! LOSE UP TO 7LBS IN 7 DAYS, gain more energy, sleep better, improve your skin, and set yourself free from the diet trap forever with the most successful juice plan of all time. This 7-day super juice cleanse is the perfect plan for effective, healthy…"
"1215348056","Plan to Eat","New Zealand","Oceania","74","26","4.76923","26","Meal planning doesn’t have to feel like an inconvenience. Store all your recipes in one place, auto-generate a shopping list for your week, and let Plan to Eat help you find joy in meal planning again. Plan to Eat is the meal planning app designed with the planner in mind. Try Plan to Eat FREE for 1…"
"1457398900","Fussy Vegan Pro","New Zealand","Oceania","75","29","4.62069","29","Our #1 Vegan app. Finding vegan products has never been easier with our Fussy Vegan Pro app. Key Features: * Scan the barcode on grocery and other products to check whether that product is vegan or not (Australia and New Zealand only). * Largest and most extensive database of Australia and New Zeala…"
"333425918","MealBoard - Meal Planner","New Zealand","Oceania","76","22","4.68182","22","MealBoard helps you organize your recipes, automatically build grocery lists, manage your pantry, and now—use AI to create meal plans for you. AI looks at your recipes and past meal plans to suggest what you could eat next, so you spend less time deciding what’s for dinner. RECIPE MANAGEMENT • Impor…"
"419098758","Food Intolerances","New Zealand","Oceania","77","26","4.61538","26","■ Latest Awards • Healthline.com: Best Allergy Apps of the Year 2020 • Focus Money 2019: ""Best App"" in the health category • MeinAllergiePortal – Digital Health Heroes Award 2018 & 2021 The app Food Intolerances helps you if you have to stick to a restricted diet after being diagnosed with food into…"
"714004506","Official Cookidoo App","New Zealand","Oceania","78","7674","4.83294","7674","The Official Thermomix® Cookidoo® App gives you access to the growing universe of mouth-watering Thermomix® Guided Cooking recipes. You pick and choose which recipes go with you wherever you are. Create an account and get cooking! SMART @ HEART Connect to Cookidoo® and access over 100,000 worldwide …"
"899058990","Real Plans - Meal Planner","New Zealand","Oceania","79","6","3.5","6","Real Plans is a meal planning app that helps you and your family consistently enjoy healthy, home-cooked food. Our award-winning meal planner is brimming with delicious recipes and is easily personalized for your unique tastes and lifestyle. We make it super simple to create a plan in minutes and sh…"
"1351412313","FullyRaw by Kristina","New Zealand","Oceania","80","18","4.16667","18","Join the FullyRaw Revolution! FullyRaw by Kristina is the ultimate guide to living a cleaner and healthier lifestyle through the consumption of organic raw foods. Offering over 500 recipes (including juices, smoothies, salads, desserts, and main dishes) with instructional videos, grocery shopping li…"
"351660247","VST CoffeeTools for iPhone","New Zealand","Oceania","81","1","5","1","PROFESSIONAL COFFEE TOOLS for the BARISTA, SPECIALTY ROASTER and COFFEE BEVERAGE EQUIPMENT DESIGNER Best New Product SCAA EXPO 2010 VST CoffeeTools™ allows professional and home users to quickly compute proper brew formulas using any method of brewing coffee or espresso. Used with a coffee refractom…"
"312101965","Epicurious","New Zealand","Oceania","82","218","4.61468","218","Cook smarter with 50,000+ tested recipes from Epicurious, Bon Appétit, and more. Find easy dinners, healthy meals, and expert cooking guidance - all in one app. Subscribe to the Epicurious in the app, or if you’re already a subscriber, log in for unlimited access to recipes and so much more. THE EPI…"
"6443578246","Deglaze: Cooking, Simplified","New Zealand","Oceania","83","57","4.92982","57","Deglaze is built for people that love to cook. It simplifies your life by making it easy to get all of your recipes in one place and to create organized grocery lists in seconds. A fully featured free version is included, and you can optionally upgrade to Deglaze Pro—an auto-renewing subscription th…"