id,name,country,region,rank,reviews,score,reviews_current_version,description
"1593779280","ReciMe: Recipes & Meal Planner","United States","North America","1","307525","4.78909","307525","The number 1 recipe organizer and meal planner. ReciMe saves all your favorite recipes in one place, including Instagram, Facebook, TikTok, YouTube and Pinterest. Create grocery lists and meal plans. Calculate calories for every recipe. However you cook, ReciMe helps you do it, better. FEATURES - Sa…"
"901941015","Subway®","United States","North America","2","1213428","4.80712","1213428","Your go-to order just got easier than ever with the new Subway® app. • Make It Your Own or Keep It Classic: Double the meat. Extra cheese. All the veggies. Build your Footlong just the way you would in the restaurant — choose your toppings, toast your bread, and add two cookies and drink to craft yo…"
"1386566985","Popeyes® Chicken","United States","North America","3","478782","4.85532","478782","Hey y’all, welcome to the Popeyes® Louisiana Kitchen App! We hope you’re hungry––we’re bringing crunchy Cajun deliciousness right to ya when you order for pickup or delivery through our app. FEATURES we’re cooking with: Customizable Menu Options: Get everything you love exactly the way you want it. …"
"6769601354","TapCook: Budget Meal Plans","United States","North America","4","2735","4.72139","2735","1. Enter your ZIP and pick the grocery store you actually shop at 2. Tell us how many you're feeding, which nights you cook, and what you want to spend 3. Get a week of dinners and one grocery list, totalled at your store TapCook plans your dinners for the week and tells you what the groceries will …"
"971888874","Shipt: Order Grocery Delivery","United States","North America","5","136533","4.88182","136533","Shipt delivers all your end-of-summer, back-to-school grocery and retail needs now with same-day and express delivery! Your all-in-one fast and easy delivery app saves you time: Order groceries, household essentials, footwear, wellness products, pet supplies, snacks, alcohol (21+, terms apply)**and …"
"6739286231","Osta: Save & Share Recipes","United States","North America","6","6779","4.7594","6779","With Osta, you can save & import recipes from Instagram, websites, and TikTok. Organize and cook your favorite recipes in your own personalized recipe box. All your recipes in one place. • Import recipes instantly from Instagram, TikTok, or a website. • Cook using a simple recipe display with no clu…"
"6755009073","MyRecipes","United States","North America","7","153","4.05882","153","MyRecipes is the easiest way to save, organize, and cook the recipes you love. Trusted by millions of home cooks with over 75 million recipe saves—and counting. Enjoy the app for free or upgrade to a MyRecipes+ membership for more ways to save and exclusive premium features. - Save recipes from anyw…"
"1015997735","Factor_ Prepared Meal Delivery","United States","North America","8","237323","4.76999","237323","Factor Makes Eating Well Easy — and Delicious With 100+ weekly options and a constantly upgraded menu featuring high-protein meals, Factor takes the stress out of healthy eating. Our chef-crafted, dietitian-approved meals are delivered fresh (never frozen) and ready to heat in just 2 minutes—so you …"
"6480109616","Nespresso Smart","United States","North America","9","594","3.30303","594","Unbox the expert features of your Nespresso connected machine* with Nespresso Smart: • Pair and Brew. Pair your device and unlock the exclusive features of your connected coffee machine. • Best coffee quality cup after cup. Enhanced maintenance content to savour quality coffee cup after cup. • Custo…"
"6752922875","Tabelog - Food Guide in Japan","United States","North America","10","2649","4.85806","2649","Find, review, and book a table at Japan’s best local restaurants, before you go or while you travel. Tabelog is Japan’s leading restaurant search, food review, and table reservation app, trusted by locals and travelers alike. With over 800,000 restaurants nationwide and more than 82 million authenti…"
"1494719529","Transact Mobile Ordering","United States","North America","11","66980","4.7641","66980","Get ‘outta line! Mobile Ordering is a simple, super convenient way to order, pay and pick up - right from your mobile device. Use the app to browse restaurants and menus, order from your favorite campus spot, pay by credit/campus card or even your meal plan (whatever your campus allows). We’ll tell …"
"6777471316","mise - meal planner","United States","North America","12","3086","4.69604","3086","mise – meal planner Take the stress out of deciding what to eat. mise helps you generate personalised meal plans in seconds based on your dietary preferences, calorie goals, favourite UK supermarkets, budget, and the ingredients you already have at home. Whether you're meal prepping for the week, tr…"
"1463076279","Freddy’s","United States","North America","13","122197","4.85655","122197","• Quickly find your nearest Freddy’s and order ahead for carry-out, delivery or dine-in. Easily customize your Freddy’s favorites like our famous cooked-to-order steakburgers and fresh & creamy frozen custard. • Choose the toppings you want, add a side and a drink, and get your order just the way yo…"
"1277318070","Total Wine & More","United States","North America","14","120632","4.82529","120632","Take Total Wine & More with you wherever you go! Our new app makes it easy to search our incredible product selections, shop and pickup in store, enjoy special offers and much more. Make your shopping simple and download our app today. EASY ORDERING Search our wide selection, find your local store a…"
"891379973","Insomnia Cookies","United States","North America","15","62199","4.85741","62199","Satisfy your late-night cookie cravings with the Insomnia Cookies Online Ordering App! Discover your nearest Insomnia Cookies location and seamlessly place orders for pick-up or delivery until 3am. Whether you’re treating yourself after a marathon study session or sending a sweet gift, Insomnia Cook…"
"950774184","Chicken Salad Chick","United States","North America","16","89118","4.87207","89118","Welcome to the new Chicken Salad Chick app experience! Order Takeout, Delivery, or Catering. Earn Loyalty Points & Redeem them for Chicken Salad Chick Rewards. Additional features: Order: Find your Nearest Location & Order Takeout, Delivery, or Catering in just a few clicks! Scan: Scan your receipt …"
"901941015","SUBWAY®","Canada","North America","1","109702","4.66439","109702","Your go-to order just got easier than ever with the new Subway® app. • Make It Your Own or Keep It Classic: Double the meat. Extra cheese. All the veggies. Build your Footlong just the way you would in the restaurant — choose your toppings, toast your bread, and add two cookies and drink to craft yo…"
"1593779280","ReciMe: Recipe Manager","Canada","North America","2","22702","4.69025","22702","ReciMe organizes all your favorite recipes in one place. Save recipes from Instagram, Pinterest, TikTok, and Facebook. Create grocery lists and meal plans. Calculate calories for every recipe. FEATURES - Save Recipes from Instagram, Pinterest, TikTok, Facebook – Download recipes from social media si…"
"540518599","Wendy’s Canada","Canada","North America","3","63521","4.56139","63521","Explore our menu of fresh Canadian beef and Canadian chicken and see how Quality Is Our Recipe®! FEATURES • Earn 10 points for every $1 you spend with Wendy's Rewards • Access exclusive offers just for you, including birthday treats and redeem your points for free food. • Skip the line, order ahead …"
"653810744","KFC Canada","Canada","North America","4","92541","4.43515","92541","Finger licking good fried chicken at your fingertips. Download the new and improved KFC app for the easiest access to delicious meals, unbelievable deals, and great fried chicken feels. Our updated menu layout makes scrolling through our famous Original Recipe 11 herbs & spices fried chicken easier …"
"1551772271","COBS Bread","Canada","North America","5","344","2.03198","344","Hungry for sweet deals? Join COBS Club to get exclusive offers and rewards when you shop at COBS Bread! Collect Breadcrumbs with each purchase and redeem them for rewards that you can use towards your next visit. Simply scan your app when you checkout at your local COBS Bread bakery. * Earn Breadcru…"
"1015997735","Factor_ Prepared Meal Delivery","Canada","North America","6","11849","4.7469","11849","Factor Makes Eating Well Easy — and Delicious With 40+ weekly meals and a constantly upgraded menu featuring high-protein meals, Factor takes the stress out of healthy eating. Our chef-crafted, dietitian-approved meals are delivered fresh (never frozen) and ready to heat in just 2 minutes—so you can…"
"970107419","HelloFresh: Easy Meal Plan","Canada","North America","7","38398","4.66334","38398","As the leading meal kit delivery service, HelloFresh knows a thing or two about weekly meal prep, cooking a delicious dinner and getting food on the table quickly. Join the thousands of Canadians that have discovered the many benefits of this time-saving meal planner. With HelloFresh, choose from ov…"
"6480109616","Nespresso Smart","Canada","North America","8","264","2.72348","264","Unbox the expert features of your Nespresso connected machine* with Nespresso Smart: ◦ Pair and Brew. Pair your device and unlock the exclusive features of your connected coffee machine. ◦ Best coffee quality cup after cup. Enhanced maintenance content to savour quality coffee cup after cup. ◦ Custo…"
"1312971866","Harvey's","Canada","North America","9","65214","4.78176","65214","Ordering through the Harvey's app just got easier. Mobile Order Ahead • Select from over 250 Harvey's locations to skip the line and order your flame-grilled favourites ahead of time. Plus, make a contactless payment. Exclusive App Offers • Fresh and hot mobile offers cooked up just for you and load…"
"6739286231","Osta: Save & Share Recipes","Canada","North America","10","823","4.66343","823","With Osta, you can save & import recipes from Instagram, websites, and TikTok. Organize and cook your favorite recipes in your own personalized recipe box. All your recipes in one place. • Import recipes instantly from Instagram, TikTok, or a website. • Cook using a simple recipe display with no clu…"
"6752922875","Tabelog: Food Guide in Japan","Canada","North America","11","407","4.8059","407","Find, review, and book a table at Japan’s best local restaurants, before you go or while you travel. Tabelog is Japan’s leading restaurant search, food review, and table reservation app, trusted by locals and travelers alike. With over 800,000 restaurants nationwide and more than 82 million authenti…"
"587024822","Swiss Chalet","Canada","North America","12","181080","4.7683","181080","The official iPhone App of Swiss Chalet®. You look hungry. Time for our famous Rotisserie Chicken, Fresh-Cut Fries, Smoky BBQ Ribs, and Signature Chalet Dipping Sauce - all ordered from the palm of your hand. Get your meal delivered right to your door, or order ahead for pickup at the restaurant. OR…"
"6778760884","Potto - meal planner","Canada","North America","13","215","4.53953","215","Potto turns a few simple choices into a full week of meals — built around your supermarket, your budget, and the way you like to eat. No account, no fuss. Tell Potto your store, your weekly budget, your dietary needs and the gadgets in your kitchen, and it instantly creates a meal plan with recipes,…"
"1536589530","Chefs Plate: Easy Meal Planner","Canada","North America","14","17036","4.60994","17036","As Canada’s first meal kit delivery service, Chefs Plate is a great way to plan your weekly recipe and meal prep, cook a quick, affordable dinner that you’ll love to eat. Join Canadians from across the country that have discovered this money and time-saving recipe and meal planner. With Chefs Plate,…"
"6777471316","mise - meal planner","Canada","North America","15","102","4.39215","102","mise – meal planner Take the stress out of deciding what to eat. mise helps you generate personalised meal plans in seconds based on your dietary preferences, calorie goals, favourite UK supermarkets, budget, and the ingredients you already have at home. Whether you're meal prepping for the week, tr…"
"6739932023","Deal Dish: Grocery Deals","Canada","North America","16","57","4.15789","57","Deal Dish — Grocery Deals, Flyer Prices, Recipes & Meal Planning Deal Dish is a Canadian grocery app. It shows you what is on sale this week at the stores you already shop at. Then it turns those deals into recipes, meal plans and shopping lists. Most apps make you pick a recipe first and pay full p…"
"911422904","NYT Cooking: Quick Tasty Meals","Canada","North America","17","29811","4.87441","29811","New York Times Cooking has thousands of easy recipes you’ll love to make, from easy weeknight dinners to holiday showstoppers. Editor-curated collections make it easy to find the right recipe, and helpful videos make them fun and simple to cook. With our digital Recipe Box, you can easily save favou…"
"758103884","foodpanda: Food & Groceries","Canada","North America","18","19352","4.5884","19352","Discover the local choice for meals, groceries, and food delivery with foodpanda! Life can get overwhelming, but we’re here to help! Whether you need daily meals, groceries, or shopping essentials, foodpanda has got you covered with convenient food delivery. Order Your Favourite Food with Just 3 Sim…"
"1119397292","HungryPanda-Food Delivery","Canada","North America","19","2789","4.5683","2789","The Asian Food Delivery platform HungryPanda brings low discounts and popular Chinese food to satisfy you. Various kinds of discounts from merchants and HungryPanda are waiting for you! Craving for the authentic Asian cuisines? Wanna enjoy tasty food and great service at good price? HungryPanda shou…"
"6811329112","Yuma: Weekly Meal Planner","Canada","North America","20","4","5","4","What's for dinner this week? Yuma plans it for you. Tell Yuma who you're cooking for, where you shop, what you love, what you avoid and what you want to spend. A few minutes later, your week of dinners is planned and your grocery list is ready, already priced. A WEEK OF DINNERS, YOUR WAY • Dinners f…"
"1157416022","MEATER® Smart Meat Thermometer","Canada","North America","21","25207","4.65736","25207","MEATER® is the world’s first Wireless Smart Meat Thermometer that can help you cook meats perfectly every time. The MEATER® app, together with the MEATER® meat thermometer (sold separately at https://meater.com/shop) will change the way you cook your meals, and make it a new and exciting experience.…"
"638455030","Longo’s","Canada","North America","22","383","1.27675","383","Discover a world of culinary delights with the Longo’s App! Indulge in delicious deals and find endless meal inspiration, all at your fingertips. Savour convenience by using Preorder for Pickup, giving you a hassle-free shopping experience. Shop tasty Catering options to discover a unique assortment…"
"692161270","Panago Pizza","Canada","North America","23","4630","4.51102","4630","Now it's even easier to order a fresh, quality Panago pizza while you are on the go! Your iPhone will conveniently find the nearest Panago to your current location so you can pick-up your pizza, have it delivered or even place a future order. Just a tap away from great taste. Features Ability to ord…"
"483017239","iFood: pedir delivery em casa","Brazil","Latin America","1","8896159","4.85985","8896159","Compre em mercados, restaurantes, farmácias e pet shop de forma fácil e rápida, tudo a um toque de você. As ofertas dos melhores mercados e restaurantes da sua cidade estão no IFood. Aqui você também encontra produtos para seu pet além de comprar itens de farmácia. Pensou em pedir comida? Peça no IF…"
"1662451643","Keeta - Delivery de comida","Brazil","Latin America","2","12596","4.3856","12596","Keeta - O Maior Delivery do Mundo Chegou ao Brasil! Seu novo app de delivery de comida preferido tá que tá chegando! A Keeta, maior plataforma de food delivery do mundo*, chegou ao Brasil! Baixe já o app da Keeta e experimente a melhor experiência em entrega. Quer pedir sua comida favorita com entre…"
"1295116265","Burger King Brasil","Brazil","Latin America","3","669039","4.89391","669039","Já conhece o programa de recompensas do BK®? O Clube BK é um clube de recompensas gratuito, todinho seu! Você ganha pontos na compra de qualquer produto do BK nas lojas participantes, basta identificar o CPF cadastrado no programa no momento da compra. Moleza, né? Depois você pode trocar esses ponto…"
"891143703","aiqfome: delivery de tudo","Brazil","Latin America","4","276409","4.81667","276409","Pensou em pedir delivery? Peça pelo aiqfome! No 2º maior app de delivery do país e líder no interior você encontra os melhores restaurantes da cidade, além de mercados, farmácias, pet shops e muito mais, tudo com cupons e muitas promoções. E é só pedir que o aiqfome leva até aí rapidinho e você aind…"
"1222687142","Duo Gourmet: restaurantes","Brazil","Latin America","5","7717","4.8813","7717","O Duo Gourmet é um app que reúne milhares de restaurantes pra você aproveitar o melhor da gastronomia com o benefício de 2 pratos por apenas 1. E agora também te dá a oportunidade de garantir descontos nas suas experiências, como viagens, idas ao cinema, passeios no fim de semana e muito mais! APROV…"
"1423221955","Liv Up – Comida Saudável","Brazil","Latin America","6","6552","4.86752","6552","A Liv Up é a melhor combinação de praticidade, com comida gostosa e saudável para o seu dia a dia! Em parceria com agricultores familiares, levamos ingredientes fresquinhos direto de quem planta para a nossa cozinha, até chegar na sua mesa. Baixando o app da Liv Up, você fortalece a agricultura fami…"
"1034589272","Loja Swift","Brazil","Latin America","7","17180","4.7976","17180","Compre carnes de altissima qualidade, acompanhamentos e pratos prontos com a praticidade que o seu dia a dia pede. O aplicativo da Swift foi pensado para quem busca conveniencia, sabor e praticidade, entregando os melhores cortes diretamente na sua casa ou prontos para retirada na loja mais proxima.…"
"1478347645","BLW Brasil - Alimentação bebês","Brazil","Latin America","8","2038","4.70658","2038","O que as pessoas estão falando do BLW Brasil: Isabelle Déa “Estou amando o app! Mostra a oferta de alimentos tanto em pedaços como amassadinhos, formas de preparo, etc. Ajuda muito, principalmente nós mães de primeira viagem” Iana Clara Amoras “Aplicativo excelente! Sem dúvida a melhor aquisição par…"
"1396478745","Nescafé Dolce Gusto","Brazil","Latin America","9","26415","4.82336","26415","Sua experiencia de cafeteria em sua casa acaba de ficar ainda melhor: conheça o app de NESCAFÉ® Dolce Gusto®. É MUITO MAIS FÁCIL PELO APP! Compre suas bebidas favoritas, cadastre seus pontos e troque por prêmios com o Dolce Gusto Club, descubra novas receitas e muito mais! Faça o download e passe a …"
"1106939010","Pedidos10 - Delivery de Tudo","Brazil","Latin America","10","29530","4.90738","29530","Faça seu pedido na Pedidos10! Todo mundo pede aqui! A Pedidos10 é ideal para todas as ocasiões: Seja para aqueles momentos de preguiça na cozinha, Seja por falta de “dotes” culinários, Seja para agradar alguém, Seja por falta de tempo, Seja pela praticidade, Seja simplesmente pela fome. A Pedidos10 …"
"577891381","TudoGostoso Receitas","Brazil","Latin America","11","129647","4.80957","129647","► MAIS DE 200 MIL RECEITAS Do petisco à sobremesa, você encontra no app do TudoGostoso mais de 200.000 receitas testadas e aprovadas para todos os paladares e ocasiões. E não para por aí: aqui você tira dúvidas de cozinha, aprende truques de culinária e ganha muita inspiração de cardápio para as sua…"
"500179321","China In Box","Brazil","Latin America","12","35756","4.7561","35756","Peça a sua comida chinesa favorita com o aplicativo do China in Box Delivery! O China in Box é a maior rede de culinária Chinesa do Brasil com mais de 146 lojas espalhadas por todo país. Encontre tudo o que você deseja no cardápio do China in Box. Peça nosso Yakisoba, Macarrão Oriental, Rolinho Prim…"
"6480109616","Nespresso Smart","Brazil","Latin America","13","82","2.31707","82","Descubra os recursos avançados da sua máquina conectada Nespresso* com o app Nespresso Smart: ◦ Conecte-se e aproveite: emparelhe seu dispositivo e aproveite os recursos exclusivos da sua máquina de café conectada. ◦ Café de qualidade, xícara após xícara: Conteúdos de manutenção aprimorados para sab…"
"1593779280","ReciMe: Receitas e Planejador","Brazil","Latin America","14","4094","4.84441","4094","O organizador de receitas nº 1. O ReciMe guarda todas as tuas receitas favoritas num só lugar, incluindo Instagram, Facebook, TikTok, YouTube e Pinterest. Cria listas de compras e planos de refeições com planner. Calcula as calorias de cada receita com nutrition calculator. Seja qual for a forma com…"
"1273758728","HomeID","Brazil","Latin America","15","1773","4.80598","1773","Desbloqueie todo o potencial de sua casa com o HomeID. O HomeID, antigo NutriU, é o seu aplicativo completo para transformar a vida doméstica cotidiana. É o seu companheiro para deliciosas refeições na Airfryer - do café da manhã ao jantar, lanches saudáveis e deliciosos intervalos para o café. Com …"
"1158987627","Festival Bom Gourmet","Brazil","Latin America","16","41","2.73171","41","Os melhores restaurantes de Curitiba e Porto Alegre oferecem menu completo a preços promocionais. Você escolhe cardápios que incluem entrada, prato principal e sobremesa e prova receitas incríveis de diversas partes do mundo. O festival funciona no almoço e no jantar (de acordo com o horário de func…"
"6752922875","Tabelog - Food Guide in Japan","Brazil","Latin America","17","70","4.87143","70","Find, review, and book a table at Japan’s best local restaurants, before you go or while you travel. Tabelog is Japan’s leading restaurant search, food review, and table reservation app, trusted by locals and travelers alike. With over 800,000 restaurants nationwide and more than 82 million authenti…"
"1058959277","Uber Eats - Comida a Domicilio","Mexico","Latin America","1","1610705","4.83991","1610705","Consigue la entrega de comida a domicilio en la puerta de tu casa desde miles de increíbles restaurantes locales y nacionales. ENCUENTRA TU COMIDA Y RESTAURANTES FAVORITOS Haz tu pedido de comida a domicilio en restaurantes cercanos y busca por tipo de cocina, nombre del restaurante, plato y comida.…"
"1434256853","DiDi Food: Comida a Domicilio","Mexico","Latin America","2","397331","4.54174","397331","¿Tienes hambre? ¿Quieres disfrutar de comida deliciosa en la comodidad de tu casa? Con DiDi Food, nunca tendrás que preocuparte por cocinar o salir de casa para encontrar buena comida. Con descuentos de hasta el 50%, puedes pedir comida a domicilio en solo tres pasos. Ofrecemos una amplia selección …"
"1539188123","KFC México","Mexico","Latin America","3","81239","4.78518","81239","Pedir comida a domicilio es más fácil que nunca con la app de KFC México. ¿Tienes antojo de pollo con el toque único de KFC? Ordénalo ahora de forma sencilla. Descarga la app, selecciona lo que quieras del menú KFC y realiza la orden. En poco tiempo podrás disfrutar de tu comida a domicilio. Cupones…"
"296581815","OpenTable","Mexico","Latin America","4","173268","4.95645","173268","Toda comida exquisita empieza con OpenTable. Descarga la app para encontrar el restaurante ideal, estés donde estés. PRUEBA ALGO NUEVO - Elige entre más de 60,000 restaurantes de todo el mundo - Encuentra las mejores horas felices, menús degustación y Experiencias gastronómicas especiales - Conoce l…"
"6480109616","Nespresso Smart","Mexico","Latin America","5","145","3.66897","145","Descubre las funciones expertas de tu cafetera Nespresso conectada a Nespresso Smart: ◦ Empareja y prepara. Desbloquea funciones exclusivas de tu cafetera al conectarla con tu dispositivo. ◦ La mejor calidad de café taza tras taza. Con nuestras guías y consejos, cuidar tu máquina es más fácil y tu c…"
"719972451","DoorDash - Food Delivery","Mexico","Latin America","6","13107","4.84131","13107","Entrega de comidas donde necesites, desde un picnic familiar en el parque hasta tu cita de esta noche en tu casa. Ten la experiencia de probar un mundo de comidas con una enorme selección de tus restaurantes locales favoritos; más de 110 000 menús en más de 800 ciudades de los Estados Unidos y Canad…"
"6741486886","CookNest・Guarda tus recetas","Mexico","Latin America","7","134","4.69402","134","Bienvenido a CookNest, la app para guardar recetas desde cualquier lugar, planear tus comidas y crear listas del súper de forma fácil. Importa recetas desde Instagram, TikTok, YouTube o cualquier sitio web y deja que la app extraiga ingredientes, pasos, calorías y macronutrientes. Convierte tus rece…"
"6450664772","Scoolinary: Aprende & Cocina","Mexico","Latin America","8","138","4.81159","138","Scoolinary es la app de aprendizaje gastronómico para chefs, emprendedores, estudiantes y apasionados de la cocina. Aprende con los mejores chefs del mundo, con 50+ estrellas Michelin, y accede a 400+ cursos y 3.000 recetas en video paso a paso. Lo que aprenderás: • Técnicas de cocina profesional ap…"
"6752922875","Tabelog - Food Guide in Japan","Mexico","Latin America","9","102","4.82353","102","Find, review, and book a table at Japan’s best local restaurants, before you go or while you travel. Tabelog is Japan’s leading restaurant search, food review, and table reservation app, trusted by locals and travelers alike. With over 800,000 restaurants nationwide and more than 82 million authenti…"
"1526066480","Recetas Oster®","Mexico","Latin America","10","9","1.88889","9","Este es el APP oficial de Oster® que incluye todas las recetas segmentadas por region y país para todo latinoamérica. Descubre colecciones, recetas nuevas, postres, cenas, comida nutritiva y más."
"1396478745","Nescafé Dolce Gusto","Mexico","Latin America","11","2967","4.82911","2967","Mejora tu experiencia cafetera con la aplicación de NESCAFÉ® Dolce Gusto®, creada especialmente para los amantes de NESCAFÉ® Dolce Gusto®. Nuestra aplicación te permite: CONECTAR TU MÁQUINA ESPERTA* Conecta tu máquina ESPERTA y personaliza tus bebidas desde tu teléfono. Escoge el tamaño de tu bebida…"
"1017406537","Wow+: ofertas en restaurantes","Mexico","Latin America","12","4273","4.20524","4273","¡Disfruta promociones exclusivas, acumula puntos y pide comida a domicilio con Wow+! Con Wow+ accede a descuentos, recompensas y beneficios en tus restaurantes favoritos de Alsea: -Ordena comida a domicilio o para recoger en sucursal -Gana puntos Wow+ en cada compra y úsalos como pago -Accede a desc…"
"426415753","Domino's Pizza Delivery UK&ROI","Mexico","Latin America","13","30","4.3","30","When you want pizza, you really want pizza. Luckily, our app is the quickest and easiest way to order one with a whole host of exclusive features. Want to know more? Course you do… ORDER PIZZA Scroll through our easy-order menu and treat yourself to an all-time classic or discover something new! You…"
"714004506","Official Cookidoo App","Mexico","Latin America","14","48828","4.89932","48828","La aplicación oficial de Thermomix® Cookidoo® te da acceso al enorme universo de deliciosas recetas en Cocina Guiada de Thermomix®. Tú eliges las recetas que te acompañan donde quiera que estés. ¡Abre una cuenta y empieza a cocinar! SMART @ HEART Conéctate a Cookidoo® y accede a más de 100 000 recet…"
"6798486261","Recipy: Planificador y Recetas","Mexico","Latin America","15","73","3.31507","73","Recipy - Planificador y Recetas ¿Cansado de abrir el refrigerador y preguntarte “¿qué cocino hoy?” Recipy convierte ese caos diario en un sistema simple y organizado que realmente vas a usar. Lo que te va a encantar: Crea planes de comidas semanales en minutos Guarda tus recetas favoritas o descubre…"
"585332633","Cookpad recetas, cocina casera","Mexico","Latin America","16","1302","4.89017","1302","¿Qué cocino hoy de almuerzo? Cookpad te recomienda: busca por ingrediente o por plato entre miles de recetas auténticas de todo el mundo, todas verificadas por quienes ya las cocinaron de verdad. ¿QUÉ PUEDO COCINAR HOY DE ALMUERZO? Dinos qué tienes en casa y te decimos qué hacer con eso. Unas pechug…"
"6739286231","Osta: Guardar recetas","Mexico","Latin America","17","674","4.84718","674","Con Osta puedes guardar e importar recetas de Instagram, sitios web y TikTok. Organiza y cocina tus recetas favoritas en tu propia caja de recetas personalizada. Todas tus recetas en un solo lugar. • Importa recetas al instante desde Instagram, TikTok o una web. • Cocina con una vista de receta simp…"
"1573608048","Pizzas Plaza","Mexico","Latin America","18","2180","4.83716","2180","En Pizzas Plaza nos preocupamos por servir las pizzas más deliciosas y dar el mejor servicio. Nuestro deseo es que todos los clientes tengan una excelente experiencia cada vez que nos visitan; esto lo logramos cuidando cada detalle, desde la calidad de la materia prima que utilizamos hasta el servic…"
"1542798197","Manzana Verde - Comida sana","Mexico","Latin America","19","1526","4.47248","1526","Manzana Verde – Plan de comida saludable para bajar de peso con delivery gratis. Nutricionistas + chefs expertos. +50,000 usuarios y más de 5 millones de pedidos en Perú, México y Colombia. Manzana Verde es una APP que te ayuda a cumplir tus objetivos. Ya sea bajar de peso, mantener o subir de peso.…"
"6798109169","Barrio Chicken MX","Mexico","Latin America","20","3","5","3","¡El verdadero sabor del barrio en la palma de tu mano! ¡Llegó la app oficial de Barrio Chicken! Desde hoy, el pollo más crunchy, irreverente y con más personalidad del mercado te acompaña a donde vayas. • ¡Ordena con el poder de tus dedos! ¿Antojo de algo verdaderamente 100% pechuga de pollo? Pide t…"
"1609742192","Domu Sushi MX","Mexico","Latin America","21","1060","4.78301","1060","Domu Sushi. Restaurante bar con especialidad en comida japonesa - fusión, contamos con coctelería de autor y especialidades gourmet desarrolladas por nuestros chefs. Nuestra cocina ahora disponible desde tu celular. Descarga nuestra aplicación y accede a todo nuestro menú directo a la puerta de tu c…"
"566347057","Just Eat - Comida a domicilio","Mexico","Latin America","22","429","4.78788","429","Ya sea porque es viernes y te pide el cuerpo una buena pizza, porque buscas un almuerzo saludable en la oficina o porque te ha entrado pereza de hacer la compra semanal, la app gratuita de Just Eat es todo lo que necesitas. Pide online y recíbelo en casa o pasa a recogerlo por tu restaurante favorit…"
"1593779280","Cocina recetas caseras: ReciMe","Mexico","Latin America","23","4507","4.83803","4507","El organizador de recetas número 1. ReciMe guarda todas tus recetas favoritas en un solo lugar, incluidas las de Instagram, Facebook, TikTok, YouTube y Pinterest. Crea listas de compras y planes de comidas. Calcula las calorías de cada receta. Cocines como cocines, ReciMe te ayuda a hacerlo mejor. F…"
"1434256853","DiDi Food: Comida a Domicilio","Colombia","Latin America","1","39918","4.25257","39918","¿Tienes hambre? ¿Quieres disfrutar de comida deliciosa en la comodidad de tu casa? Con DiDi Food, nunca tendrás que preocuparte por cocinar o salir de casa para encontrar buena comida. Con descuentos de hasta el 50%, puedes pedir comida a domicilio en solo tres pasos. Ofrecemos una amplia selección …"
"1058959277","Uber Eats - Comida a Domicilio","Colombia","Latin America","2","40301","4.7735","40301","Consigue la entrega de comida a domicilio en la puerta de tu casa desde miles de increíbles restaurantes locales y nacionales. ENCUENTRA TU COMIDA Y RESTAURANTES FAVORITOS Haz tu pedido de comida a domicilio en restaurantes cercanos y busca por tipo de cocina, nombre del restaurante, plato y comida.…"
"6798486261","Recipy: Planificador y Recetas","Colombia","Latin America","3","8","2.5","8","Recipy - Planificador y Recetas ¿Cansado de abrir el refrigerador y preguntarte “¿qué cocino hoy?” Recipy convierte ese caos diario en un sistema simple y organizado que realmente vas a usar. Lo que te va a encantar: Crea planes de comidas semanales en minutos Guarda tus recetas favoritas o descubre…"
"719972451","DoorDash - Food Delivery","Colombia","Latin America","4","3825","4.82013","3825","Entrega de comidas donde necesites, desde un picnic familiar en el parque hasta tu cita de esta noche en tu casa. Ten la experiencia de probar un mundo de comidas con una enorme selección de tus restaurantes locales favoritos; más de 110 000 menús en más de 800 ciudades de los Estados Unidos y Canad…"
"1021193753","Tulio","Colombia","Latin America","5","865","4.39538","865","Descubre los mejores restaurantes y experiencias gastronómicas alrededor del mundo. Explora los Master, cientos de recetas fáciles y rápidas, y recomendaciones exclusivas de emprendimientos, bebidas y postres."
"758103884","foodpanda: Food & Groceries","Colombia","Latin America","6","533","4.53659","533","Discover the local choice for meals, groceries, and food delivery with foodpanda! Life can get overwhelming, but we’re here to help! Whether you need daily meals, groceries, or shopping essentials, foodpanda has got you covered with convenient food delivery. Order Your Favourite Food with Just 3 Sim…"
"6741486886","CookNest・Guarda tus recetas","Colombia","Latin America","7","25","4.12","25","Bienvenido a CookNest, la app para guardar recetas desde cualquier lugar, planear tus comidas y crear listas del súper de forma fácil. Importa recetas desde Instagram, TikTok, YouTube o cualquier sitio web y deja que la app extraiga ingredientes, pasos, calorías y macronutrientes. Convierte tus rece…"
"6807726678","Jewel Beany","Colombia","Latin America","8","0","0","0","Experiment with coffee brewing through a visual system built for home preparation. Create beans, recipes, equipment setups, and repeatable brewing experiments. Adjust grind size, dose, water, temperature, ratio, and extraction time to see how each decision affects your results. Rate every cup and co…"
"6450664772","Scoolinary: Aprende & Cocina","Colombia","Latin America","9","47","4.95744","47","Scoolinary es la app de aprendizaje gastronómico para chefs, emprendedores, estudiantes y apasionados de la cocina. Aprende con los mejores chefs del mundo, con 50+ estrellas Michelin, y accede a 400+ cursos y 3.000 recetas en video paso a paso. Lo que aprenderás: • Técnicas de cocina profesional ap…"
"1542798197","Manzana Verde - Comida sana","Colombia","Latin America","10","2217","4.49752","2217","Manzana Verde – Plan de comida saludable para bajar de peso con delivery gratis. Nutricionistas + chefs expertos. +50,000 usuarios y más de 5 millones de pedidos en Perú, México y Colombia. Manzana Verde es una APP que te ayuda a cumplir tus objetivos. Ya sea bajar de peso, mantener o subir de peso.…"
"6762158800","Mura","Colombia","Latin America","11","8","5","8","¡Hey, parce! ¿Buscas la forma más bacana y rápida de pedir domicilios o moverte por tu ciudad? ¡Con la nueva app de MURA, lo tienes todo en la palma de tu mano! Ya sea un corrientazo para el almuerzo, una pizza para ver el partido o las compras para la semana, elige entre miles de restaurantes y mer…"
"296581815","OpenTable","Colombia","Latin America","12","2768","4.95087","2768","Toda comida exquisita empieza con OpenTable. Descarga la app para encontrar el restaurante ideal, estés donde estés. PRUEBA ALGO NUEVO - Elige entre más de 60,000 restaurantes de todo el mundo - Encuentra las mejores horas felices, menús degustación y Experiencias gastronómicas especiales - Conoce l…"
"6752922875","Tabelog - Food Guide in Japan","Colombia","Latin America","13","18","4.88889","18","Find, review, and book a table at Japan’s best local restaurants, before you go or while you travel. Tabelog is Japan’s leading restaurant search, food review, and table reservation app, trusted by locals and travelers alike. With over 800,000 restaurants nationwide and more than 82 million authenti…"
"1526066480","Recetas Oster®","Colombia","Latin America","14","7","1","7","Este es el APP oficial de Oster® que incluye todas las recetas segmentadas por region y país para todo latinoamérica. Descubre colecciones, recetas nuevas, postres, cenas, comida nutritiva y más."
"1593779280","Cocina recetas caseras: ReciMe","Colombia","Latin America","15","1424","4.8483","1424","El organizador de recetas número 1. ReciMe guarda todas tus recetas favoritas en un solo lugar, incluidas las de Instagram, Facebook, TikTok, YouTube y Pinterest. Crea listas de compras y planes de comidas. Calcula las calorías de cada receta. Cocines como cocines, ReciMe te ayuda a hacerlo mejor. F…"
"566347057","Just Eat - Comida a domicilio","Colombia","Latin America","16","451","4.78714","451","Ya sea porque es viernes y te pide el cuerpo una buena pizza, porque buscas un almuerzo saludable en la oficina o porque te ha entrado pereza de hacer la compra semanal, la app gratuita de Just Eat es todo lo que necesitas. Pide online y recíbelo en casa o pasa a recogerlo por tu restaurante favorit…"
"426415753","Domino's Pizza Delivery UK&ROI","Colombia","Latin America","17","9","4.33333","9","When you want pizza, you really want pizza. Luckily, our app is the quickest and easiest way to order one with a whole host of exclusive features. Want to know more? Course you do… ORDER PIZZA Scroll through our easy-order menu and treat yourself to an all-time classic or discover something new! You…"
"585332633","Cookpad recetas, cocina casera","Colombia","Latin America","18","542","4.869","542","¿Qué cocino hoy de almuerzo? Cookpad te recomienda: busca por ingrediente o por plato entre miles de recetas auténticas de todo el mundo, todas verificadas por quienes ya las cocinaron de verdad. ¿QUÉ PUEDO COCINAR HOY DE ALMUERZO? Dinos qué tienes en casa y te decimos qué hacer con eso. Unas pechug…"
"983591001","Foodmandu","Colombia","Latin America","19","10","3.8","10","Hungry much? Whether you’re chilling at home, hustling at work, or simply too comfy to cook, Foodmandu has you covered! As Nepal’s first and leading food delivery service app we are here to make your life (and lunch) extra special. Here’s why you should download us right away: Explore diverse catego…"
"6751296986","Hanashi Sushi","Colombia","Latin America","20","454","4.82379","454","En Hanashi Sushi celebramos la diversidad, el sabor y la autenticidad de la cocina japonesa con un enfoque moderno y accesible. Somos un restaurante especializado en sushi, pero vamos mucho más allá: ofrecemos una amplia variedad de platos que incluyen arroces tradicionales, baos al vapor, sopas rec…"
"1543719435","IMUSA Cocina Moderna","Colombia","Latin America","21","225","4.90222","225","IMUSA es la App perfecta para descubrir todas las posibilidades de deliciosas recetas caseras que podrás disfrutar fácilmente gracias a tus electrodomésticos IMUSA, los cuales te ayudarán a prepararlas. La aplicación te ofrece una experiencia única: - Entra en el mundo de las recetas IMUSA: ¡más de …"
"6752374123","Recipe Organizer - Recigen","Colombia","Latin America","22","0","0","0","Import Recipes in Seconds Bring your favorite recipes into Recigen instantly! Use our AI-powered image recognition to scan printed or handwritten recipes, paste recipe text, or import directly from social sites like Instagram, Facebook, TikTok, and so on. Building your personal cookbook has never be…"
"6758606476","Juegos de cocina: Comida china","Colombia","Latin America","23","0","0","0","¡Cocina deliciosos platos asiáticos! Únete al chef panda y prepara tus platos asiáticos favoritos — ¡desde fideos sabrosos hasta jugosas empanadillas! Sigue las recetas paso a paso y sirve una mesa llena de delicias. Qué hay en el juego: - Emocionantes aventuras en la cocina con muchas formas de coc…"
"6739286231","Osta: Guardar recetas","Colombia","Latin America","24","159","4.79244","159","Con Osta puedes guardar e importar recetas de Instagram, sitios web y TikTok. Organiza y cocina tus recetas favoritas en tu propia caja de recetas personalizada. Todas tus recetas en un solo lugar. • Importa recetas al instante desde Instagram, TikTok o una web. • Cocina con una vista de receta simp…"
"1473648026","Papa Johns Pizza UAE","Colombia","Latin America","25","10","4.7","10","We’ve made ordering even easier! Download the new official Papa Johns pizza app and order your favorite pizza, sides, and drinks for delivery or takeaway. Want to dine in? No problem! Order online and eat at one of our pizza restaurants in the UAE. Enjoy exclusive in-app deals, earn Papa Points when…"
"714121079","REWE - Supermarkt","Germany","Western Europe","1","972631","4.55121","972631","Sammeln, sparen & bestellen ganz einfach mit deiner REWE App. Ob Euros sammeln und einlösen mit unserem Vorteilsprogramm REWE Bonus, noch mehr sparen mit aktuellen Angeboten in deinem Markt, Treupunkte sammeln, mit einem Scan sicher zahlen, deinen digitalen Kassenbon erhalten oder köstliche Rezeptid…"
"943905271","Wolt - Essen Bestellen & mehr","Germany","Western Europe","2","30035","4.58052","30035","Wolt macht es unglaublich einfach, tolles Essen, Lebensmittel und alles, was du sonst noch so brauchen könntest, in deiner Stadt zu entdecken und liefern zu lassen. Worauf auch immer du Lust hast, du kannst es dir liefern lassen. Wähle einfach ein Restaurant oder ein Geschäft aus und wische, um zu b…"
"1018175041","Picnic: Supermarkt & Rezepte","Germany","Western Europe","3","34379","4.72457","34379","Picnic ist der Supermarkt auf Rädern – dein Supermarkt Lieferservice für den gesamten Wocheneinkauf. Wir liefern frische Lebensmittel, Bio-Lebensmittel, regionale Produkte und bekannte Marken zum Picnic Preis. Und das Beste: wir bieten immer gratis Lieferung nach Hause. Hol dir die Picnic App, erste…"
"6777471316","mise – Essensplaner","Germany","Western Europe","4","984","4.39939","984","mise – Essensplaner Mach Schluss mit dem Stress bei der täglichen Frage, was du essen sollst. mise hilft dir, in Sekundenschnelle personalisierte Essenspläne zu erstellen – basierend auf deinen Ernährungspräferenzen, Kalorienzielen, bevorzugten Supermärkten, deinem Budget und den Zutaten, die du ber…"
"714004506","Die Thermomix® Cookidoo® App","Germany","Western Europe","5","581809","4.77832","581809","Mit der offiziellen Thermomix® Cookidoo® App kannst du in die immer größer werdende Welt der köstlichen Thermomix® Rezepte mit Guided-Cooking-Funktion eintauchen. Du wählst deine Rezepte aus, die dich überallhin begleiten. Einfach ein Konto erstellen und loslegen! SMART @ HEART Mit Cookidoo® hast du…"
"6742485790","Rezepte - Was kann ich essen?","Germany","Western Europe","6","5075","4.66877","5075","Rezepte speichern von Social Media und mit Supermarkt Angeboten verknüpfen! Willkommen bei Was kann ich essen? – deiner cleveren Rezepte-App, mit der du virale Social-Media-Rezepte speichern und direkt mit aktuellen Rabatt-Zuaten aus dem Angebot der Supermärkte kombinieren kannst! Mit der ständigen …"
"6752661764","famila GO","Germany","Western Europe","7","78","3.29487","78","Mit famila GO wird dein Einkauf noch einfacher, persönlicher und günstiger. Entdecke exklusive Coupons, spare bei aktuellen Angeboten, lass dich von leckeren Rezeptideen inspirieren und nutze praktische Tools wie unsere Einkaufsliste. So hast du alle Vorteile immer in deiner Hosentasche – ob zu Haus…"
"6752654662","Denns Bio App: Bio & Rabatte","Germany","Western Europe","8","952","2.24054","952","Cashback, coupons und Rabatte für deinen Bio-Einkauf – mit deiner Denns Bio App. Stell dir vor, du öffnest die App und hast sofort alle Bio-Angebote im Blick, deine Einkaufsliste ist schon vorbereitet und ein passender Rabattcoupon wartet auf dich. Mit der Denns Bio App wird dein Einkauf einfacher, …"
"1593779280","ReciMe: Rezepte & Essensplaner","Germany","Western Europe","9","5241","4.56515","5241","Der Nr. 1-Rezept-Organizer. ReciMe speichert all deine Lieblingsrezepte an einem Ort - von Instagram, Facebook, TikTok, YouTube und Pinterest. Erstelle Einkaufslisten und Wochenpläne. Berechne Kalorien für jedes Rezept. Egal, wie du kochst - ReciMe hilft dir dabei, es besser zu machen. FEATURES - Re…"
"1273758728","HomeID","Germany","Western Europe","10","25173","4.68645","25173","HomeID, ehemals NutriU, ist deine All-In-One App für die Planung und Zubereitung von Mahlzeiten mit einer Vielzahl an gesunden und leckeren Rezepten, die es zu entdecken gilt. Sie ist dein Begleiter für leckere Airfryer-Rezepte und Mahlzeiten – vom Frühstück bis zum Abendessen, von gesunden Snacks b…"
"970107419","HelloFresh: Kochbox & Rezepte","Germany","Western Europe","11","60408","4.54913","60408","HelloFresh: Einfach besser essen. Melde Dich jetzt bei HelloFresh an und erlebe, wie einfach und abwechslungsreich Dein Abendessen sein kann. WARUM DU MIT HELLOFRESH KOCHEN SOLLTEST? So stressfrei: Alles, was Du für Dein Abendessen benötigst wird direkt an Deine Haustür geliefert So frisch: Grammgen…"
"478618165","Chefkoch – Rezepte & Kochen","Germany","Western Europe","12","268155","4.72978","268155","Du stehst mal wieder vor der Frage: »Was koche oder backe ich heute?« Dann bist du bei Chefkoch mit über 370.000 leckeren und gesunden Rezepten genau richtig! Ob kochen oder backen, für dich allein oder um deine Gäste zu beeindrucken, für Anfänger oder Kochprofis – bei Chefkoch findest du Rezepte fü…"
"1577201493","Choosy: Essensplaner & Rezepte","Germany","Western Europe","13","3536","4.87359","3536","""Was essen wir heute?"" Kaum eine Frage sorgt im vollen Familien- und Arbeitsalltag für so viel regelmäßigen Stress. Zwischen Job, Hausaufgaben und Hobbys bleibt oft einfach keine Energie mehr für aufwendige Essenspläne oder kreative Rezeptideen. Genau hier kommt Choosy ins Spiel. ""Seitdem wir Choosy…"
"547644785","HIT App","Germany","Western Europe","14","12511","4.49109","12511","Spare Geld, Papier und vieles Mehr – mit der HIT App hast du alles rund um deinen Einkauf perfekt im Griff! Die HIT App ist dein smarter Begleiter für den nächsten Einkauf in unseren Märkten. Sie spart dir bares Geld durch exklusive App-Preise, reduziert Papiermüll dank digitaler Kassenbons und vere…"
"6756516262","Miso - Recipe Keeper","Germany","Western Europe","15","2079","4.53054","2079","Kein ewiges „Wo hab ich das Rezept bloß gespeichert?"" mehr. Mit Miso - Recipe Keeper sammelst du Rezepte aus jeder Quelle an einem Ort. Kochvideos auf Social Media gucken, Rezepte speichern, loslegen. Kochen neu gedacht für 2026 und Social Media. REZEPTE SPEICHERN UND TATSÄCHLICH KOCHEN Früher: Scre…"
"6746120350","Einfach Backen","Germany","Western Europe","16","64","4.32813","64","Backen war noch nie so einfach und inspirierend. Mit der neuen Einfach-Backen-App hast du deine Lieblingsrezepte immer dabei. Von süßen Klassikern bis hin zu neuen Ideen – über tausende leckere Rezepte lassen dich das Backen neu erleben. Bei uns dreht sich alles rund um das Herzensthema Backen. Ausg…"
"795495986","KptnCook: Rezepte & Kochen","Germany","Western Europe","17","49920","4.76689","49920","„Was koche ich heute? Was kann ich essen?“ Mit KptnCook sind neue Ideen für alltägliche Mahlzeiten einfach zu finden. Die App liefert täglich frische Rezepte und hilft beim Kochen mit einem smarten Essensplaner, einem persönlichen Kochbuch und einer automatisch sortierten Einkaufsliste. Ideal, um sc…"
"1601253041","bofrost*","Germany","Western Europe","18","34696","4.71469","34696","Und so geht's: Kostenfrei registrieren, anmelden und mit dem bofrost* Online‑Kundenkonto ganz bequem über die App bestellen. Das kannst du mit der App tun: • Rund um die Uhr (24/7) bequem vorbestellen • Neuheiten und Angebote entdecken • Die bofrost* Rezeptwelt erkunden • Deine Produkte im Freezer M…"
"6754413004","TGB: Meal Planner & Recipes","Germany","Western Europe","19","0","0","0","Do you buy groceries with a plan, then still feel stuck at dinner time? TGB helps you map out the week first, then builds a grocery list from your plan. Your shopping matches your week menu, so you use what you buy. Save what works and move things around when plans change. Keep recipe ideas in one p…"
"6749608927","Air Fryer Club","Germany","Western Europe","20","915","4.69071","915","Du liebst deinen Airfryer, aber hast das Gefühl, du machst immer nur Pommes und Brötchen? Dabei geht noch so viel mehr! Der Air Fryer Club zeigt dir, was alles möglich ist: Von schnellen Feierabend-Gerichten über gesunde Protein-Bowls bis hin zu den viralen TikTok-Trends – hier findest du alles an e…"
"6739286231","Osta: Rezepte speichern","Germany","Western Europe","21","364","4.53297","364","Mit Osta kannst du Rezepte von Instagram, Websites und TikTok speichern und importieren. Organisiere und koche deine Lieblingsrezepte in deiner eigenen persönlichen Rezeptbox. Alle deine Rezepte an einem Ort. • Importiere Rezepte sofort von Instagram, TikTok oder einer Website. • Koche mit einer ein…"
"1045591728","De'Longhi COFFEE LINK","Germany","Western Europe","22","6947","4.10206","6947","Verbinden Sie sich mit Ihren intelligenten De’Longhi Kaffeemaschinen und bereiten Sie Ihre Lieblingsgetränke zu. Entdecken Sie die Welt des Kaffees mit Ihrer De’Longhi Kaffeemaschine direkt auf Ihrem Smartphone. Coffee Link bietet Ihnen alles, was Sie für ein völlig neues Kaffeeerlebnis benötigen: M…"
"1164423781","Gronda: Rezepte für Köche","Germany","Western Europe","23","2282","4.72524","2282","** Apple App des Tages in über 120 Ländern ** ** Genutzt von über 2 Millionen Köchen weltweit ** ""Unendliche Inspiration"" — Netflix-Star Ana Roš Gronda ist die Nr. 1 App für Profi- und Hobbyköche. Lerne von den Besten, entdecke Fine-Dining-Rezepte und verbinde dich mit einer weltweiten Community von…"
"1577138369","Monsieur Cuisine App","Germany","Western Europe","24","9077","4.61122","9077","Das Upgrade für deine Küche! Entfalte mit der Monsieur Cuisine App das volle Potential deines Monsieur Cuisine und erlebe die ganze Welt des smarten Kochens – mit exklusiven Vorteilen, unzähligen Rezepten, nützlichen Tipps & Tricks, einer tollen Community und weiteren zusätzlichen Funktionen für ein…"
"6670216494","Mob: Meal Planner and Recipes","Germany","Western Europe","25","155","4.11613","155","Join 4 million+ home cooks who've made weeknight cooking easy. Plan your week, build your shopping list in a tap, and never cook the same thing twice. Apple App of the Day and featured by Apple. Rated 4.5 stars by our community and loved in the press. Mob turns cooking from a daily scramble into the…"
"1236188773","Hg - Eat Real","Germany","Western Europe","26","123","4.5122","123","Hg, known as Honest Greens outside of the UK, was Born from bold Mediterranean flavours, open fire cooking, and real ingredients. We’re quietly pioneering a movement to democratise Real Food and make healthy eating an easy, exciting choice. We proudly serve ethically sourced products made from the h…"
"6480109616","Nespresso Smart","Germany","Western Europe","27","64","2.53125","64","Entdecken Sie die Expertenfunktionen Ihrer Nespresso verbundenen Maschine* mit Nespresso Smart: ◦ Entdecken Sie die Expertenfunktionen Ihrer Nespresso verbundenen Maschine* mit Nespresso Smart: ◦ Beste Kaffeequalität Tasse für Tasse. Verbesserte Wartungsinhalte, um qualitativ hochwertigen Kaffee Tas…"
"1374310421","Waldfleisch Marktplatz","Germany","Western Europe","28","8005","4.90069","8005","Die Waldfleisch App gibt wieder allen Menschen die Möglichkeit das nachhaltige, leckere und gesunde Fleisch aus dem Wald zu genießen: Direkt vom Jäger aus der Region! Außerdem kann man direkt in der App die passenden Weine zu dem hochwertigen Wildfleisch bei Deutschlands Weinhändler Nr. 1 bestellen.…"
"6553996285","Bosch BetterFood","Germany","Western Europe","29","623","4.72231","623","Deine Vorteile - Tausende leckere, alltagseinfache Rezepte in Profi-Koch-Qualität - Personalisierbare Rezepte, so einzigartig wie du - Alle Gesundheitsinfos & Nährwerte für bewusste Ernährung im Blick - Nachhaltig planen mit vorhandenen & saisonalen Zutaten - Stressfrei & smart kochen mit vernetzten…"
"1611372513","My Tefal, zusammen kochen","Germany","Western Europe","30","861","4.44135","861","... und die Bestellung von Zubehör für Ihren Multikocheren, ihren grills und ihren fritteusen: Optigrill, Kuchenbackautomat, Actifry, Standmixer, Easy Fry, Pizzaofen und Steam up. ERLEICHTERN SIE IHREN KÜCHENALLTAG: Finden Sie mit nur zwei Klicks Rezepte nach Ihren Bedürfnissen (frisches Gemüse der …"
"6464373575","My Coffee Lounge","Germany","Western Europe","31","87","4.29885","87","Entdecken Sie die Welt des Kaffees mit My Coffee Lounge Begeben Sie sich mit Ihrer De'Longhi Kaffeemaschine auf eine Entdeckungsreise durch die Welt des Kaffees – ganz bequem von Ihrem Smartphone aus. Erleben Sie Kaffeegenuss auf einem neuen Niveau • Komfortable Steuerung: Steuern Sie Ihre vernetzte…"
"6460821436","Wochenplan & Essensplaner","Germany","Western Europe","32","606","4.56766","606","Wusstest du, dass Ernährungsplanung deine Gesundheit und dein Wohlbefinden verbessert? YouMealPlan ist die schönste All-in-One-App für deinen wöchentlichen Ernährungsplan – einfach, schnell und motivierend. WOCHENPLAN FÜR DEINE ERNÄHRUNG Erstelle wöchentliche Essenspläne, organisiere Rezepte und gen…"
"1082476620","McDonald’s U.K.","United Kingdom","Western Europe","1","920847","4.79962","920847","Download and place your first McDonald's order in restaurant, drive thru or delivery using the My McDonald's App. Ordering has never been easier with our new McDelivery feature. Or, if you prefer, why not have your order brought to you with Click & Serve? Available any time of day, with many restaur…"
"426415753","Domino's Pizza Delivery UK&ROI","United Kingdom","Western Europe","2","2247382","4.76225","2247382","When you want pizza, you really want pizza. Luckily, our app is the quickest and easiest way to order one with a whole host of exclusive features. Want to know more? Course you do… ORDER PIZZA Scroll through our easy-order menu and treat yourself to an all-time classic or discover something new! You…"
"933130307","KFC App UKI - Order & Delivery","United Kingdom","Western Europe","3","120500","4.72129","120500","Order finger lickin’ good food, get offers, discounts, rewards and more, with the KFC app. Download it today and join the millions of happy customers who can’t get enough of our delicious chicken, freshly prepared and hand-breaded in our restaurants everyday, ordered straight through our takeaway de…"
"6777471316","mise - meal planner","United Kingdom","Western Europe","4","1221","4.59705","1221","mise – meal planner Take the stress out of deciding what to eat. mise helps you generate personalised meal plans in seconds based on your dietary preferences, calorie goals, favourite UK supermarkets, budget, and the ingredients you already have at home. Whether you're meal prepping for the week, tr…"
"1593779280","ReciMe: Recipes & Meal Planner","United Kingdom","Western Europe","5","19447","4.72926","19447","The number 1 recipe organizer. ReciMe saves all your favorite recipes in one place, including Instagram, Facebook, TikTok, YouTube and Pinterest. Create grocery lists and meal plans. Calculate calories for every recipe. However you cook, ReciMe helps you do it, better. FEATURES - Save Recipes from I…"
"6777230233","Herbi: Meal Planner + Recipes","United Kingdom","Western Europe","6","177","4.18079","177","Tired of deciding what to cook every night? Herbi makes weekly meal planning simple. Discover delicious recipes, save the ones you spot on TikTok and Instagram, build a personalised meal plan in minutes, and get a supermarket shopping list that's ready to go. Whether you're cooking for yourself, you…"
"6444842080","Pepe's","United Kingdom","Western Europe","7","44","2.54545","44","Why choose the Pepe’s App: We're thrilled to introduce our latest Pepe’s App update, designed to make your Pepe's journey even more pepe’licious. Here's why you should choose the Pepe’s App. 10% Off Your First Order: Embark on your Pepe’s journey with a warm welcome first order discount! It's our wa…"
"1380750434","Miller & Carter","United Kingdom","Western Europe","8","25189","4.82246","25189","Download the Miller and Carter App for easier access to our unique steak experience. Providing the best levels of service to our guests is very close to our hearts. So whether you’d like to find out which of our quality wines to pair with meal or more about the different cuts and cook of our prime s…"
"1119397292","HungryPanda-Food Delivery","United Kingdom","Western Europe","9","7825","4.67232","7825","HungryPanda brings low discounts and popular Chinese food to satisfy you. Various kinds of discounts from merchants and HungryPanda are waiting for you! Too busy to cook? Craving for the authentic Asian cuisines? Wanna enjoy tasty food and great service at good price? HungryPanda should be your NO.1…"
"970107419","HelloFresh: Tasty Meal Planner","United Kingdom","Western Europe","10","85934","4.69879","85934","HelloFresh is a food recipe Box delivery service, developed to be your weekly meal planner. HelloFresh lets you choose from a wide range of recipes to create the perfect menu that delivers just the right amount of ingredients you need for cooking deliciously easy meals from scratch. You can say good…"
"992607465","Gousto","United Kingdom","Western Europe","11","178985","4.81942","178985","From 10 minute meals to global cuisines, Gousto makes it easier than ever to cook fresh, flavour-packed dishes at home. Every week, choose from our massive, ever-changing menu of recipes and get everything you need delivered to your door – perfectly measured ingredients and easy step-by-step recipe …"
"6475587257","Mealia - AI Grocery Assistant","United Kingdom","Western Europe","12","4465","4.77738","4465","Meet Mealia, your new grocery assistant here to help you save money and time on your weekly meals and grocery shopping from Tesco, Asda, Sainsbury's or Morrisons. Why Mealia? Smarter Meal Planning Say goodbye to decision fatigue. Just tell Mealia what you’re in the mood for, and it takes care of the…"
"6670216494","Mob: Meal Planner and Recipes","United Kingdom","Western Europe","13","4587","4.5945","4587","Join 4 million+ home cooks who've made weeknight cooking easy. Plan your week, build your shopping list in a tap, and never cook the same thing twice. Apple App of the Day and featured by Apple. Rated 4.5 stars by our community and loved in the press. Mob turns cooking from a daily scramble into the…"
"758103884","foodpanda: Food & Groceries","United Kingdom","Western Europe","14","53101","4.57596","53101","Discover the local choice for meals, groceries, and food delivery with foodpanda! Life can get overwhelming, but we’re here to help! Whether you need daily meals, groceries, or shopping essentials, foodpanda has got you covered with convenient food delivery. Order Your Favourite Food with Just 3 Sim…"
"6739286231","Osta: Save & Share Recipes","United Kingdom","Western Europe","15","1076","4.69052","1076","With Osta, you can save & import recipes from Instagram, websites, and TikTok. Organize and cook your favorite recipes in your own personalized recipe box. All your recipes in one place. • Import recipes instantly from Instagram, TikTok, or a website. • Cook using a simple recipe display with no clu…"
"6480109616","Nespresso Smart","United Kingdom","Western Europe","16","324","1.9784","324","Unbox the expert features of your Nespresso connected machine* with Nespresso Smart: • Pair and Brew. Pair your device and unlock the exclusive features of your connected coffee machine. • Best coffee quality cup after cup. Enhanced maintenance content to savour quality coffee cup after cup. • Custo…"
"6760607647","Ego Restaurants","United Kingdom","Western Europe","17","152","4.82237","152","Introducing the Ego Mediterranean Restaurants app. The must-have app for Ego Club Rewards members that gives you 20% off starters, mains and desserts when dining from our A La Carte menu.Plus, it gives you priority access to flash sales, exclusive offers and events. With over 30 locations in our fam…"
"6752922875","Tabelog: Food planner in Japan","United Kingdom","Western Europe","18","283","4.76325","283","Find, review, and book a table at Japan’s best local restaurants, before you go or while you travel. Tabelog is Japan’s leading restaurant search, food review, and table reservation app, trusted by locals and travelers alike. With over 800,000 restaurants nationwide and more than 82 million authenti…"
"6443897554","Frive Nutrition","United Kingdom","Western Europe","19","784","2.66964","784","App features: - Plan Ahead: Select your meals up to 3 weeks in advance. - Smart Meal Ratings: Rate your meals and let our algorithm learn your preferences, allowing us to deliver more meals you’ll love. - Rewards: Easily track the points you're earning towards exclusive rewards—discounts, credits, f…"
"1582448658","Creams Café","United Kingdom","Western Europe","20","994","4.68208","994","Welcome to the official Creams Café app – your new go-to for indulgent desserts, exclusive rewards, and effortless ordering. Whether you're craving a classic cookie dough, a loaded sundae, or one of our savoury hot pockets, we’re bringing you the magic of Creams in just a few taps. What’s Inside: Or…"
"6811329112","Yuma : Menus de la semaine","France","Western Europe","1","129","4.66667","129","Qu'est-ce qu'on mange cette semaine ? Yuma s'en occupe. Dites à Yuma pour combien vous cuisinez, où vous faites vos courses, ce que vous aimez, ce que vous évitez et votre budget. Quelques minutes plus tard, vos dîners de la semaine sont planifiés et votre liste de courses est prête, déjà chiffrée. …"
"1058959277","Uber Eats : Livraison de repas","France","Western Europe","2","1816549","4.62657","1816549","Commandez des repas et des courses depuis vos restaurants et magasins préférés et faites-vous livrer à domicile en quelques clics grâce à l'application Uber Eats. Suivez votre commande en temps réel. DÉCOUVREZ VOS PLATS ET RESTAURANTS PRÉFÉRÉS Commandez dans les restaurants à proximité en recherchan…"
"6753673412","Grand Frais","France","Western Europe","3","17751","4.65477","17751","L’APP QUI VOUS RECOMPENSE Pour rendre chaque visite dans votre magasin Grand Frais encore plus savoureuse, scannez simplement votre QR code en caisse, depuis « Ma carte » dans l’application et laissez la magie opérer : • Des cadeaux et récompenses toute l'année • Le Panier Gourmand : tentez de gagne…"
"1001501844","Deliveroo : Faites-vous livrer","France","Western Europe","4","972003","4.54793","972003","Une petite faim ? Vos restaurants et commerces préférés, livrés chez vous en 20 minutes* avec Deliveroo. Des pépites de votre quartier aux grandes enseignes et chaînes de restauration, découvrez des milliers de restaurants et commerces proches de chez vous. FAITES VOUS LIVRER CE QUE VOUS AIMEZ : - R…"
"1301257625","Jow - Recettes, Menus, Courses","France","Western Europe","5","47350","4.81178","47350","“Qu'est-ce qu'on mange ce soir ?” Avec Jow, cette question c’est fini ! Jow vous recommande des recettes sur mesure selon vos goûts, votre foyer et vos ustensiles. Choisissez celles qui vous plaisent et, en un clic, tous les ingrédients atterrissent dans votre panier, prêts à être commandés chez vot…"
"1622002883","KFC France : Poulet & Burger","France","Western Europe","6","15038","4.56649","15038","« Tellement croustillant qu’on ne s’entend plus parler la bouche pleine », « Croustillant à l’extérieur et tendre à l’intérieur, un peu comme vous ». Vous avez souri en lisant ça ? Vos papilles aussi. L’application KFC® risque de vous faire le même effet. Téléchargez l’application KFC® et commandez …"
"359085347","Quick France","France","Western Europe","7","1682","3.12426","1682","QUICK DANS VOTRE POCHE, À CHAQUE ENVIE Gardez votre restaurant préféré dans votre poche ! En téléchargeant l’app Quick France, accédez au meilleur de la gourmandise : offres exclusives, gain de temps avec le Click & Collect et programme de fidélité toujours à jour. Que vous soyez pressé, fidèle ou s…"
"424850908","TheFork. Guide de restaurants","France","Western Europe","8","363367","4.75854","363367","TheFork est l'application N°1 en Europe de la réservation de restaurants. Depuis 2007, elle permet aux gourmets du monde entier de réserver les meilleures tables au meilleur prix. Avec TheFork, vous allez enfin réserver LE bon resto où que vous soyez. A table ! Pourquoi TheFork ? Voici 6 raisons de …"
"970107419","HelloFresh, la Box à cuisiner","France","Western Europe","9","38196","4.67031","38196","Vous êtes en manque d’idées pour le dîner ? Vous êtes à la recherche d'une solution pour cuisiner des repas frais et variés sans tracas ? Découvrez HelloFresh ! Chaque semaine, vous pouvez choisir parmi une vaste sélection de recettes et recevoir une Box de nourriture remplie d'ingrédients frais et …"
"6753683618","GoomY: enregistre tes recettes","France","Western Europe","10","2227","4.60395","2227","GoomY est l’app qui transforme les recettes repérées sur les réseaux sociaux en fiches claires et exploitables. Copiez un lien depuis votre plateforme préférée et retrouvez automatiquement la recette dans l’app, quel que soit le réseau social d’origine. Rangez en un geste vos recettes par dossiers t…"
"6752601333","Basta Batchcooking - meal prep","France","Western Europe","11","1442","4.62275","1442","Et si tu cuisinais une seule fois pour toute la semaine ? Basta est l'app de batch cooking qui prépare ta semaine à ta place : un menu personnalisé selon tes goûts, ton régime et tes allergies, une liste de courses générée automatiquement, des recettes guidées pas à pas et des conseils de conservati…"
"1018175041","Picnic supermarché & recettes","France","Western Europe","12","1839","3.95922","1839","Picnic est le supermarché en ligne pour faire vos courses facilement dans une appli simple. Téléchargez l’application Picnic et profitez du choix d’un hyper: épicerie, produits frais, marques et produits bio. Découvrez aussi des recettes et des idées repas pour cuisiner sans stress, avec un menu pra…"
"714004506","Thermomix® Cookidoo®","France","Western Europe","13","258409","4.76949","258409","L'application Cookidoo® Thermomix® officielle vous permet d'accéder à l’univers sans fin des recettes en cuisine guidée de Thermomix®. Vous pouvez choisir les recettes qui vous accompagnent, où que vous soyez. Créez un compte et aux fourneaux ! L’INTELLIGENCE INCARNÉE Connectez-vous à Cookidoo® pour…"
"6766470144","Simple Pantry Flow","France","Western Europe","14","0","0","0","Créez votre propre collection de recettes avec ingrédients, étapes de préparation et catégories adaptées à votre façon de cuisiner à la maison. Tout est présenté dans un format clair et facile à lire, conçu pour une utilisation rapide en cuisine. Ajoutez des photos à vos produits de garde-manger pou…"
"6754968198","Fresh le magasin","France","Western Europe","15","6368","4.80072","6368","Découvrez l’application mobile fresh, votre magasin spécialiste des produits frais fresh, c’est votre magasin de proximité dédié aux produits frais : fruits et légumes, boucherie, poissonnerie, fromagerie, traiteur. Avec l’application mobile fresh, retrouvez dans votre poche tout l’univers de votre …"
"1596445262","My Moulinex, la cuisine facile","France","Western Europe","16","50936","4.78357","50936","... et commander des accessoires pour vos robots et blenders : Cookeo, Companion, Blenders, Turbo Cuisine, Easy Fry, Cook'in One, Kitchen Machines... FACILITEZ-VOUS LA VIE EN CUISINE : Trouvez des recettes selon vos besoins en 2 clics (légumes frais de saison, cuisine du monde, recettes prêtes en mo…"
"1575726528","Cuisinez pour bébé","France","Western Europe","17","1228","4.92997","1228","Recevez chaque semaine un nouveau menu pour faire le plein de découvertes culinaires avec votre bébé ! Dans cette application, il y a 2000 recettes pour bébé : - Des purées, - Des goûters, - Des desserts, - Des finger food, - Des batch cooking, - Et des recettes à partager en famille ! Quelle que so…"
"1034349317","Refectory (Dejbox)","France","Western Europe","18","5555","4.77066","5555","Notre mission ? Vous régaler à l’heure de la pause déjeuner en vous embarquant dans nos univers culinaires où tout est décuplé : le goût, la qualité & l’authenticité. Exit la routine au boulot, notre food market se renouvelle chaque semaine pour que la pause dej’ ne soit jamais sans saveur. Cuisine …"
"6759919620","Jowzi - l'IA pour vos courses","France","Western Europe","19","72","4.51389","72","Découvrez Jowzi, la 1ère appli IA qui fait toutes vos courses. ChatGPT peut vous donner des idées recettes et des astuces cuisine. Mais il ne peut pas faire votre plein de courses pour lundi. Jowzi, si. Jowzi c’est le Super-Assistant qui s’occupe des courses et des repas : parlez ou écrivez-lui ce d…"
"566347057","Just Eat - Food Delivery","France","Western Europe","20","1248","4.61939","1248","Pizza du vendredi soir, déjeuner sain à emporter ou dîner sympa entre amis, tout est sur l’application gratuite Just Eat. Commandez en ligne pour une livraison à domicile, un retrait auprès de vos restaurants préférés ou des établissements de vente à emporter près de chez vous. Commandez auprès de v…"
"6747977952","Sub Like Me par Subway®","France","Western Europe","21","222","4.79279","222","Ta nouvelle app’ SUBWAY® s’appelle Sub Like Me Personnalise ton app’ Sub Like Me, ton expérience SUBWAY® et régale-toi. - Récolte des points : 1 € = 10 SubCoins À chaque commande dans ton restaurant SUBWAY®, tu gagnes des SubCoins. Plus tu cumules, plus tu débloques des récompenses. - Des niveaux à …"
"943905271","Wolt Delivery: Food and more","France","Western Europe","22","2342","4.75662","2342","Enjoy your favorite restaurants and stores, all in one place. The Wolt app makes it easy to discover and order (almost) anything from your city. From delicious food and fresh groceries to pharmacy and pet supplies. Search by category, cuisine, restaurant or item! You can easily browse popular restau…"
"6502602776","Kooul: Livraison de repas","France","Western Europe","23","460","4.52174","460","Kooul, votre application marocaine de livraison de repas à domicile, avec plus de 800 restaurants partout au Maroc. Du fast-food aux courses, commandez ce que vous voulez, plus vite et moins cher. Commandez moins cher avec Kooul. Pourquoi choisir Kooul ? Une application 100 pour cent marocaine, conç…"
"1606330676","Toqla","France","Western Europe","24","125","2.744","125","Toqla est une solution de restauration 100% adaptée au travail hybride. Au bureau, à domicile, en déplacement… j’ai accès à toutes les offres disponibles et je gère mes comptes restaurant d’entreprise ou titres-restaurant (ou les deux), en quelques clics. Parmi les fonctionnalités : - Gérer mon comp…"
"6747407850","La Bonne App - Restaurant","France","Western Europe","25","162","3.76543","162","La Bonne App vous régale ! Du clic à l'addition, tout est là. Trouvez un restaurant, réservez votre table, consultez le menu, payez votre addition à table et cumulez des points à chaque repas. Avec La Bonne App, vos sorties resto deviennent plus simples, plus rapides et plus avantageuses. Pour un dé…"
"6480109616","Nespresso Smart","France","Western Europe","26","102","3.01961","102","Découvrez toutes les fonctionnalités de votre machine Nespresso connectée* avec Nespresso Smart : ◦ Connectez et dégustez. Connectez votre machine Nespresso pour accéder à des fonctionnalités exclusives. ◦ Un café toujours de qualité tasse après tasse. Aide simplifiée pour entretenir votre machine e…"
"1593779280","Recettes & Idées Repas: ReciMe","France","Western Europe","27","2069","4.63218","2069","L’organisateur de recettes n°1. ReciMe garde toutes tes recettes préférées au même endroit, y compris celles d’Instagram, Facebook, TikTok, YouTube et Pinterest. Crée des listes de courses et des plans de repas. Calcule les calories de chaque recette. Peu importe comment tu cuisines, ReciMe t’aide à…"
"6752922875","Tabelog - Restaurants au Japon","France","Western Europe","28","120","4.81667","120","Trouvez, consultez et réservez une table dans les meilleurs restaurants locaux du Japon, avant votre départ ou pendant votre voyage. Tabelog est l’application de référence au Japon pour la recherche de restaurants, les avis culinaires et les réservations de tables, utilisée et approuvée par les loca…"
"318796083","Marmiton : recettes de cuisine","France","Western Europe","29","139144","4.59162","139144","Cuisiner va devenir un jeu d’enfant car vous simplifier la vie en cuisine est la mission que nous nous sommes fixée ! Trouvez des recettes à partir des ingrédients que vous avez dans vos placards et votre réfrigérateur en un clic. Découvrez la recette du jour, toujours de saison et toujours délicieu…"
"1543223389","Côté Sushi, livraison de repas","France","Western Europe","30","4606","4.77399","4606","Envie de voyager from « Japan to Peru » ? Alors il est temps de se faire plaisir et de commander sur l’app Côté Sushi en quelques clics. Côté Sushi est une enseigne spécialiste de la cuisine nikkei d’inspiration japonaise et péruvienne. Encore peu connu en France, l’art culinaire nikkei est le fruit…"
"6499310857","Lucie","France","Western Europe","31","26","2.61538","26","Lucie est une enseigne connectée au quotidien ! Que vous soyez actifs ou retraités, jeune ou plus expérimenté. Lucie pour aider ceux qui adorent cuisiner, comme ceux qui rêvent de mettre les pieds sous la table en moins de 10min. Elle est la complice des pauses déjeuners sur le pouce au bureau, du r…"
"1353826313","Cookomix","France","Western Europe","32","26309","4.8971","26309","Cookomix est une application gratuite d'échange de recettes adaptées au Thermomix ®. Découvrez-y les meilleures recettes écrites et commentées par la communauté et présentées de manière simple et lisible comme sur votre appareil ! Ajoutez vos propres recettes, sauvegardez dans votre carnet vos préfé…"
"1635557182","Bene Bono","France","Western Europe","33","671","4.38002","671","Bene Bono c'est : 800 bons produits à prix imbattables, sauvés du gaspillage chaque semaine, auprès de producteurs engagés Des fruits et légumes 100% Bio, ainsi que tous vos rayons préférés : Epicerie, Maison, Beauté, Boissons et produits Frais. Comme au supermarché, mais en mieux ! Des produits jus…"
"6737542752","WeChef - Carnet de recettes","France","Western Europe","34","5112","4.68936","5112","DÉCOUVREZ WECHEF : VOTRE COMPAGNON ULTIME POUR LES RECETTES ET LES REPAS Wechef révolutionne votre façon de cuisiner, de planifier et de découvrir des recettes. Que vous utilisiez des restes, importiez des recettes depuis Internet ou planifiiez des repas pour une occasion spéciale, Wechef simplifie …"
"6758073678","BellySafe – Manger serein","France","Western Europe","35","47","4.3617","47","BellySafe te dit en quelques secondes si tu peux manger un aliment, un produit ou un plat. Fromages, charcuterie, poissons, fruits de mer, plats préparés : entre pasteurisation, cuisson et conservation, les étiquettes ne sont pas toujours claires. BellySafe vérifie pour toi et te donne une réponse s…"
"1273758728","HomeID","France","Western Europe","36","8851","4.73144","8851","HomeID, anciennement NutriU, est votre application tout-en-un pour planifier et préparer vos menus, avec une variété de recettes saines et délicieuses parmi lesquelles choisir. C'est le compagnon idéal pour trouver des idées de recettes et concocter de délicieux petits plats avec un Airfryer, du pet…"
"6762199026","Del Arte - Commande & Fidélité","France","Western Europe","37","129","4.24806","129","Découvrez la nouvelle expérience Del Arte ! Bienvenue sur notre toute nouvelle application, entièrement repensée pour vous offrir un service plus fluide et plus rapide. Que vous soyez amateur de pizzas généreuses, de pâtes savoureuses ou de douceurs italiennes, l'Italie s'invite directement sur votr…"
"977681072","Frigo Magic: Cuisine antigaspi","France","Western Europe","38","3001","4.4142","3001","**Frigo Magic : votre assistant culinaire écologique et personnalisé** L'histoire de Frigo Magic a commencé en 2014, lors d'un apéro entre amis. Sébastien, co-fondateur de Frigo Magic, a faim, mais son frigo et ses placards semblent dépourvus d'ingrédients intéressants. Heureusement, son ami Christo…"
"6761544726","CuisineAZ : Recettes & Menus","France","Western Europe","39","93","4.69892","93","Votre carnet de recettes gratuit et sur-mesure pour planifier vos repas en un clic. Avec l’application CuisineAZ, centralisez tout au même endroit : sauvegardez vos coups de cœur en un geste et ajoutez vos propres recettes de famille. Vos repas du quotidien sont enfin organisés et accessibles facile…"
"719972451","DoorDash - Food Delivery","France","Western Europe","40","3205","4.68674","3205","Livraison de nourriture où que vous soyez. DoorDash offre une vaste sélection de vos restaurants locaux préférés — plus de 310 000 menus à travers plus de 4 000+ villes des États-Unis, au Canada et en Australie. Prenez le temps de faire ce que vous aimez — nous nous occupons du reste. VOS RESTAURANT…"
"1477200978","Mon Marché : Livraison courses","France","Western Europe","41","6768","4.84619","6768","COMMENCEZ VOS COURSES EN LIGNE Avec Mon Marché, vos courses en ligne n’ont jamais été aussi simples et savoureuses. Faites vos achats depuis le confort de votre maison. Notre service de livraison de courses à domicile couvre Paris et de nombreuses communes en Île-de-France. Découvrez la livraison de…"
"549837264","Sushi Shop, livraison de repas","France","Western Europe","42","49392","4.72595","49392","Commandez ici tous nos produits, au meilleur prix, sans frais de livraison ! Sushi Shop vous propose une large gamme de recettes d’inspiration japonaise et californienne en livraison ou à emporter : Sushi, Maki, California, Spring, Poke bowls, Curry etc. Découvrez toutes nos recettes à la carte et n…"
"1577138369","Monsieur Cuisine App","France","Western Europe","43","5456","4.61602","5456","La modernité absolue dans ta cuisine ! Libère tout le potentiel de ton Monsieur Cuisine avec l'application Monsieur Cuisine et découvre tout l'univers de la cuisine intelligente : des avantages exclusifs, d'innombrables recettes, des conseils et astuces utiles, une large communauté et d'autres fonct…"
"1113135685","Frichti : Plats maison & apéro","France","Western Europe","44","49042","4.68921","49042","Frichti vous livre des plats maison, des produits traiteur et les indispensables pour un repas parfait, en un éclair dans toute l’Île-de-France. À Paris et en petite couronne, c’est livré en 15 minutes. Ailleurs en Île-de-France, comptez seulement quelques heures. Plus besoin de cuisiner ou d’antici…"
"6794365868","Nyama : mes recettes rangées","France","Western Europe","45","38","4.42105","38","Tu enregistres une recette en vidéo. Trois semaines plus tard, tu ne la retrouves plus. Nyama la capture, la range, et te la remet en main le soir où tu cuisines. 1. Envoie-la Un lien Instagram, TikTok, YouTube ou un site de cuisine. Une photo de page de livre. Un texte collé. Nyama en tire les ingr…"
"296581815","OpenTable","France","Western Europe","46","8544","4.88542","8544","Chaque délicieux repas commence avec OpenTable. Téléchargez l'appli pour trouver le restaurant parfait où que vous soyez. DÉCOUVREZ QUELQUE CHOSE DE NOUVEAU - Choisissez parmi + de 60 000 restaurants dans le monde - Recherchez des happy hours, des menus dégustation et d’autres expériences gastronomi…"
"1164423781","Gronda : Recettes pour Chefs","France","Western Europe","47","2413","4.74389","2413","** Application du jour sur Apple dans plus de 120 pays ** ** Utilisée par plus de 2 millions de chefs dans le monde ** ""Inspiration sans limites"" — Ana Roš, star de Netflix Gronda est l'application numéro 1 pour les chefs professionnels et les amateurs passionnés. Apprenez des meilleurs, découvrez d…"
"1103326227","Quitoque : box repas maison","France","Western Europe","48","6767","4.51692","6767","Quitoque, c’est la box repas à cuisiner française qui transforme vos semaines en véritable plaisir de cuisine. Oubliez la corvée des courses : chaque semaine, composez votre box personnalisée avec plus de 40 recettes variées, équilibrées et adaptées à tous les styles de vie. Grâce à Quitoque, vos re…"
"6804841924","Nutribouille","France","Western Europe","49","0","0","0","La diversification alimentaire de bébé sans la charge mentale : avec Nutribouille, tu sais quoi proposer, quand et comment, jour après jour, sans rester dans le flou. Conçue par Marine, diététicienne diplômée d'État avec une expertise en petite enfance, l'application réunit au même endroit : un parc…"
"6740240178","AirfryAddict: Recette Airfryer","France","Western Europe","50","950","4.5221","950","En manque d'inspiration face à votre Air fryer ? Fatigué de ne préparer que des frites ? Réveillez votre créativité culinaire avec Airfry Addict ! Transformez votre appareil en un allié gourmand grâce à des centaines de recettes savoureuses, faciles et en français. DES RECETTES POUR TOUS LES GOÛTS Q…"
"6670216494","Mob: Meal Planner and Recipes","France","Western Europe","51","87","4.16092","87","Join 4 million+ home cooks who've made weeknight cooking easy. Plan your week, build your shopping list in a tap, and never cook the same thing twice. Apple App of the Day and featured by Apple. Rated 4.5 stars by our community and loved in the press. Mob turns cooking from a daily scramble into the…"
"6739286231","Osta: Enregistrer recettes","France","Western Europe","52","386","4.60104","386","Avec Osta, vous pouvez enregistrer et importer des recettes depuis Instagram, des sites web et TikTok. Organisez et cuisinez vos recettes préférées dans votre propre boîte à recettes personnalisée. Toutes vos recettes au même endroit. • Importez instantanément des recettes depuis Instagram, TikTok o…"
"6460821436","Planificateur Menu Semaine","France","Western Europe","53","787","4.6315","787","Saviez-vous que la planification des repas pouvait améliorer votre santé et votre humeur ? YouMealPlan est l'application plan repas ultime et intuitive qui rend la planification et la préparation des menus simples et agréables. PLANIFIEZ VOS MENUS AVEC UN JOLI DESIGN Créez vos plans de repas hebdoma…"
"1511474586","Gang of Pizza Vente en ligne","France","Western Europe","54","18","2.55555","18","Avec l’application Gang Of Pizza Vente En Ligne, retrouvez tous les distributeurs automatiques de pizzas et réservez vos pizzas à l’avance ! En quelques clics, vérifiez la disponibilité des pizzas dans votre distributeur préféré et commandez votre pizza favorite. Vous êtes un fidèle du GANG ? Conser…"
"6447694685","Pizza Hut France","France","Western Europe","55","1254","4.73764","1254","Nouvelle app Pizza Hut France. Commandez vos pizzas en livraison ou à emporter plus rapidement et plus facilement : - Retrouvez l’intégralité de la carte Pizza Hut : Pizzas, entrées, desserts ou boissons - Trouvez le Pizza Hut le plus proche à partir de votre position ou d’une adresse - Profitez tou…"
"1001501844","Deliveroo: Cibo a domicilio","Italy","Southern Europe","1","738828","4.54373","738828","La fame chiama? Con Deliveroo i tuoi piatti preferiti e i prodotti essenziali per la tua spesa arrivano da te in pochi minuti. Scopri migliaia di partner da cui ordinare, da ristoranti imperdibili a brand famosi e supermercati in zona. TUTTO IL GUSTO CHE VUOI, A DOMICILIO - Ristoranti: grandi catene…"
"714004506","App Cookidoo® Bimby® Ufficiale","Italy","Southern Europe","2","146645","4.83186","146645","Con l’app ufficiale Cookidoo® potrai accedere all'illimitato tesoro di ricette Bimby®, tutte in Modalità Guidata e con Garanzia di Successo. Tante ricette sempre a tua disposizione, ovunque ti trovi. Crea il tuo profilo e inizia a cucinare! SMART @ HEART Collegati a Cookidoo® e accedi alle oltre 100…"
"6670439675","POPEYES ITALIA","Italy","Southern Europe","3","54","3.59259","54","Scarica l'App Popeyes e potrai gustare il più famoso pollo della Louisiana senza lasciare l'Italia! Pollo fresco! Noi di Popeyes puntiamo su prodotti di alta qualità, senza rinunciare a una ricetta di lunga tradizione culinaria come il pollo alla Louisiana. Potete ordinare dal vostro cellulare e rit…"
"1058959277","Uber Eats: Consegna di cibo","Italy","Southern Europe","4","93431","4.56928","93431","I migliori piatti consegnati dove vuoi. Hai fame? Ordina il cibo che vuoi dai tuoi ristoranti preferiti e ricevilo a domicilio alla velocità di Uber. I piatti che ami, dove vuoi, quando vuoi. Trova le specialità locali di cui hai voglia con un semplice click. Dai uno sguardo ai ristoranti locali pre…"
"1593779280","Ricette & Meal Planner: ReciMe","Italy","Southern Europe","5","221","4.37104","221","Il ricettario numero 1. ReciMe salva tutte le tue ricette preferite in un unico posto, inclusi Instagram, Facebook, TikTok, YouTube e Pinterest. Crea liste della spesa e pianificatore pasti. Calcola le calorie per ogni ricetta. Qualunque sia il tuo stile di cucina, ReciMe ti aiuta a farlo meglio. FE…"
"6738960806","MyDSU","Italy","Southern Europe","6","9","2.66667","9","MyDSU è l'innovativa app, collegata alla piattaforma Ristocloud, che permette di gestire i servizi allo studente per la ristorazione. Ogni studente potrà consultare i menù pubblicati in Ristocloud, fruibili in uno o più ristoranti attivi, con navigazione interattiva e completa delle ricette. Fornisc…"
"1273758728","HomeID","Italy","Southern Europe","7","8707","4.72516","8707","Sblocca il vero potenziale di casa tua grazie a HomeID. HomeID, ex NutriU, è l’app onnicomprensiva per migliorare la tua organizzazione domestica. Per prima cosa, ti accompagnerà nei pasti da preparare con l’Airfryer, dalla colazione alla cena, passando per snack salutari e pause caffè ricche di gus…"
"6747386728","Avocadish: Salva Ricette","Italy","Southern Europe","8","338","4.67751","338","Avocadish è l'app all-in-one per salvare ricette, pianificare i pasti e creare liste della spesa. Salva le ricette da TikTok, Instagram, Pinterest, Facebook o perfino da foto di libri di cucina e appunti scritti a mano. FUNZIONALITÀ - Salva ricette dai Social Media – Importa ricette da TikTok, Insta…"
"1115655582","Dispensa Emilia","Italy","Southern Europe","9","16382","4.75595","16382","Scarica l’App, carica l’appetito! L’app Dispensa Emilia ti dà tutto quello che serve per fare quello che ami: un solo click per avere un mondo di vantaggi. Perché non puoi farne a meno? Semplice, ecco perché: 1. SALTA LA FILA Accomodati subito al tavolo, ordina e paga online con un click! 2. PIÙ MAN…"
"1164423781","Gronda: Ricette per Chef","Italy","Southern Europe","10","3655","4.74993","3655","** App del giorno su Apple in oltre 120 Paesi ** ** Usata da oltre 2 milioni di chef in tutto il mondo ** ""Ispirazione infinita"" — Ana Roš, star di Netflix Gronda è l’app numero 1 per chef professionisti e appassionati di cucina. Impara dai migliori, scopri ricette gourmet e connettiti con una commu…"
"6752922875","Tabelog - Food Guide in Japan","Italy","Southern Europe","11","119","4.68067","119","Find, review, and book a table at Japan’s best local restaurants, before you go or while you travel. Tabelog is Japan’s leading restaurant search, food review, and table reservation app, trusted by locals and travelers alike. With over 800,000 restaurants nationwide and more than 82 million authenti…"
"6444921443","Bestie Bite: scopri ristoranti","Italy","Southern Europe","12","838","4.84964","838","Cerchi sempre nuovi posti dove mangiare bene? Con Bestie Bite scopri ristoranti in modo del tutto nuovo: grazie a migliaia di video recensioni reali, girate da una community di foodies come te. Che tu sia alla ricerca di una cena romantica, street food vegano o brunch con vista, troverai contenuti a…"
"6480109616","Nespresso Smart","Italy","Southern Europe","13","174","2.59195","174","Scopri le funzionalità avanzate della tua macchina Nespresso connessa*: ◦ Associa il tuo dispositivo e sblocca le funzionalità esclusive della tua macchina da caffè Vertuo. ◦ Manutenzione semplice e intuitiva per assaporare un caffè di qualità, tazza dopo tazza. ◦ Personalizza la lunghezza del caffè…"
"960733511","Ricette Bimby","Italy","Southern Europe","14","13886","4.78655","13886","Ricette per Bimby by Ricette MIX è un ricettario di oltre 10.000 ricette realizzabili con Bimby, monsieur cuisine, Cookeo e altri robot da cucina . Questa app è totalmente gratuita, tutte le ricette al suo interno sono consultabili gratuitamente e senza nessuna limitazione. Tutte le ricette presenti…"
"1537053246","Fatto in Casa da Benedetta","Italy","Southern Europe","15","1348","4.73294","1348","Fatto in Casa da Benedetta arriva finalmente sul tuo smartphone! La nuova App ufficiale di Fatto in Casa da Benedetta ti permette di avere sempre con te tutte le ricette di Benedetta, i consigli e tante funzioni utili, dalla lista della spesa alla raccolta carte fedeltà. Con la app Fatto in Casa da …"
"6780402059","Kumino","Italy","Southern Europe","16","239","4.36402","239","Kumino è l'app italiana che risolve la domanda di ogni giorno: cosa cucino oggi? Dimmi il tuo supermercato e il tuo budget. Kumino genera un piano pasti completo per tutta la settimana — con ricette, ingredienti, dosi e lista della spesa già pronta. COME FUNZIONA: 1. Scegli il tuo supermercato (Esse…"
"6670216494","Mob: Meal Planner and Recipes","Italy","Southern Europe","17","21","3.7619","21","Join 4 million+ home cooks who've made weeknight cooking easy. Plan your week, build your shopping list in a tap, and never cook the same thing twice. Apple App of the Day and featured by Apple. Rated 4.5 stars by our community and loved in the press. Mob turns cooking from a daily scramble into the…"
"384387249","GialloZafferano: le Ricette","Italy","Southern Europe","18","18309","4.71113","18309","GialloZafferano, il primo sito italiano di cucina, con oltre 7000 ricette, videoricette e audioricette dal successo garantito. Ogni giorno la redazione di GialloZafferano seleziona e organizza le migliori ricette per aiutarti a scoprire, in qualsiasi momento della giornata, nuove idee per i tuoi pra…"
"1438092207","Ti RistoriAMO","Italy","Southern Europe","19","34","2.08824","34","L’arte della ristorazione di Pellegrini a portata di cellulare. La Pellegrini SpA, azienda leader nel settore dei servizi fin dal 1965, ha ideato questa App dedicata agli utenti dei suoi Ristoranti Aziendali. Tramite questo strumento la persona potrà: • Visualizzare il menù del giorno o dei successi…"
"6780408224","Tomati: Ricettario Digitale","Italy","Southern Europe","20","8","4.625","8","Salva in pochi secondi le ricette da Instagram, TikTok, YouTube e altro ancora. Tomati trasforma ogni ricetta che trovi sui social in un ricettario ordinato, pianifica il tuo menu settimanale e crea automaticamente la lista della spesa. E quando ti chiedi ""Cosa cucino oggi?"", prepara una ricetta pen…"
"296581815","OpenTable","Italy","Southern Europe","21","11595","4.85494","11595","Ogni cena da sogno inizia con OpenTable. Scarica l'app per trovare il ristorante perfetto, ovunque tu sia. SCOPRI QUALCOSA DI NUOVO - Scegli tra più di 60.000 ristoranti in tutto il mondo - Cerca happy hour, menu degustazione e altre esperienze gastronomiche speciali - Ottieni approfondimenti da cli…"
"6777471316","mise - meal planner","Italy","Southern Europe","22","36","3.91667","36","mise – meal planner Take the stress out of deciding what to eat. mise helps you generate personalised meal plans in seconds based on your dietary preferences, calorie goals, favourite UK supermarkets, budget, and the ingredients you already have at home. Whether you're meal prepping for the week, tr…"
"6667111264","SmartEat","Italy","Southern Europe","23","2","1","2","Markas smartEat è l'innovativa app, collegata alla piattaforma Ristocloud, che permette di gestire i servizi al dipendente per la ristorazione Aziendale. Ogni dipendente potrà consultare i menù pubblicati in Ristocloud, fruibili in uno o più ristoranti aziendali attivi, con navigazione interattiva e…"
"1596445262","My Moulinex","Italy","Southern Europe","24","1476","4.59687","1476","... e ordinare accessori per il tuo multicooker: Companion, Cookeo, Friggitrici ad aria, Frullatori, OptiGrill ... RENDI LA TUA VITA IN CUCINA PIÙ FACILE: Trova le ricette in base alle tue esigenze in soli due click (verdure fresche di stagione, cucina dal mondo, ricette pronte in meno di 30 minuti.…"
"6744905123","Svezzy","Italy","Southern Europe","25","141","4.84396","141","Svezzy ti accompagna passo dopo passo nel percorso di svezzamento del tuo bambino. Puoi richiedere menù personalizzati creati da una nutrizionista pediatrica, tracciare gli alimenti introdotti, annotare eventuali reazioni, consultare ricette gustose e scoprire i tagli sicuri per ogni età. In più, pu…"
"6739286231","Osta: Save & Share Recipes","Italy","Southern Europe","26","101","4.67326","101","With Osta, you can save & import recipes from Instagram, websites, and TikTok. Organize and cook your favorite recipes in your own personalized recipe box. All your recipes in one place. • Import recipes instantly from Instagram, TikTok, or a website. • Cook using a simple recipe display with no clu…"
"421369701","foodora: Food & Groceries","Italy","Southern Europe","27","164","4.07317","164","We know where you can find the flavours that fit you. If there's one thing we know it’s food delivery. It’s our mission to bring tasty food from your favourite local restaurant right to your door so you can eat good food everyday. We'll go the extra mile to make your order the greatest food experien…"
"6742898600","Don Peppinu Club","Italy","Southern Europe","28","5","3.8","5","Con l’app ufficiale Don Peppinu Club, i clienti possono vivere un’esperienza ancora più completa. Accedendo con le proprie credenziali, potrai: • Visualizzare i tuoi punti accumulati: Ogni acquisto ti permetterà di accumulare punti fedeltà e godere delle varie scontistiche, vedendole direttamente ne…"
"1569776536","AMY-SUSHI","Italy","Southern Europe","29","21","3.04762","21","AmySushi è un’app dedicata agli utenti di ristoranti che permette di scegliere e prenotare il tavolo in autonomia tramite app, aprire il menù scansionando il codice QR del tavolo e ordinare i piatti preferiti. Confermando l’ordine la richiesta arriva immediatamente alla cucina ed è possibile seguire…"
"1477747816","SuperCook ricette","Italy","Southern Europe","30","165","4.61212","165","Quante volte ti sei trovato a provare a fare quella ricetta perfetta, solo per scoprire che ti mancano uno o più ingredienti? Quante volte hai aperto il frigo e hai pensato: ""cosa posso cucinare""? Quante volte hai buttato via un ingrediente, perché non riuscivi a capire come usarlo prima che scadess…"
"6762002904","Pesce Online Genova","Italy","Southern Europe","31","2","5","2","Scegli ogni giorno il pesce più fresco del Mar Ligure e dei migliori mercati, esattamente come se fossi in pescheria, ma con tutta la comodità di riceverlo direttamente a domicilio! Pesce Online Genova è l’app ufficiale che porta il pescato del giorno direttamente sulla tua tavola a Genova. Selezion…"
"1526931208","Fresh & Natural","Italy","Southern Europe","32","15","1.86667","15","Fresh & Natural, il cibo secondo Compass Group Italia: Alimenti Salutari, Prodotti di Qualità, Proposte Locali, Frutta e Verdura Fresca. Vogliamo che i nostri consumatori abbiano la possibilità di compiere scelte alimentari responsabili, assaporando una pausa pranzo gustosa e rigenerante, in ambient…"
"1058959277","Uber Eats: Comida a domicilio","Spain","Southern Europe","1","333883","4.57897","333883","Consigue la entrega de comida a domicilio en la puerta de tu casa desde miles de increíbles restaurantes locales y nacionales. La comida a domicilio que te apetece, de tus restaurantes favoritos, a la velocidad de Uber. Sigue tu pedido en tiempo real. ENCUENTRA TU COMIDA Y RESTAURANTES FAVORITOS Haz…"
"566347057","Just Eat - Comida a domicilio","Spain","Southern Europe","2","100096","4.68782","100096","Ya sea porque es viernes y te pide el cuerpo una buena pizza, porque buscas un almuerzo saludable en la oficina o porque te ha entrado pereza de hacer la compra semanal, la app gratuita de Just Eat es todo lo que necesitas. Pide online y recíbelo en casa o pasa a recogerlo por tu restaurante favorit…"
"432951295","Domino’s Pizza España","Spain","Southern Europe","3","24473","4.69595","24473","Conocidas por su gran sabor y calidad, las pizzas de Domino’s Pizza son perfectas para compartir. ¡Descarga la app para pedir comida a domicilio y aprovecha las ofertas exclusivas en delivery food y take away que sólo encontrarás en la Hot App de Domino’s Pizza! Y también, auténticas pizza veganas, …"
"1489613084","POPEYES® España – Pide en casa","Spain","Southern Europe","4","8284","4.83619","8284","¡Con la App de Popeyes podrás disfrutar del pollo más famoso de Louisiana sin moverte de España! ¡Pollo fresco y 100% español! En Popeyes apostamos por producto local de gran calidad, sin renunciar a una receta de amplia tradición culinaria, como la de Louisiana Podrás realizar pedidos a domicilio, …"
"6779004897","CestaChef - Menu Semanal","Spain","Southern Europe","5","33","4.69697","33","CestaChef genera tu plan de comida semanal en 30 segundos, con recetas adaptadas a tus preferencias y una lista de la compra con los precios reales de tu supermercado. Elige tu supermercado — Mercadona, Lidl, Carrefour, Aldi, Alcampo, Eroski, Consum o Dia — y CestaChef hace el resto. ¿QUÉ INCLUYE? •…"
"887778731","Ametller Origen","Spain","Southern Europe","6","17310","4.58925","17310","Descubre la nueva app de Ametller Origen. Más nuestra, más tuya Es un gusto presentarte la nueva app de Ametller Origen, en la que podrás disfrutar de una experiencia más personalizada, llena de ventajas y con nuevas funcionalidades que te encantarán. Descubre el nuevo Club Ametller Origen Con el nu…"
"714004506","Thermomix® Cookidoo®","Spain","Southern Europe","7","187299","4.77955","187299","La aplicación oficial Thermomix® Cookidoo® te da acceso a un universo en constante expansión de deliciosas recetas en Cocina Guiada de Thermomix®. Tú decides qué recetas quieres llevar contigo allá donde estés. ¡Crea una cuenta y ponte manos a la obra! INTELIGENTE POR NATURALEZA Conecta con Cookidoo…"
"1613492214","Telepizza Pizza y Pedidos","Spain","Southern Europe","8","39797","4.68699","39797","Bienvenido a la App de Telepizza, donde cada pizza es una fiesta y tú estás en la lista VIP! Transforma cada pedido en una explosión de sabor con Telepizza. Aquí no solo hacemos pizzas; ¡organizamos reuniones épicas en torno a ellas! Descubre nuestras legendarias Pizzas y una variedad de opciones pa…"
"6741437202","Recetas de cocina: HolyCook","Spain","Southern Europe","9","28","4.78571","28","HolyCook es una app de recetas de cocina que ayuda a quien cocina en casa a guardar y cocinar recetas de Instagram, TikTok, YouTube, blogs y webs en su propio cook book, con ingredientes, pasos, menú semanal y lista de la compra. Guarda tu próxima receta y empieza a cocinar con todo a mano. ¿Guardas…"
"1593779280","ReciMe: Recetas y Planificador","Spain","Southern Europe","10","728","4.67995","728","El organizador de recetas número 1. ReciMe guarda todas tus recetas favoritas en un solo lugar, incluidas las de Instagram, Facebook, TikTok, YouTube y Pinterest. Crea listas de compras y planes de comidas. Calcula las calorías de cada receta. Cocines como cocines, ReciMe te ayuda a hacerlo mejor. F…"
"6752922875","Tabelog - Food Guide in Japan","Spain","Southern Europe","11","87","4.86207","87","Find, review, and book a table at Japan’s best local restaurants, before you go or while you travel. Tabelog is Japan’s leading restaurant search, food review, and table reservation app, trusted by locals and travelers alike. With over 800,000 restaurants nationwide and more than 82 million authenti…"
"6743087874","Dogfy Diet","Spain","Southern Europe","12","57","4.38596","57","Comida natural, cocinada con amor, entregada en la puerta de casa. Y ahora, también en tu móvil, para que cuidar de tu peludo sea más fácil que nunca. Esta app está pensada para ti, que ya formas parte de la familia Dogfy. Todo lo que necesitas, a un solo clic: • Gestiona tus pedidos como quieras: c…"
"6749069419","Wetaca","Spain","Southern Europe","13","115","4.32174","115","Ya cocinamos nosotros. Menú nuevo cada semana: más de 30 platos diferentes con variedad real de carnes, pescados, legumbres, verduras y cereales. Cocina casera: Sofritos lentos, pescados y carnes al punto, guisos hechos con calma. Cocinamos sin prisas y como en casa. Ingredientes de mercado: sin adi…"
"1466075100","Papa Johns Pizza España","Spain","Southern Europe","14","7026","4.47068","7026","¡Pide comida a domicilio directa desde el horno de nuestro restaurante! Con la App Papa Johns, disfrutar de nuestras pizzas recién horneadas es más fácil. Pide tu comida a domicilio y accede a ofertas exclusivas que podrás disfrutar solo en tu App, Además podrás acumular puntos que podrás canjear po…"
"585332633","Cookpad recetas, cocina casera","Spain","Southern Europe","15","6811","4.77595","6811","¿No sabes qué cocinar hoy? Cookpad te recomienda: busca por ingrediente o por plato entre miles de recetas auténticas de todo el mundo, todas verificadas por quienes ya las han cocinado de verdad. QUÉ CENO HOY Dinos qué tienes en la nevera y te decimos qué hacer con ello. Berenjenas, un solomillo de…"
"6480109616","Nespresso Smart","Spain","Southern Europe","16","67","3.07463","67","Descubre las funciones de tu máquina conectada Nespresso con la App Nespresso Smart: ◦ Vincula tu máquina de café: Sincroniza y desbloquea funciones exclusivas. ◦ La mejor calidad de café taza tras taza: Contenido de puesta a punto y mantenimiento de tu máquina para mantener su calidad y sabor incon…"
"1497047085","BLW Ideas - Recetas para bebé","Spain","Southern Europe","17","929","4.66416","929","Opiniones sobre la app: Elizabethminch Una muy buena inversión. Te salva la vida cuando empiezas con la alimentación complementaria desde qué necesitas y consejos para el inicio, ingredientes, edad, recetas, menús, cómo ofrecer, etc. Me la habían recomendado otras mamis y yo la recomiendo mil veces,…"
"6766470144","Simple Pantry Flow","Spain","Southern Europe","18","0","0","0","Crea tu propia colección de recetas con ingredientes, pasos de preparación y categorías que encajan con tu forma de cocinar en casa. Todo se presenta en un formato limpio y fácil de leer, diseñado para un uso rápido en la cocina. Añade fotos a tus productos de despensa para reconocerlos y gestionarl…"
"1065557824","La Tagliatella Amici","Spain","Southern Europe","19","237","1.93671","237","LA TAGLIATELLA AMICI, AHORA CON PRIVILEGIOS ¿Amas la cocina italiana auténtica? Convierte tu pasión en recompensas con Amici, el club de fidelización exclusivo de La Tagliatella. Diseñada para los amantes de los detalles, nuestra app es la llave para disfrutar de una experiencia gastronómica adaptad…"
"6779308914","Menú y Lista Compra - Super","Spain","Southern Europe","20","149","4.20805","149","Todas las funcionalidades requieren suscripción. 7 días de prueba gratuita, después 44,99€/año. Deja de improvisar en el supermercado y de llegar a casa sin saber qué cocinar. Super genera tu menú semanal personalizado en segundos y te da la lista de la compra lista para usar. ASÍ FUNCIONA Completas…"
"719972451","DoorDash - Food Delivery","Spain","Southern Europe","21","1733","4.73571","1733","Entrega de comidas donde necesites, desde un picnic familiar en el parque hasta tu cita de esta noche en tu casa. Ten la experiencia de probar un mundo de comidas con una enorme selección de tus restaurantes locales favoritos; más de 110 000 menús en más de 800 ciudades de los Estados Unidos y Canad…"
"6774530941","Casa Intur","Spain","Southern Europe","22","3","3.66667","3","Casa Intur es la app oficial para la gestión del comedor escolar de tu centro educativo. Pensada para familias, profesores, monitores y personal de cocina, centraliza toda la información del día a día del comedor en un único lugar, de forma sencilla, segura y en tiempo real. ▸ PARA LAS FAMILIAS Cons…"
"296581815","OpenTable","Spain","Southern Europe","23","5165","4.87725","5165","Toda comida exquisita empieza con OpenTable. Descarga la app y encuentra el restaurante ideal, estés donde estés. ANÍMATE A DESCUBRIR - Elige entre más de 60.000 restaurantes de todo el mundo - Encuentra horas felices, menús degustación y otras experiencias gastronómicas especiales - Lee los comenta…"
"6777471316","mise - meal planner","Spain","Southern Europe","24","86","4.12791","86","mise – meal planner Take the stress out of deciding what to eat. mise helps you generate personalised meal plans in seconds based on your dietary preferences, calorie goals, favourite UK supermarkets, budget, and the ingredients you already have at home. Whether you're meal prepping for the week, tr…"
"1596445262","My Moulinex cocinar fácilmente","Spain","Southern Europe","25","1010","4.62574","1010","... y pedir accesorios para tu multicooker: Companion, Cookeo, Easy Fry, Turbo Cuisine y Batidora de vaso. HACE QUE TU VIDA EN LA COCINA SEA MÁS FÁCIL: Encuentra recetas según tus necesidades en sólo dos clics (verduras frescas de temporada, cocina del mundo, recetas listas en menos de 30 minutos...…"
"1273758728","HomeID","Spain","Southern Europe","26","2359","4.72403","2359","Desata todo el potencial de tu hogar con HomeID. HomeID, antes NutriU, es tu aplicación todo en uno para transformar la vida diaria en casa. Es tu compañera para deliciosas comidas con la Airfryer, desde el desayuno a la cena, pasando por saludables aperitivos y deliciosas pausas para el café. En co…"
"1530732373","Muerde La Pasta App","Spain","Southern Europe","27","842","4.49762","842","Únete al Club Gente con Pasta y disfruta del mejor buffet libre italiano de España. Ofertas exclusivas, puntos canjeables por descuentos y reservas sin colas en pizza, pasta y postres sin límite. Descarga la app oficial de Muerde la Pasta y descubre las ventajas del Club ‘Gente con Pasta’ en la mayo…"
"421369701","foodora: Food & Groceries","Spain","Southern Europe","28","152","4.30263","152","We know where you can find the flavours that fit you. If there's one thing we know it’s food delivery. It’s our mission to bring tasty food from your favourite local restaurant right to your door so you can eat good food everyday. We'll go the extra mile to make your order the greatest food experien…"
"6670216494","Mob: Meal Planner and Recipes","Spain","Southern Europe","29","42","4.11904","42","Join 4 million+ home cooks who've made weeknight cooking easy. Plan your week, build your shopping list in a tap, and never cook the same thing twice. Apple App of the Day and featured by Apple. Rated 4.5 stars by our community and loved in the press. Mob turns cooking from a daily scramble into the…"
"6741486886","CookNest・Guarda tus recetas","Spain","Southern Europe","30","2510","4.76813","2510","Bienvenido a CookNest, la app para guardar recetas desde cualquier lugar, planificar comidas y crear listas de la compra de forma fácil. Importa recetas desde Instagram, TikTok, Facebook, YouTube o cualquier web y deja que la app extraiga automáticamente ingredientes, pasos, calorías y macronutrient…"
"6460821436","Planificador Menú Semanal","Spain","Southern Europe","31","670","4.64328","670","¿Sabías que organizar tus comidas mejora tu salud y estado de ánimo? YouMealPlan es un bonito planificador de menús semanales, todo en uno. Te ayudará a planificar y preparar comidas de forma sencilla y divertida. PLANIFICA TU COMIDA CON UN BONITO DISEÑO Crea tu menú semanal, organiza tus recetas y …"
"6479693198","Eatr: Plan de comidas & dieta","Spain","Southern Europe","32","1816","4.28029","1816","Bienvenido a Eatr: el compañero perfecto para todos, desde principiantes en la cocina hasta chefs expertos. Nuestra aplicación está diseñada para guiarte en una aventura culinaria personalizada. Ya sea que tengas poco tiempo o quieras disfrutar de largas sesiones de cocina, Eatr está a tu lado. Gest…"
"6811329112","Yuma: Menú semanal y compra","Spain","Southern Europe","33","2","4.5","2","¿Qué cenamos esta semana? Yuma lo planifica por ti. Cuéntale a Yuma para quién cocinas, dónde haces la compra, qué te encanta, qué evitas y cuánto quieres gastar. Unos minutos después, tus cenas de la semana están planificadas y tu lista de la compra te espera, ya con precios. UNA SEMANA DE CENAS A …"
"1622633822","Пятёрочка: доставка продуктов","Russia","Eastern Europe","1","137256","4.47198","137256","Пятёрочка — доставка продуктов и заказ готовой еды на дом от 30 минут! Доставляем в Москве, Санкт-Петербурге, Новосибирске, Казани, Нижнем Новгороде, Челябинске, Самаре, Омске, Ростове-на-Дону, Екатеринбурге, Уфе, Красноярске, Перми, Воронеже, Волгограде — всего в более 700 городах. Постоянно расшир…"
"881463973","Магнит: акции и доставка","Russia","Eastern Europe","2","475837","4.63699","475837","Магнит: акции и доставка — это приложение, в котором мы собрали всё самое полезное: БОНУСЫ С КАРТОЙ МАГНИТ ПЛЮС Выбирайте категории на месяц и получайте до 30% кешбэка бонусами за покупки в магазинах и заказы с доставкой и самовывозом. БЕСПЛАТНАЯ ДОСТАВКА Продукты, косметика и товары для дома. Приве…"
"6745182892","Ozon fresh","Russia","Eastern Europe","3","2038","4.73257","2038","БЕРЕЖНО СОБЕРЁМ Заботливо соберём ваш заказ: подберем свежие продукты, овощи и фрукты, а также специально для вас выпечем свежий хлеб. ВЫБЕРЕМ СВЕЖЕЕ При сборке заказа мы внимательно следим за сроками годности и складываем продукты так, чтобы горячая пицца доехала до вас тёплой, а мороженое – не рас…"
"896111038","Вкусно — и точка: еда и акции","Russia","Eastern Europe","4","467990","4.68401","467990","Уникальные акции Для пользователей приложения мы придумываем особые акции и промокоды: специальные цены на любимые комбо, бургеры, напитки, снеки и многое другое. Следите за обновлениями — мы всегда дополняем список акций, чтобы вы нашли что-то для себя. Например, 4 сочных Наггетса за 1 рубль! А нов…"
"1074266177","Rostic's: Еда доставка, акции","Russia","Eastern Europe","5","668966","4.73939","668966","Новое приложение Rostic’s – ещё быстрее, удобнее и вкуснее! Заказывай любимые блюда всего за пару кликов и без очередей, оформляй доставку на дом или забирай заказ из ближайшего ресторана. Тебя ждут приятные акции, скидки и эксклюзивные предложения, которые доступны только в приложении. Пользуйся вс…"
"894649641","Додо Пицца — доставка еды","Russia","Eastern Europe","6","1213103","4.93675","1213103","Додо Пицца — для сытного перекуса, семейного ужина и теплых встреч с друзьями. Это больше, чем фастфуд: мы создаем собственные рецепты, сотрудничаем с надежными поставщиками и следим за качеством на каждом этапе. Всё это ради того, чтобы еда всегда была вкусной, а доставка — быстрой. ВЫБИРАЙТЕ И ПРО…"
"1401500803","Самокат: доставка продуктов","Russia","Eastern Europe","7","1171498","4.8818","1171498","Самокат — это онлайн-магазин с доставкой от 15 минут. Заказывайте у нас продукты и товары для комфортного быта. ПРИВОЗИМ БЫСТРО — Бесплатная доставка от 15 минут. — В каждом районе свой даркстор: внутри — холодильники и полки с продуктами, вместо покупателей — сборщики. — Заказ собирают за 2–3 минут…"
"1078986931","Яндекс Еда: доставка еды","Russia","Eastern Europe","8","750344","4.76596","750344","Яндекс Еда — приложение, где можно найти как любимые блюда из «Бургер Кинг», ROSTIC'S, «Вкусно — и точка», так и продукты из Яндекс Лавки, «Ленты», «ВкусВилла», «Азбуки вкуса», «Пятёрочки», «Перекрёстка», «Магнит» и не только. Первая доставка — бесплатно. Более 60 000 ресторанов и магазинов в одном …"
"1515819287","Яндекс Лавка — заказ продуктов","Russia","Eastern Europe","9","132548","4.7986","132548","Заказывайте быструю доставку продуктов, готовой еды и товаров для дома до квартиры или офиса. Яндекс Лавка — магазин у дома, в который не нужно ходить. Вы просто выбираете необходимые товары в приложении и ждете доставку — все привезут прямо до двери. Заказ доставят быстро, потому что в каждом район…"
"1399903464","ВкусВилл: доставка продуктов","Russia","Eastern Europe","10","166205","4.78895","166205","ВкусВилл — приложение для заказа продуктов и готовой еды с доставкой на дом, в офис или на дачу. В каталоге собраны продукты питания, напитки и готовые блюда; доступные для вашего адреса способы получения, стоимость и сроки приложение покажет при оформлении. В одном приложении можно заказать продукт…"
"1411447398","Дикси: доставка продуктов","Russia","Eastern Europe","11","85187","4.55912","85187","Приложение Дикси — лучший интернет-магазин для выгодных покупок. Рады поделиться приятной новостью для всех наших покупателей - теперь в нашем магазине появился кешбэк за покупки! С Дикси вы можете заказать продукты на дом - наш курьер доставит заказ в ближайшие часы. Или же оформите самовывоз проду…"
"1566122910","Мой АШАН доставка продуктов","Russia","Eastern Europe","12","25180","4.47276","25180","Мобильное приложение Мой АШАН — все акции и скидки сети магазинов АШАН, выгодная программа лояльности, заказ любимых продуктов из ближайшего магазина с доставкой на дом. - Широкий ассортимент, цены и скидки ближайшего магазина АШАН - Доставка продуктов на дом или самовывоз - Все выгодные акции и ски…"
"6754637370","Верный — магазин продуктов","Russia","Eastern Europe","13","813","4.07503","813","Верный» - приложение для доставки продуктов, покупок и выгодных скидок в супермаркете. Заказывайте продукты, еду, напитки и товары для дома онлайн, оформляйте доставку продуктов и используйте карту лояльности магазина прямо в телефоне. Приложение «Верный» помогает покупать продукты выгодно, получать…"
"6742400424","DEMIAND рецепты и управление","Russia","Eastern Europe","14","935","4.54118","935","DEMIAND — всё для вашего аэрогриля в одном приложении. Найдите идею для ужина, выберите рецепт, подготовьте продукты и управляйте приготовлением прямо со смартфона. Больше не нужно переключаться между разными приложениями: рецепты, управление аэрогрилем, AI-повар и сообщество владельцев DEMIAND тепе…"
"700569948","Свои Плюсы Едадил: кешбэк","Russia","Eastern Europe","15","589888","4.7683","589888","Все скидки и акции в магазинах рядом с вами — с бесплатным приложением «Свои Плюсы Едадил»! Узнавайте первыми, находите нужные товары по лучшей цене, получайте кешбэк за покупки и копите баллы Плюса. Теперь покупки приносят не только экономию, но и прогресс: за активность в приложении вы получаете о…"
"6742408188","Монетка – доставка продуктов","Russia","Eastern Europe","16","3714","4.60285","3714","Монетка — приложение с доставкой продуктов, скидками, акциями и ценами как в магазинах сети! Заказывайте свежие продукты, готовую еду и товары для дома с доставкой от 30 минут. Будьте первыми, кто узнает о выгодных предложениях, и экономьте с нами благодаря эксклюзивным промокодам. Мы делаем качеств…"
"6789156920","Лёгко","Russia","Eastern Europe","17","103","4.20388","103","В приложении «Легко» вы найдёте всё необходимое для дома и семьи — от свежих фруктов до корма для питомцев. Заказывайте любимые товары в пару кликов, а мы привезём их прямо к вашей двери. Легко! ОГРОМНЫЙ АССОРТИМЕНТ Более 400 категорий товаров в вашем смартфоне: сезонные овощи и фрукты, мясо и молоч…"
"6578446660","KOLOBOX・Готовая еда и продукты","Russia","Eastern Europe","18","354","4.36723","354","Мы создали KOLOBOX — бесплатное приложение, которое находит вкусную еду по приятным ценам рядом с тобой. Ежедневно кафе, рестораны, пекарни и магазины готовят свежие блюда, но не всегда успевают их продать. Чтобы не ждать, когда закончится срок годности, они с заботой собирают готовую еду в ""сюрприз…"
"436145623","Деливери: еда и продукты","Russia","Eastern Europe","19","799537","4.4676","799537","Деливери: теперь в одном месте вы найдёте практически всё, без чего не обходится каждый ваш день. Работаем более чем в 300 городах России: и в крупных, и в небольших. С доставкой от 30 минут вы можете купить: • продукты и готовую еду; • лекарства, косметику, парфюмерию и зоотовары; • бытовую технику…"
"1128693120","Глобус. Доставка продуктов","Russia","Eastern Europe","20","10644","4.47548","10644","«Глобус» — это не только гипермаркеты с ассортиментом более 60 000 наименований, но и сервис доставки продуктов в вашем смартфоне. Выбирайте свежие овощи и фрукты, свежее мясо и рыбу, суши и роллы, продукты питания, напитки, готовую еду на завтрак, ужин или обед, хлебобулочные изделия, посуду, домаш…"
"1492306500","МИЛТИ","Russia","Eastern Europe","21","3269","4.45824","3269","Милти – это Ваш персональный шеф-повар. Вы просто выбираете блюда из нашего меню, а известные шеф-повара приготовят их из свежих продуктов. Завтрак, обед или ужин будет готов в течение 2 минут. Без похода в магазин, готовки и мытья посуды! Благодаря технологии TotalFresh, разработанной в Милти, блюд…"
"6741995783","Clove: сохраняйте рецепты","Russia","Eastern Europe","22","249","4.96386","249","Clove создан, чтобы упростить повседневную домашнюю готовку. Открывайте вдохновляющие рецепты от авторов, сохраняйте рецепты откуда угодно, планируйте меню на неделю, упрощайте покупки и готовьте увереннее. Возможности Вдохновляйтесь - Подборки сотен проверенных рецептов от авторов, идеальных для по…"
"934422052","TanukiFamily — Вместе есть!","Russia","Eastern Europe","23","138176","4.78053","138176","Приложение TanukiFamily — это удобно и выгодно! * Все виды гастрономических удовольствий — в одном приложении с бесплатной доставкой. * Вегетарианские и постные рецепты во всех ресторанах. * Детское меню в ресторанах «Ёрш» и «Тануки». * Быстрая доставка от 29 минут. * Оплата любым удобным способом и…"
"1561814880","Братья Караваевы и Друзья","Russia","Eastern Europe","24","11519","4.81109","11519","Братья Караваевы – это мобильное приложение, которое объединяет Друзей бренда Братья Караваевы: Друзей – бренды еды Братья Караваевы, Магбургер и Гурманика на АЗС Нефтьмагистраль; Друзей – наших любимых гостей и покупателей; Друзей – сотрудников, которые создают этот вкусный продукт. Братья Караваев…"
"1249836426","Чиббис - заказ еды и продуктов","Russia","Eastern Europe","25","8899","4.7294","8899","Сервис заказа еды и продуктов Чиббис – это возможность заказать доставку еды, продуктов и цветов. На сервисе собраны лучшие заведения вашего города, где вы легко найдёте разнообразные суши, роллы, пиццу, пироги, шашлыки, бургеры и многое другое. Среди наших партнеров вкусные рестораны, магазины Магн…"
"1541110477","Много лосося: Суши пицца роллы","Russia","Eastern Europe","26","6694","4.61681","6694","Мы — Много лосося и уже более 7 лет мы делаем доставку суши и роллов проще и вкуснее. Мы работаем в формате тёмных кухонь и доставляем по Москве, Петербургу и Ростову-на-Дону. В 2021 году мы вошли в Х5 Group и с тех пор растём и развиваемся ещё быстрее. Но одно останется неизменным: вы всегда будете…"
"6755953772","Syrovarnya","Russia","Eastern Europe","27","20","4.4","20","Сыроварня — это уникальный семейный ресторанный проект, предлагающий настоящий гастрономический опыт с блюдами деревенской кухни и сырами собственного производства прямо в Москве и других городах. Здесь можно насладиться сезонными блюдами, классикой русской, итальянской и европейской кухни, а также …"
"1087812169","О'КЕЙ Гипермаркеты и доставка","Russia","Eastern Europe","28","72876","4.61885","72876","О’КЕЙ — мобильное приложение одной из крупнейших розничных сетей России. Мы специализируемся на торговле продуктами питания, а качество и свежесть продуктов является нашим абсолютным приоритетом. В О’КЕЙ вы найдете: > 30 000 товаров; > 5 000 наименований самых свежих продуктов; > 500 готовых блюд со…"
"918296526","Азбука вкуса","Russia","Eastern Europe","29","48087","4.75526","48087","«Азбука вкуса» — сервис доставки продуктов и товаров прямо к вам домой. Товары из 70 стран мира, готовая еда по домашним рецептам, фермерская продукция. Круглосуточная доставка продуктов и заказ еды по Москве и Санкт-Петербургу. Оформите карту лояльности «Вкусомания» и пользуйтесь привилегиями посто…"
"1030354370","Папа Джонс - Доставка пиццы","Russia","Eastern Europe","30","74758","4.6412","74758","«Папа Джонс» — мы делаем всё, чтобы ваша пицца была идеальной! Хотите быстро заказать пиццу с доставкой на дом или в офис? Наше приложение позволяет не просто сделать заказ, а стать частью процесса! Мы ценим ваш выбор и гарантируем качество нашей пиццы. С нашим приложением заказать пиццу можно в нес…"
"1167100370","MYBOX: доставка роллов и суши","Russia","Eastern Europe","31","13878","4.75695","13878","Попробуй топовые суши, роллы, поке и воки в MYBOX — заказывай любимое азиатское прямо в приложении! MYBOX — сеть ресторанов японской и паназиатской кухни, представленная в 111 городах России. В пару кликов оформляй заказ на любимые блюда из Японии, Кореи и Китая — и наслаждайся качеством доставки и …"
"1457272603","SimpleWine: не только вино","Russia","Eastern Europe","32","4134","4.70077","4134","С SimpleWine вы сможете найти «то самое вино»! Мы ценим своих клиентов и гарантируем подлинность всего ассортимента. Портфель Simple составляют российские эксперты, выбирая лучшее из сотен тысяч предложений. В SimpleWine можно быстро и легко найти вино или любой другой напиток независимо от поводов …"
"6743703361","ПОБЕДА честных цен","Russia","Eastern Europe","33","73","3.75342","73","Мобильное приложение магазинов честных цен ПОБЕДА — удобные покупки с максимальной выгодой! Приложение дискаунтеров ПОБЕДА — надежный помощник в мире низких цен и выгодных предложений! Мы стремимся сделать процесс покупок максимально простым и комфортным, и наше приложение создано именно для этого. …"
"1479422824","Ташир-Пицца","Russia","Eastern Europe","34","20805","4.70233","20805","Встречайте новое мобильное приложение сети ресторанов доставки ""Ташир Пицца"" - ваш личный кулинарный супергерой в мире быстрой еды! В эпоху цифровых технологий, мы знаем, что не всегда достаточно просто приготовить великолепную пиццу - нужно также обеспечить безупречный и удобный сервис для наших кл…"
"1568506349","Food.ru: пошаговые фоторецепты","Russia","Eastern Europe","35","20006","4.90533","20006","Food.ru — это информационная медиаплатформа о жизни со вкусом и смыслом, которую в 2021 году запустила компания X5. Мы следим за трендами и создаем их вместе с вами. Не только в еде: говорим о ЗОЖ и саморазвитии, хобби и путешествиях, дизайне и ремонте, моде и красоте. Обо всем, что делает жизнь про…"
"1495787683","Рестораны «Евразия»","Russia","Eastern Europe","36","149","3.25503","149","«Евразия» - это более 80 ресторанов японской и европейской кухни в разных районах города. В приложении для вас доступен заказ блюд и напитков, как в сети ресторанов «Евразия», так и заказ услуги «Сам Заберу» Практически все рестораны «Евразия» оснащены уютными детскими уголками, везде маленьким гост…"
"1551947692","Рынок Онлайн","Russia","Eastern Europe","37","59","4.76271","59","Заказывайте вкусные и свежие продукты с ваших любимых рынков: - заказывайте продукты у вашего любимого продавца или собирайте заказ с нескольких прилавков с ближайшего рынка - мы доставим продукты в тот же день в удобное для вас время - если доставка нужна на завтра, просто укажите это в момент выбо…"
"1468185600","Суши Сет: Доставка еды и акции","Russia","Eastern Europe","38","17213","4.86533","17213","Доставка еды и напитков, заказ в суши-барах. Акции и скидки. Дарим ролл Филадельфия при первом заказе через приложение. Промокод: 888 Мы готовим блюда японской кухни по классическим и новым рецептам, используем свежие качественные продукты и авторские соусы. Дарим скидки на день рождения. Мы - фанат…"
"6480517902","Крошка Картошка - доставка еды","Russia","Eastern Europe","39","234","4.07692","234","Крошка Картошка - это мобильное приложение сети ресторанов быстрого питания, развивающей свой уникальный формат блюд на основе печеного картофеля со множеством аппетитных наполнителей. Кроме того, у нас работает доставка еды на дом, оформи заказ еды прямо сейчас и получи скидку 20% на первый заказ! …"
"540328259","Якитория","Russia","Eastern Europe","40","219446","4.90886","219446","Якитория: суши, роллы, пицца и бургеры с доставкой за 45 минут! Проголодались? Якитория — это вкусная японская кухня и не только: суши, роллы, пицца, бургеры, паста. Быстрая доставка в Москве и области прямо в приложение. Два тапа — и еда уже готовится! Почему выбирают Якиторию? Скидка на первый зак…"
"6739583764","Baby Plates","Russia","Eastern Europe","41","472","4.42373","472","Мобильное приложение Baby Plates - ваш надёжный помощник в заботе о здоровом и правильном питании вашего малыша с самого начала прикорма! Мы создали это приложение, чтобы сделать процесс приготовления и планирования детских блюд лёгким и приятным. В приложении вы найдёте: Рецепты блюд У нас есть мно…"
"1510289362","КуулКлевер. Доставка натур...","Russia","Eastern Europe","42","49884","4.84044","49884","КуулКлевер — Ваш выбор в пользу здоровья! Объединяем умных и увлечённых людей, которые осознанно выбирают настоящую еду, произведённую по-честному и по-вкусному. Наша команда экспертов с любовью создаёт продукцию МясновЪ и привозит эксклюзивные напитки со всего мира для галереи вин ОТДОХНИ! Все само…"
"6446498029","Мой Повар","Russia","Eastern Europe","43","57","4.15789","57","Мой Повар — сервис заказа еды от проверенных поваров Лучшее решение для тех, кто хочет есть домашнюю еду и не тратить время на готовку В приложении можно выбрать повара и оформить заказ с учётом своих пожеланий, указав их в чате или в комментариях Каждый повар проходит проверку: мы дегустируем блюда…"
"1581969068","Фишка Суши","Russia","Eastern Europe","44","542","4.80258","542","Приложение для заказа из ресторана Фишка Суши Для нас Фишка Суши это не просто роллы! В первую очередь это большое дело, которое вдохновляет нас каждое утро просыпаться и начинать готовить! Мы всегда готовы Вас накормить вкусными роллами из свежих ингредиентов Мы специально убрали все лишнее и заним…"
"1540743534","Tasty Coffee Интернет-магазин","Russia","Eastern Europe","45","7626","4.96735","7626","Tasty Coffee — это кофе для кафе и ресторанов, который можно заказать домой и в офис. Мы производим кофе в любом формате: в зёрнах, молотый, а также концентрат, капсулы и дрипы, которые помогут приготовить напиток как в кофейне без специального оборудования и навыков. Чем мы отличаемся от других? Об…"
"1071084326","ПиццаФабрика. Доставка пиццы","Russia","Eastern Europe","46","35984","4.84121","35984","ПиццаФабрика — это сеть семейных ресторанов с быстрой доставкой, работающая в 26 городах России. В 2025 году мы открыли первую в Москве Цифровую пиццерию! У нас представлен широкий ассортимент пиццы и роллов, блюд европейской и азиатской кухни, а также десерты, напитки и детское меню для маленьких г…"
"1580726480","Secret Kitchen－доставка еды","Russia","Eastern Europe","47","1125","4.60622","1125","Добро пожаловать в Secret Kitchen - приложение для онлайн-заказа и доставки еды из ресторанов на дом. Пара кликов — и мы приступим к исполнению твоих гастрономических желаний. Не обязательно идти в ресторан или стоять у плиты: Secret Kitchen — это доступ к вкуснейшим готовым блюдам. Они просто идеал…"
"943905271","Wolt: Доставка еды и товаров","Russia","Eastern Europe","48","8523","4.69353","8523","Wolt поможет легко найти и получить лучшую еду, продукты и всё необходимое с доставкой. Что бы вы ни хотели – доставим быстро! Просто выберите ресторан или магазин, найдите нужное и подтвердите заказ. Мы позаботимся об остальном. Нет времени готовить? Не хотите идти за продуктами? Мы понимаем. Поэто…"
"1117521209","Сицилия | Доставка еды","Russia","Eastern Europe","49","2142","4.29272","2142","Сицилия - удобное приложение для заказа любимых блюд на доставку или самовывоз всего за пару минут. В меню представлены пицца, роллы, суши, паста, горячие блюда, салаты, закуски, десерты, напитки и многое другое. Выбирайте блюда для семейного ужина, обеда в офисе, встречи с друзьями или праздничного…"
"1395549259","Суши-Маркет - доставка роллов","Russia","Eastern Europe","50","9","4.11111","9","СУШИ-МАРКЕТ — федеральная сеть японской кухни. Закажите роллы к обеду, соберите большой набор для встречи с близкими или выберите горячие блюда для тёплого семейного ужина. Мы сохраняем узнаваемый вкус, работаем по единым стандартам и внимательно относимся к каждому заказу. В основе меню — свежие ин…"
"1447116429","Цeх85","Russia","Eastern Europe","51","23008","4.80924","23008","Мобильное приложение сети кафе-пекарен Цех85 — твой удобный способ заказать напитки, готовую еду, булочки, круассаны, пирожные и торты. Ищи наши пекарни в Санкт-Петербурге, Москве, Красногорске, Мурино, Гатчине, Кудрово, Колпино, Всеволожске, Петергофе, Пушкине, Сестрорецке, Кировске, Зеленогорске, …"
"820980454","Mój Carrefour Polska","Poland","Eastern Europe","1","1246","2.0666","1246","THE APPLICATION WORKS ONLY IN THE POLISH LANGUAGE VERSION THE APPLICATION WORKS ONLY IN POLISH CARREFOUR STORES. Discount coupons for up to 50% off! Get all the benefits right at your fingertips! Download the Mój Carrefour app, register, and activate your coupons! Enjoy discounts and stay up to date…"
"6762593432","Mój Grycan","Poland","Eastern Europe","2","46","4.32609","46","Poznaj Mój Grycan – nowy program lojalnościowy stworzony z myślą o miłośnikach słodkich chwil. Załóż konto i odkryj Okazje dla Ciebie. Podczas zakupów w Lodziarnio-Kawiarniach Grycan zbieraj punkty za zakupy i wymieniaj je na atrakcyjne kupony. Z aplikacją Mój Grycan: • zbierasz punkty za zakupy w L…"
"6469149532","Kuchnia Vikinga","Poland","Eastern Europe","3","69","3.5942","69","Aplikacja mobilna Kuchni Vikinga to wygodne narzędzie do składania nowych zamówień oraz obsługi bieżących. • wybieraj wygodnie spośród 40 posiłków każdego dnia • oceniaj posiłki, zdobywaj punkty i wymieniaj je na pyszne dodatki • zmieniaj adres dostawy, przesuwaj dni w kalendarzu Po prostu rób to co…"
"714004506","Official Cookidoo App","Poland","Eastern Europe","4","191064","4.88619","191064","The Official Thermomix® Cookidoo® App gives you access to the growing universe of mouth-watering Thermomix® Guided Cooking recipes. You pick and choose which recipes go with you wherever you are. Create an account and get cooking! SMART @ HEART Connect to Cookidoo® and access over 100,000 worldwide …"
"1273758728","HomeID","Poland","Eastern Europe","5","10004","4.85436","10004","Unlock your home's full potential with HomeID. HomeID, formerly NutriU, is your all-in-one app for meal planning and prep, with a variety of healthy and delicious recipes to explore. It's your companion for delicious Airfryer recipes and meals - from breakfast to dinner, healthy snacks, and delightf…"
"1593779280","ReciMe: Recipes & Meal Planner","Poland","Eastern Europe","6","200","4.71","200","The number 1 recipe organizer. ReciMe saves all your favorite recipes in one place, including Instagram, Facebook, TikTok, YouTube and Pinterest. Create grocery lists and meal plans. Calculate calories for every recipe. However you cook, ReciMe helps you do it, better. FEATURES - Save Recipes from I…"
"1246308752","NTFY - healthy meal delivery","Poland","Eastern Europe","7","5730","4.82548","5730","Nice To Fit You - a catering service that adapts to your lifestyle. Forget meal planning, grocery shopping, and hours spent in the kitchen. We take care of your diet. With the NTFY app, you gain full control over your health and your time. What sets us apart is flexibility, convenience, and complete…"
"1577138369","Monsieur Cuisine App","Poland","Eastern Europe","8","5476","4.73119","5476","Your cooking upgrade! Discover your Monsieur Cuisine’s full potential with the Monsieur Cuisine App, and experience the whole world of smart cooking – with exclusive benefits, countless recipes, useful tips and tricks, a friendly community and lots of additional functions for an even better cooking …"
"1164484113","Aperitif","Poland","Eastern Europe","9","8870","4.83574","8870","Apetyczne okazje z aplikacją Aperitif! Aplikacja Aperitif to specjalnie przygotowane okazje i związane z nimi rabaty i promocje oraz możliwość znalezienia restauracji, w których możesz z nich korzystać. Po pobraniu aplikacji zyskujesz codzienny dostęp do wielu korzyści dopasowanych do Twoich okazji …"
"6756588317","AirCook – Air Fryer Recipes","Poland","Eastern Europe","10","24","4.79167","24","Discover easy air fryer recipes made specifically for your air fryer. Cook faster, healthier and with more confidence using clear cooking times, temperatures, nutrition information and weekly meal planning. AirCook helps you prepare delicious meals without guessing. Every recipe is designed for air …"
"6777471316","mise - meal planner","Poland","Eastern Europe","11","34","3.85294","34","mise – meal planner Take the stress out of deciding what to eat. mise helps you generate personalised meal plans in seconds based on your dietary preferences, calorie goals, favourite UK supermarkets, budget, and the ingredients you already have at home. Whether you're meal prepping for the week, tr…"
"1611372513","My Tefal, cooking together","Poland","Eastern Europe","12","1376","4.74637","1376","... and ordering accessories for your multicooker, fryers and grills: Cook4Me, Actifry, Optigrill, Turbo Cuisine, Cake Factory, Easy Fry, Blenders, Pots and pans... MAKE YOUR KITCHEN LIFE EASIER: Find recipes according to your needs in only two clicks (fresh seasonal vegetables, world cuisine, recip…"
"6779303849","Disha: Budget Meal Planner","Poland","Eastern Europe","13","8","2.875","8","Disha plans your entire week around your budget, your grocery store, and your taste. In seconds. No stress, no guesswork. Tell us your weekly budget, where you shop, and how you like to eat — Disha instantly creates a complete 7-day meal plan. You’ll also get a ready-to-use shopping list, organized …"
"6769572860","Przepisik - Zapisuj Przepisy","Poland","Eastern Europe","14","155","4.42581","155","Przestań gubić przepisy w galerii, zapisanych rolkach i wiadomościach. Przepiśnik to aplikacja dla osób, które ciągle trafiają na świetne przepisy na TikToku, Instagramie i w internecie, ale później nie mogą ich znaleźć. Zamiast robić kolejny zrzut ekranu „na później”, zapisz przepis w jednym miejsc…"
"6504526496","Thai Wok Club","Poland","Eastern Europe","15","23","2.3913","23","Najlepszy Pad Thai w mieście teraz jeszcze tańszy? Pobierz aplikację, zbieraj punkty i odkrywaj wiele korzyści! Pokazuj kartę za każdym razem jak płacisz za jedzenie, gromadź punkty w aplikacji i odbieraj nagrody. Twoja ulubiona azjatycka kuchnia teraz jeszcze bliżej Ciebie. Znasz naszą kuchnię opar…"
"421369701","foodora: Food & Groceries","Poland","Eastern Europe","16","242","4.34711","242","We know where you can find the flavours that fit you. If there's one thing we know it’s food delivery. It’s our mission to bring tasty food from your favourite local restaurant right to your door so you can eat good food everyday. We'll go the extra mile to make your order the greatest food experien…"
"894649641","Dodo Pizza Delivery","Poland","Eastern Europe","17","2474","4.9034","2474","Dodo Pizza is perfect for a quick bite, a cozy family dinner, or a fun get-together with friends. It’s more than just fast food — we create our own recipes, work with trusted suppliers, and maintain quality at every step. So your food is always delicious, and delivery — fast. CHOOSE AND ENJOY – Hot …"
"6752922875","Tabelog: Food planner in Japan","Poland","Eastern Europe","18","14","5","14","Find, review, and book a table at Japan’s best local restaurants, before you go or while you travel. Tabelog is Japan’s leading restaurant search, food review, and table reservation app, trusted by locals and travelers alike. With over 800,000 restaurants nationwide and more than 82 million authenti…"
"1045591728","De'Longhi COFFEE LINK","Poland","Eastern Europe","19","1509","4.37772","1509","Connect to De'Longhi smart coffee makers and prepare your favourite drinks Discover and explore the world of coffee with your De'Longhi coffee machine directly on your smartphone. Coffee Link provides all you need to take your coffee experience to new destinations: with just a few taps you can fully…"
"6739286231","Osta: Save & Share Recipes","Poland","Eastern Europe","20","78","4.61538","78","With Osta, you can save & import recipes from Instagram, websites, and TikTok. Organize and cook your favorite recipes in your own personalized recipe box. All your recipes in one place. • Import recipes instantly from Instagram, TikTok, or a website. • Cook using a simple recipe display with no clu…"
"1541597542","Bar a Boo","Poland","Eastern Europe","21","51","1.90196","51","Restauracja Bar a Boo to odpowiedź na potrzeby naszych gości. To miejsce, którego klimat i kuchnia sprostają nawet najbardziej wymagającym gustom. Nasza kuchnia to mieszanka tradycji kulturowych i kulinarnych, niepowtarzalnych zapachów i kolorów. Poznajcie zadziwiające bogactwo smaków tej kuchni w o…"
"1606638594","Body Chief App","Poland","Eastern Europe","22","92","2.06522","92","A new version of the Body Chief dietary catering mobile application is already available. Order your diet easily and conveniently and manage your order whenever you want. The Body Chief App is a free-of-charge mobile application for people looking for a healthy lifestyle. Now at your fingertips! Wit…"
"6761322310","Zastillia: Recipes & Shopping","Poland","Eastern Europe","23","9","5","9","Zastillia is your personal recipe book that builds the shopping list for you — and finds the groceries at the best price. Saw a great recipe on TikTok, Instagram, or YouTube? Share the link with Zastillia and within seconds it lands in your book: ingredients, step-by-step instructions, and calculate…"
"6670216494","Mob: Meal Planner and Recipes","Poland","Eastern Europe","24","34","3.05882","34","Join 4 million+ home cooks who've made weeknight cooking easy. Plan your week, build your shopping list in a tap, and never cook the same thing twice. Apple App of the Day and featured by Apple. Rated 4.5 stars by our community and loved in the press. Mob turns cooking from a daily scramble into the…"
"6479693198","Eatr・AI Healthy Diet Meal Plan","Poland","Eastern Europe","25","2939","4.63626","2939","Welcome to Eatr - the ultimate companion for everyone from cooking novices to seasoned chefs! Our app is designed to guide you through a culinary adventure tailored just for you. Whether you're pressed for time or looking to indulge in a leisurely cooking spree, Eatr has you covered. Time Management…"
"1619509620","Meal Planner & Grocery List","Poland","Eastern Europe","26","248","4.72177","248","Meal Planner & Grocery List by Jojo Apps is the ultimate all-in-one menu organizer, smart meal generator, and recipe keeper. Designed for busy couples and families, this app helps you save time, cut grocery bills, and eat healthier by creating custom meal plans based on your specific diet, allergies…"
"6792787614","Twoje Menu: Dieta Pudełkowa","Poland","Eastern Europe","27","2","5","2","Zadbaj o swoje zdrowie i formę z Twoim Menu! Nasza aplikacja mobilna to najwygodniejszy sposób na korzystanie z cateringu dietetycznego. Zapomnij o zakupach, gotowaniu i liczeniu kalorii — my zajmiemy się wszystkim za Ciebie. Co znajdziesz w aplikacji? Intuicyjne zamawianie: Kilka kliknięć dzieli Ci…"
"936150402","Jumbo","Poland","Eastern Europe","28","14","4.21429","14","Alles voor de boodschappen bij Jumbo, in je broekzak Met de vernieuwde Jumbo app doe je nóg slimmer boodschappen. Of je nu thuis bestelt of in de winkel staat, je hebt alles bij de hand: van je boodschappenlijst tot je Jumbo Extra’s pas. Ontdek het gemak van online bestellen en spaar punten voor gra…"
"6738059977","KFC Ukraine","Ukraine","Eastern Europe","1","7173","4.9169","7173","From 11 herbs and spices to 150 countries, we’ve come a long way since our humble beginnings. Starting with the Colonel’s iconic recipe, we’ve grown from one small kitchen into over 30,000 restaurants worldwide. But no matter where you find us, one thing never changes: our commitment to that same le…"
"6761322310","Zastillia: Recipes & Shopping","Ukraine","Eastern Europe","2","178","4.95505","178","Zastillia is your personal recipe book that builds the shopping list for you — and finds the groceries at the best price. Saw a great recipe on TikTok, Instagram, or YouTube? Share the link with Zastillia and within seconds it lands in your book: ingredients, step-by-step instructions, and calculate…"
"6448402849","LOKO: Food & Grocery Delivery","Ukraine","Eastern Europe","3","3624","4.72599","3624","LOKO — food delivery, pizza delivery and groceries LOKO is a food delivery app for ordering restaurant meals, takeaway, pizza delivery and groceries to the address you choose. Browse local restaurants, order food delivery for lunch or dinner, add fresh groceries from supermarkets and get restaurant …"
"6475726968","PIZZA DAY | Order pizza online","Ukraine","Eastern Europe","4","591","3.98477","591","Pizza Day is a pizza ordering app from one of the largest pizzeria chains in Ukraine. Order pizza online, browse the menu, get deals and rewards, and track every stage of preparation in real time. WHY PIZZA DAY A nationwide pizzeria network: 280+ locations in more than 50 cities across Ukraine, incl…"
"1273758728","HomeID","Ukraine","Eastern Europe","5","2580","4.86434","2580","Unlock your home's full potential with HomeID. HomeID, formerly NutriU, is your all-in-one app for meal planning and prep, with a variety of healthy and delicious recipes to explore. It's your companion for delicious Airfryer recipes and meals - from breakfast to dinner, healthy snacks, and delightf…"
"6748638722","SomeYum: What to Eat Tonight","Ukraine","Eastern Europe","6","8","5","8","What should we eat tonight? Swipe a few dish cards - yes or no - an AI learns your taste, and dinner's decided in seconds, with the full recipe. Cook it, or tap to order that exact dish nearby. Can't agree with your partner? Decide together - pair once, then you both swipe the same dishes on your ow…"
"421369701","foodora: Food & Groceries","Ukraine","Eastern Europe","7","438","4.36986","438","We know where you can find the flavours that fit you. If there's one thing we know it’s food delivery. It’s our mission to bring tasty food from your favourite local restaurant right to your door so you can eat good food everyday. We'll go the extra mile to make your order the greatest food experien…"
"1611372513","My Tefal, cooking together","Ukraine","Eastern Europe","8","607","4.48105","607","... and ordering accessories for your multicooker, fryers and grills: Cook4Me, Actifry, Optigrill, Turbo Cuisine, Cake Factory, Easy Fry, Blenders, Pots and pans... MAKE YOUR KITCHEN LIFE EASIER: Find recipes according to your needs in only two clicks (fresh seasonal vegetables, world cuisine, recip…"
"6738213192","Vash Lavash","Ukraine","Eastern Europe","9","17","3.64706","17","Пекарня ""Ваш Лаваш"" об'єднує традиції та сучасність у випіканні найсмачнішого хліба та випічки. Ми пропонуємо широкий асортимент солоних та солодких виробів, а також авторські перші страви і соуси, щоб задовольнити смаки кожного нашого гостя. Використовуючи лише якісні інгредієнти та унікальні рецеп…"
"1587888301","PRONTO - Доставка їжі","Ukraine","Eastern Europe","10","625","4.4736","625","Додаток Pronto Pizza - це зручний та швидкий спосіб замовити смачну піцу та суші у вашому місті! Встановлюйте додаток та отримуйте онлайн-доступ до нашого сервісу доставки в будь-який час і в будь-якому місці. Pronto Pizza — смачна доставка їжі. Безкоштовна доставка їжі з ресторану Pronto Pizza — са…"
"6761001136","AI Recipes & Pantry: Pantryx","Ukraine","Eastern Europe","11","21","5","21","Cook from what you already have. Pantryx turns the food already in your kitchen into tonight's dinner. Photograph your fridge or add items by hand, then get meal ideas built around what you actually own — so you stop staring at a full fridge wondering what to make. FRIDGE SCAN One photo of the shelf…"
"6766314121","Dinnerish: Рецепти, меню, КБЖВ","Ukraine","Eastern Europe","12","10","4.7","10","Рецептів купа, а коли час готувати — в голові тільки макарони, гречка й картопля. Знайомо? Рецепти розкидані по Instagram, TikTok, YouTube, Facebook, закладках і скриншотах — і щоразу доводиться шукати той самий, коли настав час готувати. Dinnerish упорядковує всі твої рецепти в одному місці. Більше…"
"585332633","Cookpad: Recipe Book & Meals","Ukraine","Eastern Europe","13","2082","4.91018","2082","Not sure what to cook tonight? Cookpad recommends: search by ingredient or by meal across thousands of authentic recipes from a global community of home cooks — all verified by the people who have actually cooked them. WHAT SHALL I COOK TONIGHT? Tell us what's in the fridge and we'll tell you what t…"
"1439314469","BUDUSUSHI - доставка суши","Ukraine","Eastern Europe","14","16277","4.86226","16277","BuduSushi – Доставка Суши Суши в твоем телефоне На работе или на парах, в шумном месте или даже на ходу - с приложением BuduSushi ты можешь за считанные минуты заказать обед или ужин, практически не отвлекаясь от своих дел. Будь всегда в курсе новинок и акций, а также статуса своего заказа. Открой д…"
"6759633681","MealTime: AI Recipe Keeper","Ukraine","Eastern Europe","15","5","5","5","Your all-in-one recipe importer, organizer, planner and calorie tracker! MealTime saves all your recipes in one place. Import recipes from TikTok, Instagram, Facebook, Threads, YouTube, Reddit, Pinterest, and any website. Organize them into cookbooks, share them easily, create grocery lists, and tur…"
"820980454","Mój Carrefour Polska","Ukraine","Eastern Europe","16","25","2.96","25","THE APPLICATION WORKS ONLY IN THE POLISH LANGUAGE VERSION THE APPLICATION WORKS ONLY IN POLISH CARREFOUR STORES. Discount coupons for up to 50% off! Get all the benefits right at your fingertips! Download the Mój Carrefour app, register, and activate your coupons! Enjoy discounts and stay up to date…"
"6479693198","Eatr・AI Healthy Diet Meal Plan","Ukraine","Eastern Europe","17","3154","4.50793","3154","Welcome to Eatr - the ultimate companion for everyone from cooking novices to seasoned chefs! Our app is designed to guide you through a culinary adventure tailored just for you. Whether you're pressed for time or looking to indulge in a leisurely cooking spree, Eatr has you covered. Time Management…"
"1198008481","Mister.Am - Доставка страв","Ukraine","Eastern Europe","18","3828","4.77794","3828","Mister.Am - зручний сервіс для замовлення і доставки страв! Меню найкращих закладів міста без націнок, акції і знижки, швидка доставка точно в строк. Доступні міста: Вінниця, Житомир, Івано-Франківськ, Кропивницький, Кременчук, Луцьк, Полтава, Рівне, Суми, Тернопіль, Херсон, Хмельницький, Черкаси, Ч…"
"6792286987","Кулінарний нотатничок","Ukraine","Eastern Europe","19","3","5","3","«Мій нотатничок» збирає твої рецепти в одному зручному місці — зі скрінів, фото зошита, продиктованого чи вставленого тексту. Додай матеріал, перевір готову структуру — і рецепт збережеться з інгредієнтами, кроками, часом та порціями. Скрін іншою мовою нотатничок перекладе українською. Що є в застос…"
"6503436004","Miasorub - Доставка шашлику","Ukraine","Eastern Europe","20","20","4.4","20","Додаток Miasorub - це сучасний, зручний та швидкий сервіс доставки! Наш онлайн застосунок пропонує вам насолоджуватись найсмачнішим шашликом вашого міста за не витрачаючи безлічі часу на процес приготування . Ми уже відкриті у таких містах: Івано-Франківську, Чернівцях, Тернополі, а далі тільки біль…"
"881463973","Магнит: акции и доставка","Ukraine","Eastern Europe","21","555","4.72973","555","Магнит: акции и доставка — это приложение, в котором мы собрали всё самое полезное: БОНУСЫ С КАРТОЙ МАГНИТ ПЛЮС Выбирайте категории на месяц и получайте до 30% кешбэка бонусами за покупки в магазинах и заказы с доставкой и самовывозом. БЕСПЛАТНАЯ ДОСТАВКА Продукты, косметика и товары для дома. Приве…"
"6760356103","Breakfast Recipes - Yollly","Ukraine","Eastern Europe","22","16","5","16","Yollly is your personal breakfast companion, a smart recipe app that helps you discover, cook, and plan delicious morning meals. Whether you're chasing a quick weekday bite, a high-protein power breakfast, or a slow weekend brunch, Yollly turns the most important meal of the day into the easiest one…"
"1577163947","#bulochki","Ukraine","Eastern Europe","23","1901","4.92004","1901","The #bulochki app)) is created for your convenience. With its help, you can receive more discounts, accumulate bonuses, and pay for orders with them. #bulochki is always fresh baked goods with a lot of filling. Real jam! You will always find what you need on the menu: from coffee and hot dog to fres…"
"6760299881","ХАПАЙ РИБУ","Ukraine","Eastern Europe","24","15","5","15","«Хапай Рибу» — це мережа преміальних суші для тих, хто цінує якість інгредієнтів, стабільний смак і зручний сервіс. У нашому додатку ви можете швидко замовити суші та роли онлайн з доставкою або самовивозом. Ми готуємо зі свіжої риби та дотримуємось високих стандартів приготування. У меню — класичні…"
"768082524","叮咚买菜——品质之爱","China","East Asia","1","354517","4.74467","354517","叮咚买菜品质之爱，健康美味值得信赖，一站式自营生鲜美食购物平台：时令蔬果浪漫鲜花，应季水果限时尝鲜，新鲜肉禽鲜活水产，地域特色火锅食材，低卡轻食乳饮，爆款口碑甜品，宝妈严选儿童餐...丰富品类承包您家的一日多餐。 【AI饮食管家】 说说话或打打字即可为您加购商品，让您买菜快人一步。商品保质期提醒功能，为您高效管理家中食材。拍照识别食物营养分析，助你轻松管理健康。内置智能菜谱，手把手教学，零基础变身厨神。根据天气贴心推送提醒，让你的健康管理更及时！ 【品质之爱】 严选寻味中国、有机汇、宝妈严选、招牌好货、配料干净、澳洲直达、低GI七大标杆，用品质诠释生活，重新定义美好餐桌新标准！ 【新人福利】 …"
"460979760","下厨房-美食菜谱","China","East Asia","2","438061","4.83877","438061","• 菜谱更全，人气更高的美食社区； • 苹果官方 App Store 精选推荐的美食应用； • 被央视CCTV新闻频道报道为年轻人流行的生活方式APP。 ----主要功能----- • 时令流行：根据不同节气，告诉你应该吃什么，三餐不重样； • 榜单推荐：进来看看被两万多人做过的一道菜谱是什么？ • 人气社区：你尝试发布一道菜谱，会获得最真实的厨友点赞，交流心得提升厨艺； • 活动奖品：定期与品牌联合发布线上和线下活动征集令，赢奖品，交朋友； • 购买食材：联合达人推荐，帮你挑选最有品质的食材和厨具，瞬间成为身边人仰慕的美食专家。 【连续续费会员说明】 -- 订阅服务：连续包月会员、连续包年会…"
"1119397292","熊猫外卖-海外外卖订餐 网上超市","China","East Asia","3","24115","4.69658","24115","熊猫外卖是专为海外用户打造的中餐与亚洲美食外卖平台。无论想吃家乡味、热门中餐、火锅烧烤，还是奶茶甜品、日韩料理和夜宵，都可以打开熊猫外卖轻松下单。 【中餐外卖，选择丰富】 全球超过20,000个合作商家，熊猫外卖是各国中餐美食汇集的平台，可覆盖当地90%以上的餐厅和亚洲超市；中餐，川菜，粤菜，东北菜，日料，韩餐，应有尽有；生鲜，蔬菜，奶茶，烤鸭，炸鸡，烧烤，火锅，米线，螺蛳粉，麻辣烫，甜品，蛋糕，家常菜水煮鱼想吃什么都在这里！入驻商家包括海底捞，一芳，鲜芋仙，南大门，本宫的茶，刘一手，全聚德，Coco都可；想吃西餐薯条汉堡也没问题，国际快餐连锁店麦当劳 McDonald’s 汉堡王 Burge…"
"1662451643","Keeta - 外卖送递及自取","China","East Asia","4","5855","4.83723","5855","Keeta – 外卖送递及自取 Keeta送得快 多选择！ 大量优质餐厅进驻, 无论中、西、日、韩料理，又或者快餐甜品，Keeta都能点得到！ 优惠享不完 新客户即享$30外卖！平台精选“优惠专区”及“一人饭堂”，挑选全城至高性价比套餐！配合全民免运费优惠，无论一个人还是一群人，轻松0负担畅享美食！ 高效率配送 送餐配送高效率，最快15分钟送达！独家推出“准时保”服务，送餐延误可获0门槛优惠券，叫外卖从此有保障。 立即下载！升级你的外卖体验！ 了解更多资讯，请前往 https://www.keeta-global.com"
"378084485","Baemin - 外卖","China","East Asia","5","11677","4.90914","11677","外卖就是 Baemin！ 如果你是第一次使用 Baemin， 首单100%折扣优惠券等您领取。 *最高优惠金额：12,000韩元 ■ 入驻商家数量第一，食品评价数量第一 你正在寻找的美食店铺！ 在 Baemin 全都能找到。 今天也在 Baemin 享受美味的一餐吧。 ■ 免费配送，还有 YouTube 内容！Baemin Club 最强“吃饭搭子”会员服务登场 现在通过 Baemin Club + YouTube Premium， 不仅可以享受免费配送， 还可以畅享不中断的 YouTube 观看体验！ ■ 无最低起送金额的免费配送，Baemin Single Bowl 只点一碗炸酱面也可以，…"
"6739762511","鸭觅 - 你的小众点评","China","East Asia","6","2985","4.67537","2985","在鸭觅App中，我们诚挚邀请了多名美食推荐官来为小伙伴们做餐厅遴选。这些推荐官们均满足以下特点： ○ 吃得足够多，他们吃过的餐厅数量是普通人的10倍甚至更多，“见多方能识广”，我们相信吃得多的人在餐厅辨别上更有话语权。 ○ 吃得足够广，无论在价格区间还是品类分布上。见过好的食材、料理，也愿意包容创新，我们相信这样的推荐官更能为大家找出深藏在街头巷尾、值得一吃的美食。 ○ 有自己的本职工作，不以探店为主业或赖此获得主要经济收入。因前序的“吃多”、“吃广”这两项条件对应的“高恩格尔系数”需要相当的经济支撑，这些推荐官们大多在现实世界中有着受人尊敬、收入丰厚的工作，自付餐费也使得他们能够相对客观和无…"
"1133056767","菜谱大全–小白学做菜做饭助手","China","East Asia","7","318832","4.86707","318832","菜谱大全，汇集了来自全国各地的数十万道家常菜，并配以精美的图片，内容丰富详细，图文搭配更容易上手，页面简洁大方，超级好用，瞬间爱上了有木有！ 我们的产品特色： （1）数十万精品菜谱，统统免费使用！ （2）强大的搜索，帮你找到所有你想要的！ （3）强大的收藏功能，喜欢就毫不犹豫地留住！ （4）贴心的浏览记录，看过的菜谱都在这里，很贴心！ （5）描述详细，图片高清，让做菜变得轻松又容易！ （6）每天都有精品好菜推荐，天天都能吃出新花样！ 有了菜谱大全，让你立马爱上做菜，轻松成为完美的厨房小能手！ 【自动续费服务套餐声明】 1. 订阅周期：1个月（连续包月产品），3个月（连续包季度），12个月（连续…"
"434212566","豆果美食-菜谱食谱视频菜谱大全","China","East Asia","8","199420","4.90086","199420","汇聚 3 亿美食用户，精选 300 万道美食菜谱，迸发美食灵感，尽在豆果美食。 【主要功能】 ——发现热门内容： 从吃货日常“家常菜”到全球各国 “各地美味”，有无辣不欢“下饭菜”，也有新手小白“快手餐”在这里找到你365天的每一餐，海量食谱、菜单任你挑选！千万厨娘、厨神在此集结，各种生活相关优质内容呈现，品质趣文，想看就看！ ——在线课堂： 美食视频在线教学，直击现场，大咖0距离面授厨房秘籍，在线互动问答，助你扫清烹饪路上的所有难题。 ——笔记： 美食爱好者的交流平台，分享你的生活点点滴滴，与千万爱吃的灵魂们一起，缔造美好生活！ ——商城： 帮您严格甄选品质好物，把关商品质量，严苛服务品质，…"
"972641888","老板食神 - 你的AI烹饪伙伴","China","East Asia","9","264","3.71212","264","老板食神 —— 你的 AI 烹饪伙伴 海量精选菜谱 · 动态烹饪导航 · 实时教学陪伴，让烹饪成为日常享受 不知道做什么菜，担心做不好？老板食神来帮你！老板食神借力首个AI烹饪大模型，深度打通从""想做什么""到""完美出锅""的烹饪全过程，为您提供精准、简单、不翻车的菜谱与烹饪解决方案。汇聚海量精选菜谱，食神通过日常点滴交流更懂你的口味偏好和食材偏好，每一步烹饪过程都有清晰陪伴，帮您答疑解惑，让烹饪更从容、更高效。 核心功能亮点 —— 从灵感到出锅，全程护航 汇聚海量图文并茂精美菜谱，懂口味、知时令，帮你选好菜做好饭。小众菜谱食神也能帮你随心生成，简单对话更能调整适合自己的菜谱。口味南来北往、食材标…"
"399423833","美食杰-视频菜谱大全","China","East Asia","10","205049","4.90135","205049","一百万免费图文视频菜谱为您服务 我们是【美食杰-養】 这是一款多次被苹果APPSTORE推荐的美食菜谱APP 这是一款获得世界美食家大奖提供的美食菜谱APP 如果您是美食杰的新朋友，我想先向您介绍已经十二岁的 美食杰-養 这家初创公司 美食杰-養 成立于2007年 我们一直是国内非常领先的菜谱网站，至今拥有中国及国外图文菜谱及菜谱视频100万篇。 让更多人下厨做饭，给最爱的人做菜吃，烹饪厨房美食是我们觉得最容易获得幸福感的事情。 从图文菜谱时代开始，我们就推出各类家常菜、私房菜、川菜、湘菜、煲汤、早餐食谱、烘焙食谱、广东粤菜等适合家庭的电子菜谱，成为每一个厨房妈妈的好帮手，炒菜煮菜超简单。 这…"
"1377082167","懒饭 - 厨房里的美食指南","China","East Asia","11","158779","4.87744","158779","** 荣获 2019年 App Store 本土优秀App ** ** App Store 官方推荐的美食视频应用 ** 懒饭，专注出品适合新手的零失败视频菜谱。 快节奏的都市生活中，年轻人属于自己的时间、空间正在遭受挤压，人们开始更多地在美食当中寻找安慰。忙碌一天之后，回到厨房，哪怕是一碗面条、一锅炒饭，都能带来无限慰藉，感受到生活的温度。 ------ 懒饭核心特色： • 1分钟高清短视频，高效呈现所有用料、用具、步骤，一目了然。 • 精心研发容易上手、不易失败的美味菜谱，比如略有难度的鱼香肉丝、宫保鸡丁，研发团队研究出鱼香汁、宫保汁的简单配比，只要跟着菜谱做，零厨艺也能做出不失手的经典菜…"
"1643512385","凯度生活家","China","East Asia","12","1276","4.82915","1276","凯度生活家 App 是陪伴用户的共创生活社区，致力于为用户提供基于美食生活场景的丰富内容、服务和活动，成为用户交流美食生活的创意平台。在这个共同社区，用户可以实现手机与凯度智慧厨电的智慧互联，一手掌握机器使用指南，随时了解烹饪动态，轻松学习互动美食课，一键预约安装维保，享用海量健康食谱，创作灵感食谱，还能与生活家们一起分享美好食光，探寻健康、合乎心意的生活方式。 【设备】 一键操控，化繁为简。 【 菜谱】 让烹饪变得简单而有趣。 【AI助手】产品和烹饪难题随问随答 【 生活圈】 烹饪达人、爱好者的交流社区。 【 我的服务】 售后服务、产品使用指引。 还有更多贴心服务和乐趣等你来发现！"
"1098628542","香哈菜谱-精选食谱 家常菜做法大全","China","East Asia","13","235638","4.87592","235638","上香哈，学名厨做菜，每天记录美食，感觉超幸福！ 我们这里有100多万道原创高清菜谱，1万多道原创视频菜谱，家常菜、西餐、烘焙菜谱都很全，每天还推荐早中晚餐营养食谱，一家人再也不用愁每天吃啥了。 上万五星好评，超过9000万人的共同选择！ 超百万道菜谱，热门高清菜谱图文推荐！ 香哈菜谱是2018年受欢迎的菜谱美食社区，用户规模超过9000万人！ 【视频菜谱&名厨课】 高清视频菜谱，学做菜更快更嗨！同时，香哈联合中国顶级名厨，共同打造创意新式菜谱，高清视频，娴熟的技法，让你从零可以学会做菜。 【海量菜谱】 100人的美食团队，数十万美食家共同贡献了超过100万道精选菜谱。在这里，不仅有简单易学的家…"
"1598284771","味映-短视频赚钱极速版","China","East Asia","14","8682","4.68774","8682","看菜谱视频也能赚奖励，0.3元起提！ 边看边做，轻松学会每一道菜。用高清做菜视频 + 海量图文菜谱，陪你从厨房小白变身美食达人。 覆盖八大菜系、家常菜、减脂餐、烘焙、宝宝辅食等，每日更新。 每道菜含成品图、食材清单、调料用量、分步图解。"
"6475812283","糖葫芦达人 - 制作糖葫芦、食谱、ASMR","China","East Asia","15","44964","4.6714","44964","制作自己专属的糖葫芦，挑战吃播ASMR吧！ 「你做草莓糖葫芦吃播的话，我就赞助100元。」 「脆脆的声音太绝了(°θ°)」 由于客人都被最近新开的诸多糖葫芦店家抢走，曾经号称糖葫芦达人的父母因此卧病在床，于是继承了父母店面的主角露露开始通过糖葫芦吃播来宣传店面。 直到成为真正的糖葫芦达人那一天！ 「今天我也要开始糖葫芦直播咯！( •o• )」 【串材料】 只有新鲜水果的话，实时吃播博主很难立足。还要有松饼、地球软糖、青阳辣椒！利用奇特的材料制作糖葫芦吧。 【裹糖衣】 将材料串满竹签后，就放进锅里搅动吧。唯有采用达人的秘方，才能裹出又薄又脆的糖衣。 【实时吃播】 咔嚓咔嚓！今天的吃播也特别成功。…"
"6767801514","Mynu","China","East Asia","16","135","4.8963","135","Mynu 帮助你把每天做过与吃过的料理，整理成属于自己的食谱菜单与饮食日记。 用照片记录料理、分类整理菜单、通过日历记录和规划每天的餐食。无论你是为自己、伴侣，还是家人做饭，Mynu 都能帮助你更轻松地回顾喜欢的料理，并决定下一餐吃什么。 功能特色 • 建立属于你的家庭料理菜单 把做过的菜拍照存档，添加分类、食材和食谱加入你的菜单 • 用照片记录料理 从相机或相簿保存食物照片加上美观的盘子呈现你的美食相册 • 饮食日历 记录当天吃了什么，或回顾以前吃过的美食，计划下一顿饭吃什么，自动记录每道菜吃过的次数 • 家庭共享 *需要有iCloud储存空间* 通过 iCloud 私密共享菜单，与家人或朋…"
"6748433765","元初食品","China","East Asia","17","30","4.53333","30","元初食品是一家定位于“健康三餐提供者”，致力于为热爱烹饪、关注食品安全和关注健康的家庭，提供最大程度原生态、少处理、少添加的三餐食材，核心业务是以连锁超市为渠道的食品门店零售业务，经营特色是全球直采、优选产地、国际标准、质优价实。 元初食品APP，为顾客提供线上生活方式中对优质食品消费需求的综合服务，提供“全、准、好、省”到家和到店的体验；在元初食品APP上，不仅可以轻松买到新鲜实惠的好商品，还可以了解到商品的详细信息、真实的买家评价、参与到商品的测评试吃，享受积分累积福利，并用积分兑换口碑商品和异业服务，还可以和邻居们一起分享下厨的乐趣。 元初食品起源于2001年开始的对欧、美、日发达国家的…"
"1222465398","宝宝辅食大全-婴儿食谱","China","East Asia","18","50780","4.85989","50780","宝宝健康成长是父母最为关心的事情，0-3岁是孩子生长发育最快的年龄段，这一时期孩子的营养摄取，直接决定了大脑发育和免疫机制的建立，以及日后的身体健康，宝宝营养食谱在这个时期尤为关键。 宝宝辅食App，为广大新手爸妈全面提供宝宝特殊成长时期所需要的营养，让宝宝的饮食营养均衡，宝宝健康成长。 －根据宝宝不同时期，针对性的提供对应食谱，主要分为婴儿、幼儿、 儿童三大特殊成长时期。 －食谱内容全面，食物的营养介绍，食材配比，制作步骤都非常详细，一学就会。 －支持食谱收藏功能，适合宝宝的食物就为宝宝留下来吧！ －界面简洁精致，使用简单，新手妈妈们必备。"
"455221304","网上厨房-家常菜谱美食烘焙教程","China","East Asia","19","4607","4.81289","4607","- 一个能免费查阅图文、视频菜谱的工具； - 一个交流分享厨艺的美食社区； - 成立11年，6000万厨友们共同的选择； 网上厨房是一个专注于教人如何学会做菜的美食菜谱APP，能为千万厨房提供海量美食菜谱，包括家常菜，西餐，烘焙食谱，减肥餐，健身餐，宝宝辅食，孕妇食谱，八大菜系等。 『主要功能』 - 搜索功能：搜菜谱，搜食材，搜课程，搜厨友，帮你快速找到想要的内容； - 分类菜谱：包括一日三餐，时令美食，地方小吃，热门榜单，本周流行，最新菜谱等等，帮你快速发现自己喜爱的内容； - 收藏功能：一键收藏喜欢的内容，登陆账号云端保留永不丢失； - 厨艺课堂：在线手把手教你提升厨艺，互动教学零失败； …"
"6792402315","Nombook 食谱日记","China","East Asia","20","29","5","29","有些菜谱只做一次，有些会一做再做，慢慢变成家里常吃的那道菜。nombook 不只帮你整理菜谱，也能在每道菜谱里记录下厨照片、心得和调整。下次再做时，上次的经验都找得到。 你可以从头写，也可以从网页、照片、菜谱书页、菜谱卡片或手写笔记导入。想好这周吃什么，把缺的食材加进购物清单；开火后按步骤看、随手开计时器；做完后再记下这次哪里做得好、下次想改什么。 整理自己的菜谱 • 自己写下食材、步骤和容易忘的小细节 • 粘贴网页链接，或从内置浏览器直接保存 • 用相机扫描菜谱书、卡片和手写笔记；多张照片也能整理成一道菜谱 • 导入内容会先变成可编辑的草稿，确认无误后再保存 • 用自己的照片做封面，一键去掉…"
"771068291","Kitchen Stories Easy Recipes","China","East Asia","21","37050","4.87934","37050","Kitchen Stories is your ultimate digital cookbook, recipe keeper, and meal planner for everyday cooking! Discover thousands of chef-tested recipes, get inspired by culinary creators, and learn new cooking techniques step-by-step. Whether you want a quick weekday meal, healthy dinner ideas, or baking…"
"290033990","ホットペッパーグルメ","Japan","East Asia","1","328128","4.6011","328128","「ホットペッパーグルメ」は人気の飲食店が多数掲載！アプリでかんたん検索・らくらく予約、さらにおトクなホットペッパーグルメ限定のクーポンも満載！！ ■新機能追加 アプリで“今すぐ入れる近くのお店”を確認し、その場で席を確保できる「席押さえ」機能を提供開始しました！現在地周辺の空席をリアルタイムで検索・確保。 ＝＝＝＝＝＝＝＝＝＝＝＝＝＝＝＝＝＝＝＝＝＝＝ ホットペッパーグルメアプリとは？ ＝＝＝＝＝＝＝＝＝＝＝＝＝＝＝＝＝＝＝＝＝＝＝ ～リクルートのグルメ情報サイト「ホットペッパーグルメ 人気の飲食店予約とおトクなクーポン検索」の公式アプリ～ ・美味しいお店のおトクな割引や店内や料理のきれいな写…"
"6739188587","Rocket Now : 出前/フードデリバリー","Japan","East Asia","2","52551","4.56114","52551","Rocket Now（ロケットナウ） は、送料・サービス料のないフードデリバリーアプリです。 「お店と同価格」バッジの付いた店舗では、オフライン店舗と同じ価格で料理を注文できます。 人気レストランの料理をワンタップで簡単注文。忙しい毎日に、より手軽でスマートな食の体験をお届けします。 ◆主な機能 ・手数料ゼロ：送料・サービス料が無料。気軽に注文できます。 ・リアルタイム追跡：配達状況をアプリで確認。到着までの流れが一目でわかります。 ・豊富なジャンル：和食・洋食・中華料理・韓国料理・イタリアン・アジア/エスニック・定食・ラーメン・カレー・焼肉・弁当・寿司・ドリンク・コーヒー・スイーツなど、人気…"
"763377066","食べログ - おいしいお店を見つけて予約できるグルメアプリ","Japan","East Asia","3","684318","4.5349","684318","食べログは掲載店舗数No.1!!* 【2500万ダウンロード突破！】食べログは、空いているお店がすぐに見つかる飲食店アプリです。日本最大級の飲食店データベースから、ランチやディナーはもちろん、ラーメン、寿司、居酒屋、洋食、スイーツ、カフェなど幅広いジャンルのお店を選べます。飲食店探しから予約まで、食べログ1つで完結します。 全国89万件以上の飲食店、9,047万件以上の口コミ、2億4,074万枚以上の写真を無料でチェックできます。料理・雰囲気など気になる情報を比較しながらお店を選べて、会員登録なしですぐ使えます。近くのお店探しや旅先のグルメ検索、人気店のネット予約まで幅広く対応。プレミアム会員…"
"1058959277","Uber Eats（ウーバーイーツ) 出前/フードデリバリー","Japan","East Asia","4","1816714","4.50513","1816714","あなたの玄関まで料理を配達します。素晴らしい地元や全国のレストランから料理を見つけて、Uber Eatsアプリで簡単に注文できます。リアルタイムで注文を追跡できます。 お気に入りの料理とレストランを見つけよう 近くのレストランから料理を注文し、料理の種類、レストラン名、料理名、食事で検索できます。ピザ、ブリトー、バーガー、寿司、ドーナツ、中華料理など、さまざまな出前デリバリーオプションから注文して楽しめます。テイクアウトを希望しますか？行列や予約をスキップして注文を受け取りましょう。Uber Eatsアプリでお気に入りのデリバリーオプションを今すぐ選びましょう。 Uber Oneにサブスクライ…"
"906930478","すかいらーくアプリ","Japan","East Asia","5","519159","4.39654","519159","すかいらーくグループ各店で使える公式アプリです。 ■使えるお店 ガスト・バーミヤン・ジョナサン・しゃぶ葉・夢庵・ステーキガスト・グラッチェガーデンズ・藍屋・むさしの森珈琲・フロプレステージュ・魚屋路・chawan・から好し・ゆめあん食堂・La Ohana・桃菜・包包點心・點心甜心・八郎そば・ニラックスグループ・トマトアンドオニオン・じゅうじゅうカルビなど ■主な機能 ・クーポン お得なクーポンがいつでも使えます。簡単な会員登録で近くのお店で使える限定クーポンや時間限定クーポンも配信しています。クーポン情報はプッシュ通知でお知らせしているので、ぜひPUSH通知ONにしてご利用くださいませ。 ・ポ…"
"405489166","出前館 お店価格でフードデリバリー、宅配、配達をアプリで！","Japan","East Asia","6","341350","4.43803","341350","出前・宅配・デリバリー「出前館」公式アプリ! 日本最大級の飲食店数！様々なジャンルの料理が楽しめます さらに、とってもお得な特典もついてくる 好きなお店の料理を選んで、豊富な支払方法で簡単注文！ ◆様々なジャンルのお店からデリバリー可能 宅配ピザはもちろん、ガスト、マクドナルド、餃子の王将、CoCo壱番屋、ほっともっと 近所のお弁当屋さん、中華屋さん、カレー屋さん、お蕎麦屋さん、お寿司屋さんなど。 様々なジャンルのお店を一気に検索できて、ラクラク注文できます。 ◆出前館は....... ・出前を頼める飲食店数が日本最大級 ・送料無料のお店がたくさん ・雨の日でもいつもと同じ送料 ・確実に丁寧に…"
"6762328412","永谷園だんらんプログラム","Japan","East Asia","7","15","4.73332","15","「今日のごはんは何にしよう？」「あ、あれ買い忘れた！」……毎日の献立作りやお買い物、本当にお疲れ様です。 「お買い物や食卓をもっとワクワクするものに変えられたら」そんな想いから、永谷園の公式アプリが誕生しました。 お買い物から食卓まで、家族との会話がもっと弾む「だんらん」の時間を、このアプリと一緒に楽しんでみませんか？ １．捨てちゃうレシートが「最高の体験」に！「ランクプログラム」 いつものお買い物でもらうレシート、そのまま捨てていませんか？永谷園の商品が含まれたレシートをパシャリと撮影して投稿するだけで、「おかげさまポイント」が貯まります。 貯めるほどランクアップ：ポイントが貯まると「ブロン…"
"1177907423","レシピ動画で料理献立を簡単‪に - デリッシュキッチン","Japan","East Asia","8","507801","4.62123","507801","◆作りたい！が見つかるレシピ動画アプリ ・レシピサービス アプリ+ウェブ利用者数 国内No.1 （※）アプリの月間利用者数300万人以上かつウェブサイトでの国内における月間利用者数2,500万人以上の国内主要レシピサービス3社の月間利用者数（2025/10〜2026/4、スマホアプリ市場分析プラットフォーム「Sensor Tower」及びサイトトラフィックやユーザー行動の分析ツール「Similarweb」における数値）を比較（株式会社エブリー調べ） ・レシピサービス SNSフォロワー数 国内No.1 （※）国内レシピサービス（レシピを検索・保存できるアプリやウェブサービス）のうち、SNSのフォ…"
"340368403","レシピはクックパッド -No1節約料理や献立の検索アプリ","Japan","East Asia","9","677593","4.61338","677593","◆クックパッドとは クックパッドは、利用者数 No.1のレシピサービス（iOSアプリ1日あたりのアクティブユーザー数 2024年7月〜9月 Data.ai より）です。料理中も見やすいレシピ、広告も一切なし、食材検索するだけで今日つくるものが決まります。またフォーマットに沿って材料や手順を入力するだけで、自分のレシピを簡単に書けます。 今日つくるものが決まる ・食材や料理名で検索するだけで、今日作りたいレシピが簡単に見つかる ・豊富なレシピ数で、定番からマンネリ解消レシピまで見ることができる 料理中も見やすいレシピ ・レシピにあるピンアイコンを押すと、今日つくりたいレシピをピン留めできる ・主…"
"1333019957","ココウェブ　～ココス公式アプリ～","Japan","East Asia","10","134117","4.58808","134117","ココスのご利用をもっとお得&便利に！ ご利用ごとにたまるポイントサービスや、今日から使えるお得なクーポンを配信している 【ファミリーレストラン ココスの公式ウェブ会員アプリです】 ココスのお得なクーポンやフェアメニュー情報の配信など、無料でお楽しみいただけます。 またポイントカード・ビッグスマイルクラブ（BSC）カードを登録すると、もっと便利にご利用いただけます。 ※本アプリは富山・石川・福井・岐阜・滋賀・奈良県および、京都府内のココスではご利用いただけません。 また、2022年7月5日（火）にココスのポイントサービス「ビックスマイルクラブ」が「ココスマイレージ」にリニューアルしました！ 【コ…"
"977041956","最長１週間の献立が簡単に作れるme:new（ミーニュー）","Japan","East Asia","11","16498","4.23609","16498","◎献立が簡単に作れるから「何作ろう？」がなくなる！ ◎買い物リストも自動作成で買い物もラクラク！ ◎お子さんも食べやすい献立、別々に料理をする必要がなく時短！ ◎ログインアドレスとパスワードを家族で決めたら、同時にどの端末からも入れるので 家族間で共有も可能！ ◎多くの情報番組でもご紹介いただいています！ ◆お客様の声 「作るものが決まっていると、こんなに楽なのかと驚いています」 「毎日の料理、買い物が楽になり、大幅な節約にもなっています！」 「子供も小さいので、一緒に食べられるレシピをかんがえてくれるなんて 嬉しすぎました」 ============================ me:n…"
"1639046576","CATCHTABLE：人気レストランの順番待ち・予約","Japan","East Asia","12","4260","4.7284","4260","ミシュラン掲載店からローカルの名店まで CATCHTABLEで、探す・予約する・楽しむをすべて一つに 韓国で350万人、世界で100万人が利用する CATCHTABLEは、韓国No.1のレストラン検索・予約アプリです。 ■ 8,000店以上のレストランを簡単に探せます ・20言語対応でスムーズに検索 ・韓国の人気レストランを一括でチェック ・テーマ別キュレーションで理想のお店を発見 ・日時、人数、エリア、料理ジャンルで細かく絞り込み ・価格や駐車場などの情報をひと目で確認 ・実際の来店者による5万件以上の信頼できるレビュー ■ 安心して予約・ウェイティング ・韓国の電話番号不要 ・既存のメール…"
"973084539","ナディア-プロの料理家のレシピで毎日の献立がすぐ決まる","Japan","East Asia","13","6619","4.40882","6619","プロの料理家によるつくりやすくておいしいレシピが満載！ 月間2000万人が利用するレシピサイトNadiaの公式アプリです。 Nadiaに掲載されているレシピは、プロの料理家が作ったものばかり。 写真がきれいでつくりやすく、レシピ検索で失敗しない、とたくさんの方にご満足いただいています。 時短・簡単・節約レシピから、お弁当や作り置きおかず、おもてなしパーティー料理まで。 さらに、コラムやレシピまとめなど、たくさんのお料理コンテンツを毎日お届けしています。 あらゆるシーンで失敗しない、あなたがつくりたいレシピがきっと見つかります。 さらに、アプリ限定の献立機能が便利！ プロの料理家によるおすすめ献…"
"6744090840","CookGo：食事の計画とレシピの保存","Japan","East Asia","14","9824","4.50234","9824","CookGo(クックゴー)：かんたんレシピ取り込み＆スマート管理 CookPal は CookGo(クックゴー) になりました — あなたのオールインワン・レシピアプリが、新しい名前とデザインで生まれ変わりました。 CookGo(クックゴー) は、どこからでもレシピを保存・整理・調理できる便利なアプリです。Instagram の話題の料理、Facebook のレシピ、または食材の写真など —— CookGo はそれらすべてを、信頼できる栄養情報付きの整理されたレシピに変換します。CookGo があれば、あらゆるプラットフォームの料理インスピレーションが、あなただけのデジタルクックブックになりま…"
"1439422462","久原本家 茅乃舎 公式アプリ","Japan","East Asia","15","130","2.92308","130","明治26年創業、福岡県糟屋郡久山町の総合食品メーカー「久原本家」の公式アプリです。 厳選した国産素材を使用しただし・調味料・食品のブランド「茅乃舎（かやのや）」、明太子を中心とした博多の美食を扱う「椒房庵（しょぼうあん）」、あごだし調味料やうまたれシリーズの「くばら」、”北海道を、もっと” をコンセプトにした「北海道食品庫」などを手掛けています。 さまざまなコンテンツを通じて、皆様の日々の食卓や暮らしが少しでも心豊かなものになるお手伝いができれば幸いです。 【茅乃舎ひめくりレシピ】 ■茅乃舎だし・野菜だしの旬のレシピを毎日お届けします。 今日のごはん、何にしますか？ 旬の食材や季節のイベントに…"
"1059134258","クラシル - 毎日の献立に！レシピ動画で料理がおいしく作れる","Japan","East Asia","16","759190","4.57673","759190","レシピプラットホーム『クラシル』 ◆クラシルとは クラシルは、アプリダウンロード数（※1）・平均レビュー評価（※2）・レシピ動画数（※3）のすべてにおいて国内No.1のレシピプラットホームです。2016年2月のサービス開始以降、「くらしを美味しく、あたたかく」をサービスコンセプトに掲げ、管理栄養士監修の「誰でも安全に・おいしい料理を作ることができるレシピ動画」を約50,000件以上提供してまいりました。おかげさまで、国内で最も利用されるレシピプラットフォームへと成長しました。 この度、クラシルはこれまで以上に便利で、楽しい料理体験を提供するプラットフォームへと進化します。 「レシピが見つかる場…"
"1431683346","nosh / ナッシュ","Japan","East Asia","17","52399","4.40556","52399","---------------------- アプリからの購入の方限定で総額3,000円OFF！ ---------------------- ＼糖質30g以下・塩分2.5g以下のヘルシーな食事をお届け／ 『nosh-ナッシュ』は糖質30g以下・塩分2.5g以下の食事を 一流の料理人と管理栄養士が監修し、 急速冷凍したお弁当をお客さまにお届けするサービスを提供します。 ▼ noshはこのようなお客さまに選ばれています - 調理の手間なく美味しい食事をしたい方 - 健康的な食生活を送りたい方 - 仕事や家事で料理をする時間がない方 - 好きな時にお好きなメニューの食事をしたい方 - 体質改善チャ…"
"1119397292","HungryPanda/熊猫外卖/フードデリバリー","Japan","East Asia","18","5484","4.57622","5484","HungryPandaは、様々な場面で使えるクーポンをユーザーに提供しています。初回登録や定期的なイベントなど、様々な方法でクーポンを入手できます。 【迅速な配達】 朝食、夕食や夜食など、AIによりすぐに料理をお届けします。 【お得なテイクアウト】 注文画面でピックアップを選択すると、追加料金なしで、ピックアップ専用の割引が受けられます。 予約不要、行列なしで、あらゆる種類の料理が楽しめる。 【簡単注文】スマートなモバイルアプリ体験、親しみやすい注文UI、安全で便利なオンライン決済、迅速で専門的な配送サービス、24時間対応のオンラインカスタマーサービス。 【リアルタイム注文追跡】 注文から配送…"
"1505915261","Soup Stock Tokyo公式アプリ（リニューアル）","Japan","East Asia","19","6919","4.12979","6919","食べるスープの専門店 Soup Stock Tokyo(スープストックトーキョー) の公式アプリです。 前回のアプリからお客様からのお声を受け、利便性と安全性の向上のため2025年3月13日にリニューアルいたしました。 ［アプリの主な機能］ ・スープポイント →レジでアプリ会員証を提示してスープポイントを貯められます。貯まったスープポイントはお得なチケットと交換いただけ、ご自身で利用することも、お友達に贈ることもできます。 ・メニュー→お気に入りの店舗の今週/来週のメニューをご覧いただけます。 ・モバイルオーダー→レジに並ばず、お席でゆっくりとご注文いただけます。アプリからのモバイルオーダーで…"
"1409552387","AutoReserve - AIによるレストラン予約アプリ","Japan","East Asia","20","10024","4.45381","10024","AutoReserveは予約可能レストラン数No.1!* ネット予約ができないところでも、AIが代わりに電話してくれる飲食店予約グルメアプリ。海外のお店もAutoReserveで予約可能。充実した検索機能で、 レストラン探しから予約までAutoReserve一つで完結。 ================= オートリザーブの特徴 ================= ■予約可能レストラン数No.1* ■ AutoReserveで予約できるレストランは世界17カ国の260万店舗以上。日本、アメリカ、韓国、シンガポール、タイ、香港、イギリス、オーストラリア、カナダ、フィリピン、ニュージーランドなど、世…"
"6444931917","Let‘sgofun（れっつごふぁん）","Japan","East Asia","21","85","2.17647","85","【メニュー情報】 1週間先までの提供メニューを写真付きで掲載。メニュー名や価格だけでなく、栄養価やアレルギー情報も確認できます。紙のメニュー表を保管したり、サンプル台を見に行くことなく、いつでも・どこでもメニューが確認できます。 【イベント情報】 イベントメニューやフェア等の情報を配信します。 プッシュ通知をONにしていただくことで、イベント当日のリマインド配信も受け取ることができます。 【記録機能】 食べたメニューをワンタップで記録し、評価をフィードバックすることができます。 フィードバックされた内容は統計処理し、メニューの改善に活用させていただきます。 【ログ機能】 記録した内容を「食事ロ…"
"1593779280","레시피 저장 & Meal Planner: ReciMe","South Korea","East Asia","1","27","4.62962","27","The number 1 recipe organizer. ReciMe saves all your favorite recipes in one place, including Instagram, Facebook, TikTok, YouTube and Pinterest. Create grocery lists and meal plans. Calculate calories for every recipe. However you cook, ReciMe helps you do it, better. FEATURES - Save Recipes from I…"
"6769601354","TapCook: Budget Meal Plans","South Korea","East Asia","2","0","0","0","1. Enter your ZIP and pick the grocery store you actually shop at 2. Tell us how many you're feeding, which nights you cook, and what you want to spend 3. Get a week of dinners and one grocery list, totalled at your store TapCook plans your dinners for the week and tells you what the groceries will …"
"6739286231","Osta: Save & Share Recipes","South Korea","East Asia","3","14","4.92856","14","With Osta, you can save & import recipes from Instagram, websites, and TikTok. Organize and cook your favorite recipes in your own personalized recipe box. All your recipes in one place. • Import recipes instantly from Instagram, TikTok, or a website. • Cook using a simple recipe display with no clu…"
"1015997735","Factor_ Prepared Meal Delivery","South Korea","East Asia","4","11","4.72727","11","Factor Makes Eating Well Easy — and Delicious With 100+ weekly options and a constantly upgraded menu featuring high-protein meals, Factor takes the stress out of healthy eating. Our chef-crafted, dietitian-approved meals are delivered fresh (never frozen) and ready to heat in just 2 minutes—so you …"
"6480109616","네스프레소 스마트","South Korea","East Asia","5","54","3.01852","54","■ 네스프레소 스마트 - 일상 속 커피 라이프를 더욱 간편하고 스마트하게! 네스프레소 스마트 앱은 네스프레소 버츄오 머신 및 바리스타 레시피 메이커를 더 쉽고, 더 재미있게 사용할 수 있도록 도와주는 전용 앱입니다. 스마트 앱은 이런 기능들을 제공합니다. ◦머신과 앱을 연동해, 내 머신을 잘 관리할 수 있어요. ◦내 취향대로 커피 양을 간편하게 설정할 수 있어요. ◦매일 커피를 더 맛있게 즐길 수 있는 홈카페 레시피를 제공해요. ◦관리 꿀팁, 사용법 가이드도 앱에서 바로 확인할 수 있어요. 소중한 내 커피 타임을 더 똑똑하게 즐기고…"
"6752922875","타베로그 Tabelog - 일본 현지 맛집 찾기","South Korea","East Asia","6","1701","4.73427","1701","여행 전이나 여행 중에도 일본 최고의 로컬 맛집을 찾고, 리뷰를 확인하고, 테이블을 예약해보세요. 타베로그(Tabelog)는 일본 현지인과 여행자 모두에게 신뢰받는 일본 최고의 레스토랑 검색, 음식 리뷰, 테이블 예약 앱입니다. 일본 전역 80만 개 이상의 레스토랑과 8,200만 건이 넘는 실제 이용자 음식 평가 및 리뷰를 보유하고 있어, 일본에서 어디에서 먹을지 믿고 선택할 수 있는 가장 쉬운 방법입니다. 여행을 계획 중이든, 혼자 떠나는 여행이든, 혹은 근처에서 저렴하게 식사할 곳을 찾고 있든, 타베로그는 모든 순간에 맞는 레스…"
"6777471316","mise - meal planner","South Korea","East Asia","7","3","3.66667","3","mise – meal planner Take the stress out of deciding what to eat. mise helps you generate personalised meal plans in seconds based on your dietary preferences, calorie goals, favourite UK supermarkets, budget, and the ingredients you already have at home. Whether you're meal prepping for the week, tr…"
"1463076279","Freddy’s","South Korea","East Asia","8","1","4","1","• Quickly find your nearest Freddy’s and order ahead for carry-out, delivery or dine-in. Easily customize your Freddy’s favorites like our famous cooked-to-order steakburgers and fresh & creamy frozen custard. • Choose the toppings you want, add a side and a drink, and get your order just the way yo…"
"1535583068","EatClub: Food Delivery App","India","South Asia","1","144222","4.72687","144222","Order on EatClub. FLAT 30% OFF Everytime. NO T&C. Get Free EATCLUB trial membership @ ₹0. Explore a variety of cuisines - from Pizzas with 2X toppings to Desi Meals, Matka Biryani, Protein Bowls, Sub-Style Sandwiches, Rolls, Pasta, Ice Creams, Thin Crust Pizzas, Rice Bowls, Ghee Khichdi - we’ve got …"
"1603809688","Popeyes India: Food Delivery","India","South Asia","2","3875","4.70374","3875","Get ₹1000 worth of coupons & FREE DELIVERY with Popeyes app. Download now! Online Food Ordering & Delivery with Popeyes App in India – Download the Popeyes app and order your favorite food online. Popeyes India: The Iconic global brand is now in India. Welcome to the Popeyes Family. Loved by Million…"
"1052440342","Licious - Chicken, Fish & Meat","India","South Asia","3","78524","4.78543","78524","Order premium, delicious, fresh meats and seafood online at Licious. An online meat shop by meat lovers and for meat lovers, which delivers fresh poultry, meat, seafood, meat masalas and vegetarian plant-based protein. Explore our wide range of fresh meats & seafood online: Chicken: Licious Chicken …"
"1390207344","FreshToHome: Order Meat & Fish","India","South Asia","4","15612","4.29324","15612","FreshToHome is a one-stop online marketplace to get Antibiotic & Chemical-free locally supplied: Fresh Chicken, Mutton, Poultry, Meat, Seafood, Fruits & Vegetables safely delivered to your doorsteps Join thousands of other happy customers who love shopping from us. You can find us in India in the fo…"
"6760836052","Foodstories","India","South Asia","5","47","3.97872","47","Foodstories is a premium gourmet food app designed for those who appreciate quality, discovery, and elevated everyday living. Shop the finest selection of gourmet foods, fresh produce, artisanal ingredients, and curated essentials — all thoughtfully sourced to bring the best of global and local flav…"
"1273758728","HomeID","India","South Asia","6","1489","4.7636","1489","Unlock your home's full potential with HomeID. HomeID, formerly NutriU, is your all-in-one app for meal planning and prep, with a variety of healthy and delicious recipes to explore. It's your companion for delicious Airfryer recipes and meals - from breakfast to dinner, healthy snacks, and delightf…"
"6777062542","Solgram","India","South Asia","7","16","4.375","16","Your kitchen deserves better than whatever's been sitting in a warehouse since Tuesday. Solgram is Gurgaon's premium grocery delivery app, built for people who actually care what goes into their food. We hand-pick every product, work with trusted farmers and specialty producers, and deliver it to yo…"
"1574371804","Cookd: Recipes & Masalas","India","South Asia","8","691","4.86831","691","Cookd is an Indian recipe app from Chennai. More than 2,300 recipes, step by step, with short videos. Find what to cook, cook it well, and buy Cookd Masalas, all in one app. WHAT SHOULD I COOK TODAY? • Find: choose the dish, meal time, cuisine, diet and time (under 15, 30, 45 or 60 minutes). You see…"
"6472445393","Craft My Plate: Food Catering","India","South Asia","9","152","4.42763","152","Why Choose CraftMyPlate? CraftMyPlate isn’t just about food—it’s about making every event unforgettable. Whether you’re hosting a family dinner, corporate meeting, or a grand celebration, CraftMyPlate offers the perfect meal solutions, personalized to your preferences and needs. Our services include…"
"426415753","Domino's Pizza Delivery UK&ROI","India","South Asia","10","467","4.82013","467","When you want pizza, you really want pizza. Luckily, our app is the quickest and easiest way to order one with a whole host of exclusive features. Want to know more? Course you do… ORDER PIZZA Scroll through our easy-order menu and treat yourself to an all-time classic or discover something new! You…"
"758103884","foodpanda: Food & Groceries","India","South Asia","11","7611","4.60045","7611","Discover the local choice for meals, groceries, and food delivery with foodpanda! Life can get overwhelming, but we’re here to help! Whether you need daily meals, groceries, or shopping essentials, foodpanda has got you covered with convenient food delivery. Order Your Favourite Food with Just 3 Sim…"
"6752922875","Tabelog: Food planner in Japan","India","South Asia","12","33","5","33","Find, review, and book a table at Japan’s best local restaurants, before you go or while you travel. Tabelog is Japan’s leading restaurant search, food review, and table reservation app, trusted by locals and travelers alike. With over 800,000 restaurants nationwide and more than 82 million authenti…"
"989276051","instashop: Groceries & more","India","South Asia","13","1475","4.64339","1475","Hey there! We’re instashop, your go-to app for all things shopping, delivered fast and easy. Curious how we make life simpler for you? With instashop, you can shop from your favourite local supermarkets, pharmacies, restaurants, bakeries, butcheries, pet shops, and more, all in one place! No more st…"
"6762132422","Toreta","India","South Asia","14","68","4.73529","68","You spend enough energy at work. Your food shouldn't cost you more. Toreta is clean food delivery for working professionals in Gurgaon. No maida, no palm oil, no preservatives. Cooked fresh every day in small batches. Never stored, never reheated. Every meal comes with a full nutrition breakdown. Tr…"
"1498929827","KFC UAE - Order Food Online","India","South Asia","15","618","4.50162","618","The all new KFC UAE App is the fastest way to order your favorite KFC fried chicken online. Ordering food online within a few clicks has never been so easy. Pick up the food or get it delivered at your doorstep, in just a few taps from the latest KFC online food ordering app! At KFC, we believe in r…"
"1521406820","Chaayos India","India","South Asia","16","616","4.31168","616","Started in 2012, Chaayos is known as India’s most loved Chai café with 80+ cafes across Delhi NCR, Mumbai, Chandigarh and Bangalore. We are known for our signature “Meri Wali Chai” – a fresh, personalized and handcrafted cup of Chai, just the way you like it! You can choose your perfect cup of Chai …"
"6467556517","RailRecipe-Order Food on Train","India","South Asia","17","306","4.63725","306","Hungry or worried about a poor pantry meal on the train? Want delicious, clean, inexpensive, and fascinating meals delivered straight to your train seat? Order on RailRecipe, IRCTC Official Partner -food delivery in train App.Install the RailRecipe app today for train meal service, and order food on…"
"6504799859","Fairdeal Market","India","South Asia","18","44","4.11364","44","Welcome to FairDeal.Market where retailers find everything they need to flourish in today's competitive market. Whether you have been running a store for a while or are new to the business, our app provides easy access to top-notch convenience, high-quality branded products, and exceptional discount…"
"1236186604","TenderCuts - Fresh Meat & Fish","India","South Asia","19","2859","4.38615","2859","Need fresh poultry, meats, and seafood delivered to your doorstep? Think TenderCuts! By partnering with local farming and fishing communities, TenderCuts delivers an array of freshly packed and delicious meat, seafood, eggs, and ready-to-cook meals at express delivery speeds. We also offer an array …"
"6445911264","Zoop India-Order Food in Train","India","South Asia","20","1965","4.18728","1965","Order fresh & hygienic food online in trains for delivery at all major stations. Enjoy delicious meals from trusted restaurants for a hassle-free journey. Are you planning to travel by train and wondering how to order? If so, you'll be happy to know that you can now order food on train online. This …"
"1480491422","KFC Pakistan","Pakistan","South Asia","1","14559","4.49899","14559","Customise your meals, order on the go and get the delicious Kentucky Fried Chicken delivered at your doorstep anywhere in Pakistan. The entire KFC menu is fully customisable including items such as our original recipe, crispy chicken, twisters and burgers, all freshly prepared for you. Features • Or…"
"758103884","foodpanda: Food & Groceries","Pakistan","South Asia","2","372648","4.54065","372648","Discover the local choice for meals, groceries, and food delivery with foodpanda! Life can get overwhelming, but we’re here to help! Whether you need daily meals, groceries, or shopping essentials, foodpanda has got you covered with convenient food delivery. Order Your Favourite Food with Just 3 Sim…"
"1491761668","KFC Saudi Arabia","Pakistan","South Asia","3","33","4.60606","33","The all new KFC Saudi Arabia App is the fastest way to order your favorite KFC fried chicken online. Ordering food online within a few clicks has never been so easy. Pick up the food or get it delivered at your doorstep, in just a few taps from the latest KFC online food ordering app! At KFC, we bel…"
"6763524176","Ranchers Cafe.","Pakistan","South Asia","4","3","1","3","One night aftr’ a long day ov’ showdowns, a couple of cowboys came together to cook up sum monstrous burgers to fill up their empty bellies. Texas Jack, one of them, said to ye others “I want meself a meal like this every single day!”. Bill, who was cookin’ up the finger licking meat thought why not…"
"1664369441","Jazeera Foods","Pakistan","South Asia","5","2419","4.66184","2419","The iOS app of Jazeera Foods makes it very easy for iPhone users to order scrumptious chicken pulao right from the comfort of their homes. You can view the entire menu, make choices, edit your order and track your order status. Some of the hot-selling items provided at Jazeera Foods are Chicken Pula…"
"6670216494","Mob: Meal Planner and Recipes","Pakistan","South Asia","6","1","5","1","Join 4 million+ home cooks who've made weeknight cooking easy. Plan your week, build your shopping list in a tap, and never cook the same thing twice. Apple App of the Day and featured by Apple. Rated 4.5 stars by our community and loved in the press. Mob turns cooking from a daily scramble into the…"
"6739286231","Osta: Save & Share Recipes","Pakistan","South Asia","7","237","4.26582","237","With Osta, you can save & import recipes from Instagram, websites, and TikTok. Organize and cook your favorite recipes in your own personalized recipe box. All your recipes in one place. • Import recipes instantly from Instagram, TikTok, or a website. • Cook using a simple recipe display with no clu…"
"989276051","instashop: Groceries & more","Pakistan","South Asia","8","173","4.63584","173","Hey there! We’re instashop, your go-to app for all things shopping, delivered fast and easy. Curious how we make life simpler for you? With instashop, you can shop from your favourite local supermarkets, pharmacies, restaurants, bakeries, butcheries, pet shops, and more, all in one place! No more st…"
"1147168061","Pizza Hut UAE- Order Food Now","Pakistan","South Asia","9","160","4.9","160","Pizza Hut is one of the best fast-food restaurants in the UAE. Find amazing deals & offers on our app and get them delivered to your doorstep. Indulge yourself with veg and non-veg array of pizzas, pastas, drinks, desserts & more all from the comfort of your home! Order pizza online from our improve…"
"983591001","Foodmandu","Nepal","South Asia","1","818","3.84108","818","Hungry much? Whether you’re chilling at home, hustling at work, or simply too comfy to cook, Foodmandu has you covered! As Nepal’s first and leading food delivery service app we are here to make your life (and lunch) extra special. Here’s why you should download us right away: Explore diverse catego…"
"426415753","Domino's Pizza Delivery UK&ROI","Nepal","South Asia","2","5","4.8","5","When you want pizza, you really want pizza. Luckily, our app is the quickest and easiest way to order one with a whole host of exclusive features. Want to know more? Course you do… ORDER PIZZA Scroll through our easy-order menu and treat yourself to an all-time classic or discover something new! You…"
"758103884","foodpanda: Food & Groceries","Nepal","South Asia","3","419","4.52029","419","Discover the local choice for meals, groceries, and food delivery with foodpanda! Life can get overwhelming, but we’re here to help! Whether you need daily meals, groceries, or shopping essentials, foodpanda has got you covered with convenient food delivery. Order Your Favourite Food with Just 3 Sim…"
"1611549881","RestroX - Restaurant Software","Nepal","South Asia","4","34","4.55882","34","Why RestroX? Because you're passionate about food, and we're passionate about making the restaurant business seamless for you. Dive into an era of effortless restaurant management with RestroX – an integrated solution tailored for restaurateurs, chefs, and dedicated staff like you. Features that Spi…"
"6797767776","The Momo Hub","Nepal","South Asia","5","1","5","1","Welcome to The Momo Hub – Your ultimate destination for authentic, freshly made momos and delicious comfort food! Whether you’re craving classic steamed momos, fiery chilli momos, crispy kothey, or rich jhol momos, The Momo Hub brings the original taste straight to your doorstep. Explore our diverse…"
"6747580814","MMI Cheers Club","Nepal","South Asia","6","1","4","1","Your favorite alcoholic drinks in Dubai and the UAE are now just a tap away! Discover the all-new MMI Cheers Club App – the fastest way to shop world-class wines, refreshing craft beers, iconic spirits, and so much more across the region. It’s basically your liquor store in the palm of your hand. Do…"
"6670216494","Mob: Meal Planner and Recipes","Nepal","South Asia","7","0","0","0","Join 4 million+ home cooks who've made weeknight cooking easy. Plan your week, build your shopping list in a tap, and never cook the same thing twice. Apple App of the Day and featured by Apple. Rated 4.5 stars by our community and loved in the press. Mob turns cooking from a daily scramble into the…"
"6741675983","chefX","Nepal","South Asia","8","1","5","1","Welcome to the new field of intelligent kitchens, which will be your perfect cooking companion, integrating all functions in one! Our application aims to enhance your cooking experience, whether you are a kitchen novice or a top chef, chefX can make cooking easier, smarter, and more enjoyable. Main …"
"1535583068","EatClub: Food Delivery App","Nepal","South Asia","9","57","4.5614","57","Order on EatClub. FLAT 30% OFF Everytime. NO T&C. Get Free EATCLUB trial membership @ ₹0. Explore a variety of cuisines - from Pizzas with 2X toppings to Desi Meals, Matka Biryani, Protein Bowls, Sub-Style Sandwiches, Rolls, Pasta, Ice Creams, Thin Crust Pizzas, Rice Bowls, Ghee Khichdi - we’ve got …"
"6808696125","Cookbook - Food & Friends","Nepal","South Asia","10","0","0","0","Cookbook brings recipes, cooking inspiration, and people who love food together in one place. Discover dishes from around the world, search by ingredients you already have, and save recipes to your personal Cookbook. Follow creators, share your own recipes, and exchange ideas through comments, priva…"
"6752922875","Tabelog: Food planner in Japan","Nepal","South Asia","11","0","0","0","Find, review, and book a table at Japan’s best local restaurants, before you go or while you travel. Tabelog is Japan’s leading restaurant search, food review, and table reservation app, trusted by locals and travelers alike. With over 800,000 restaurants nationwide and more than 82 million authenti…"
"1610910233","Foodi - Food Delivery","Nepal","South Asia","12","9","2.11111","9","Foodi: Food & Grocery Delivery in Bangladesh Looking for fast food delivery, fresh groceries, or daily lifestyle essentials online? Foodi is Bangladesh’s ultimate quick-commerce app bringing your favorite restaurant meals, groceries from Mart, and everyday needs from Shop - directly to your doorstep…"
"421369701","foodora: Food & Groceries","Nepal","South Asia","13","0","0","0","We know where you can find the flavours that fit you. If there's one thing we know it’s food delivery. It’s our mission to bring tasty food from your favourite local restaurant right to your door so you can eat good food everyday. We'll go the extra mile to make your order the greatest food experien…"
"1593779280","ReciMe: Recipes & Meal Planner","Nepal","South Asia","14","9","4.77778","9","The number 1 recipe organizer. ReciMe saves all your favorite recipes in one place, including Instagram, Facebook, TikTok, YouTube and Pinterest. Create grocery lists and meal plans. Calculate calories for every recipe. However you cook, ReciMe helps you do it, better. FEATURES - Save Recipes from I…"
"6741995783","Clove: Import & Share Recipes","Nepal","South Asia","15","2","5","2","Clove is designed to simplify everyday home cooking. Discover inspiring creator recipes, save recipes from anywhere, plan your weekly cook, simplify groceries and become a more confident cook. Features Get inspired - Curated collections of hundreds of vetted creator recipes, perfect for everyday coo…"
"1528305717","KFC Kuwait - Order food Online","Nepal","South Asia","16","10","4.5","10","The all new KFC Kuwait App is the fastest way to order your favorite KFC chicken online. Ordering food within a few clicks has never been so easy. Pick up the food or get it delivered at your doorstep, have food the way you like. At KFC, we believe in real cooks, freshly-prepared good food and unrel…"
"989276051","instashop: Groceries & more","Nepal","South Asia","17","10","4.7","10","Hey there! We’re instashop, your go-to app for all things shopping, delivered fast and easy. Curious how we make life simpler for you? With instashop, you can shop from your favourite local supermarkets, pharmacies, restaurants, bakeries, butcheries, pet shops, and more, all in one place! No more st…"
"486811622","Cocktail Flow - Drink Recipes","Nepal","South Asia","18","46","4.54348","46","Cocktail Flow features beautifully presented cocktail recipes with step by step guides and is packed with features you’ll love whether you’re a novice bartender or a professional mixologist. YOUR BAR, YOUR CABINET Mark the cocktail ingredients you have at home in the cabinet page and see what drinks…"
"6469569928","High Protein Diet Recipes","Nepal","South Asia","19","0","0","0","Unlock the potential of protein-rich mornings with the 'High Protein Recipes' app, your ultimate breakfast companion for delicious, easy, and quick cooking. Whether you're on the keto path, embracing the carnivore lifestyle, or inspired by popular approaches from Ferriss and Rogan, our app supports …"
"6479545461","Seeya","Nepal","South Asia","20","4","4","4","Seeya - A tantalizing journey around the globe Embark on a tantalizing journey around the globe with Seeya, the ultimate app for food enthusiasts and culinary adventurers. Whether you’re a curious gourmand or simply someone who loves good food, Seeya is designed to inspire your culinary creativity a…"
"6744690984","African + Eastern UAE","Nepal","South Asia","21","0","0","0","The UAE’s Most-Trusted Drinks App! Order Alcohol Online to Get 2-Hour Express Liquor Delivery in Dubai, Abu Dhabi & Ras Al Khaimah! Residents & Tourists welcome. 21+ only Thirsty? This is the ONLY App you’ll need! Shop Online Now with African+Eastern for Great Deals on an Exciting Selection of 2500+…"
"1458086649","Kopi Kenangan Indonesia","Indonesia","Southeast Asia","1","37677","4.90469","37677","Great Coffee. No Queue. Just Try. Kopi Kenangan App helps you to save time in getting that high quality coffee everyday. With some additional time (and coffee), you can finish your tasks earlier, have more family time, learn new skills on the internet, or work on a new project. Use Kopi Kenangan App…"
"1581963198","Astro - Groceries in Minutes","Indonesia","Southeast Asia","2","77061","4.90313","77061","It's been 5 years of ASTRO being your go-to for #15MenitSampai shopping Forgot to buy eggs when you're about to cook? Ran out of ice cream mid sweet-tooth craving? Need it now but too lazy to go out? Relax, ASTRO's ready to deliver your needs #15MenitSampai. Why ASTRO? • Fast and plus free delivery!…"
"758103884","foodpanda: Food & Groceries","Indonesia","Southeast Asia","3","10279","4.81127","10279","Discover the local choice for meals, groceries, and food delivery with foodpanda! Life can get overwhelming, but we’re here to help! Whether you need daily meals, groceries, or shopping essentials, foodpanda has got you covered with convenient food delivery. Order Your Favourite Food with Just 3 Sim…"
"1459867843","Yummy App - Resep Masakan","Indonesia","Southeast Asia","4","1184","4.48226","1184","Yummy App by IDN: Inspirasi Masak Mudah & Anti Gagal! Yummy App adalah platform resep masak lengkap dan praktis untuk hidangan Indonesia harian, mulai dari makanan, camilan, hingga minuman semua hanya dengan beberapa langkah, dipandu langsung oleh chef ahli! Gak perlu bingung lagi mau masak apa hari…"
"1623760961","MAKO Cake and Bakery","Indonesia","Southeast Asia","5","39","2.46153","39","MAKO Cake & Bakery adalah toko roti dan kue yang terinspirasi dari Jepang. Produk yang kami memiliki rasa yang berkualitas. Menggunakan bahan-bahan alami premium dengan resep tradisional dan kontrol kualitas yang ketat, produk kami bergizi sehat dan memiliki kualitas yang konsisten."
"585332633","Cookpad: Recipe Book & Meals","Indonesia","Southeast Asia","6","31684","4.90118","31684","Not sure what to cook tonight? Cookpad recommends: search by ingredient or by meal across thousands of authentic recipes from a global community of home cooks — all verified by the people who have actually cooked them. WHAT SHALL I COOK TONIGHT? Tell us what's in the fridge and we'll tell you what t…"
"6752922875","Tabelog: Food planner in Japan","Indonesia","Southeast Asia","7","42","4.83333","42","Find, review, and book a table at Japan’s best local restaurants, before you go or while you travel. Tabelog is Japan’s leading restaurant search, food review, and table reservation app, trusted by locals and travelers alike. With over 800,000 restaurants nationwide and more than 82 million authenti…"
"6479545461","Seeya","Indonesia","Southeast Asia","8","247","4.59919","247","Seeya - A tantalizing journey around the globe Embark on a tantalizing journey around the globe with Seeya, the ultimate app for food enthusiasts and culinary adventurers. Whether you’re a curious gourmand or simply someone who loves good food, Seeya is designed to inspire your culinary creativity a…"
"6756592070","KitchenCost - Recipe Costing","Indonesia","Southeast Asia","9","35","4.74286","35","No spreadsheets. See your margins at a glance. Still calculating food cost in a spreadsheet every night? Ever set a price by gut feeling, only to find no profit left at the end of the month? I built KitchenCost after watching my wife spend 30 minutes costing every new menu at her cafe. Now it's your…"
"6460132987","Goo Food","Indonesia","Southeast Asia","10","2","4.5","2","Introducing Goo Food - Your Exquisite Moroccan Homemade Food Delivery Companion! Enjoy the delicious tastes of Moroccan home-cooked meals, crafted with love and care. Goo Food is your gateway to a world where culinary excellence meets the convenience of food delivery. Savor the genuine taste of home…"
"1658746573","Popeyes Indonesia","Indonesia","Southeast Asia","11","12","4.08333","12","Popeyes, Indonesia: Bringing the Flavor Right to Your Fingertips! Welcome to the official Popeyes app, now available in Indonesia! Discover the taste of authentic Louisiana-style chicken right at your fingertips. Our app gives you an unparalleled dining experience, whether you’re at home, at work, o…"
"426415753","Domino's Pizza Delivery UK&ROI","Indonesia","Southeast Asia","12","8","5","8","When you want pizza, you really want pizza. Luckily, our app is the quickest and easiest way to order one with a whole host of exclusive features. Want to know more? Course you do… ORDER PIZZA Scroll through our easy-order menu and treat yourself to an all-time classic or discover something new! You…"
"758103884","foodpanda: Food & Groceries","Philippines","Southeast Asia","1","852721","4.75023","852721","Discover the local choice for meals, groceries, and food delivery with foodpanda! Life can get overwhelming, but we’re here to help! Whether you need daily meals, groceries, or shopping essentials, foodpanda has got you covered with convenient food delivery. Order Your Favourite Food with Just 3 Sim…"
"1500269190","KFC Philippines","Philippines","Southeast Asia","2","9049","4.51829","9049","Welcome to KFC Philippines Mobile App! KFC Philippines Mobile App is a fast and easy way to order your finger lickin’ good food! Enjoy a bucket of our delicious Original Recipe chicken or complete your lunch with our Fully Loaded Boxes with just a few simple steps. Download and sign up a be able to:…"
"6752922875","Tabelog: Food planner in Japan","Philippines","Southeast Asia","3","88","4.92045","88","Find, review, and book a table at Japan’s best local restaurants, before you go or while you travel. Tabelog is Japan’s leading restaurant search, food review, and table reservation app, trusted by locals and travelers alike. With over 800,000 restaurants nationwide and more than 82 million authenti…"
"6483928693","Jollibee Qatar","Philippines","Southeast Asia","4","1127","4.78172","1127","We've been serving our delicious Chickenjoy, Jolly Spaghetti, and Yumburgers all over the world since 1978. There are no secret recipes here - just good old-fashioned family ones. Intrigued? Great! Come experience our famous hospitality as well as the juiciest, tastiest, and crispiest fried chicken …"
"1661126614","eatagaylo - order food & more","Philippines","Southeast Asia","5","16","4.75","16","No time to cook? eatagaylo mo na! Discover mouth-watering foods from our partner restaurants in Cantilan, Carrascal, Madrid, Carmen and Lanuza! We can help you have your cravings delivered right at your doorstep - hassle-free! » Lots of Choices We partnered with all your favorite local restaurants a…"
"1512409175","Domino's Pizza Philippines","Philippines","Southeast Asia","6","745","4.22013","745","Conveniently order your Domino's favorites with your device in just a few taps. Choose your favorite pizza and pair it with our delicious sides and desserts. Experience the Domino's Pizza Tracker where you can see the progress of your order from the moment you enter it, when it has been put into the…"
"6739286231","Osta: Save & Share Recipes","Philippines","Southeast Asia","7","303","4.76567","303","With Osta, you can save & import recipes from Instagram, websites, and TikTok. Organize and cook your favorite recipes in your own personalized recipe box. All your recipes in one place. • Import recipes instantly from Instagram, TikTok, or a website. • Cook using a simple recipe display with no clu…"
"6714449541","Honeydew: Recipe & Cookbook AI","Philippines","Southeast Asia","8","368","4.77174","368","TRANSFORM YOUR COOKING & MEAL PLANNING WITH HONEYDEW The smartest AI-powered recipe, grocery list and meal planning app. Instantly import any recipe with one tap from social media, YouTube cooking videos, Instagram and Facebook Reels, screenshots, notes and websites. Turn food trends into your next …"
"1593779280","ReciMe: Recipes & Meal Planner","Philippines","Southeast Asia","9","392","4.82653","392","The number 1 recipe organizer. ReciMe saves all your favorite recipes in one place, including Instagram, Facebook, TikTok, YouTube and Pinterest. Create grocery lists and meal plans. Calculate calories for every recipe. However you cook, ReciMe helps you do it, better. FEATURES - Save Recipes from I…"
"1555897547","CakeCost","Philippines","Southeast Asia","10","6","4.83333","6","Are you struggling to figure out what to charge for your cakes and baking services? - CakeCost is designed for bakers and cake decorators, and makes recipe pricing easy. Are you unsure if you are charging enough for your baking? - CakeCost removes uncertainty by calculating prices including ingredie…"
"6757826897","ShareMyPlate","Philippines","Southeast Asia","11","0","0","0","ShareMyPlate - The smartest way to track what you eat! Just snap a photo of your food and let ShareMyPlate do the work. ShareMyPlate instantly analyzes your meals, restaurant menus, estimates calories, and gives you detailed nutrition insights and suggests menu items based on your goals - no manual …"
"989276051","instashop: Groceries & more","Philippines","Southeast Asia","12","474","4.73207","474","Hey there! We’re instashop, your go-to app for all things shopping, delivered fast and easy. Curious how we make life simpler for you? With instashop, you can shop from your favourite local supermarkets, pharmacies, restaurants, bakeries, butcheries, pet shops, and more, all in one place! No more st…"
"6767801514","Mynu","Philippines","Southeast Asia","13","3","4.66667","3","Mynu turns the meals you cook and eat into a personal recipes organizer. Save dishes with photos, organize them into a gallery, plan upcoming meals, and remember what you’ve eaten over time. Whether you cook for yourself, your partner, or your family, Mynu makes it easier to remember favorite meals …"
"6670216494","Mob: Meal Planner and Recipes","Philippines","Southeast Asia","14","4","4","4","Join 4 million+ home cooks who've made weeknight cooking easy. Plan your week, build your shopping list in a tap, and never cook the same thing twice. Apple App of the Day and featured by Apple. Rated 4.5 stars by our community and loved in the press. Mob turns cooking from a daily scramble into the…"
"6777471316","mise - meal planner","Philippines","Southeast Asia","15","2","3","2","mise – meal planner Take the stress out of deciding what to eat. mise helps you generate personalised meal plans in seconds based on your dietary preferences, calorie goals, favourite UK supermarkets, budget, and the ingredients you already have at home. Whether you're meal prepping for the week, tr…"
"421369701","foodora: Food & Groceries","Philippines","Southeast Asia","16","44","4.52273","44","We know where you can find the flavours that fit you. If there's one thing we know it’s food delivery. It’s our mission to bring tasty food from your favourite local restaurant right to your door so you can eat good food everyday. We'll go the extra mile to make your order the greatest food experien…"
"6753203573","Aladdin Rewards","Vietnam","Southeast Asia","1","25","4.4","25","Ứng dụng dành cho khách hàng thân thiết của hệ thống nhà hàng Aladdin Aladdin Reward – Ứng dụng giúp bạn tận hưởng trải nghiệm ẩm thực trọn vẹn hơn tại các thương hiệu nhà hàng nổi tiếng của Aladdin: Bò Tơ Quán Mộc, Long Wang, Tian Long, An Vũ, Hải Sư và nhiều thương hiệu khác. - Tích điểm – Đổi quà…"
"6756810807","Ship Hỏa Tốc: Đặt Đồ Ăn, Xe Ôm","Vietnam","Southeast Asia","2","20","1.4","20","SHIP HỎA TỐC – Ứng dụng giao hàng và mua sắm hộ nhanh chóng, đáng tin cậy SHIP HỎA TỐC là nền tảng giao hàng đa dịch vụ, giúp bạn giải quyết mọi nhu cầu hằng ngày chỉ trong vài thao tác. Từ đặt đồ ăn, mua sắm hộ đến di chuyển bằng xe ôm công nghệ, SHIP HỎA TỐC mang đến trải nghiệm tiện lợi, nhanh ch…"
"1596855523","RYO - Giao đồ ăn & Đặt xe","Vietnam","Southeast Asia","3","223","2.93722","223","RYO là một sàn giao dịch thương mại điện tử cung cấp và vận hành các dịch vụ như : Giao nhận hàng hóa, giao đồ ăn từ các nhà hàng, đặt xe. Hệ thống cho phép khách hàng tương tác trực tiếp với các nhà cung cấp dịch vụ và mọi thương thức thanh toán thông qua các hệ thống tích hợp với ví điện tử, ngân …"
"758103884","foodpanda: Food & Groceries","Vietnam","Southeast Asia","4","13418","4.76219","13418","Discover the local choice for meals, groceries, and food delivery with foodpanda! Life can get overwhelming, but we’re here to help! Whether you need daily meals, groceries, or shopping essentials, foodpanda has got you covered with convenient food delivery. Order Your Favourite Food with Just 3 Sim…"
"6809824769","Rocoto Mercado","Vietnam","Southeast Asia","5","0","0","0","Rocoto Mercado is a practical management companion designed for small food businesses, market stalls, and Rocoto-focused kitchens that want to keep daily operations organized in one place. Manage market sessions, production batches, pantry inventory, menu items, and financial records through a struc…"
"6758184657","BOK - Giao Đồ Ăn","Vietnam","Southeast Asia","6","256","4.48438","256","BOK là ứng dụng giao đồ ăn giúp bạn đặt món nhanh chóng, tiện lợi và thưởng thức hàng ngàn món ngon mỗi ngày chỉ với vài thao tác trên điện thoại. Đến với BOK – ăn ngon mỗi ngày, giao nhanh tức thì! - Đặt món dễ dàng, đa dạng lựa chọn: khám phá hàng ngàn nhà hàng, quán ăn với thực đơn phong phú từ m…"
"585332633","Cookpad: Recipe Book & Meals","Vietnam","Southeast Asia","7","3887","4.84666","3887","Not sure what to cook tonight? Cookpad recommends: search by ingredient or by meal across thousands of authentic recipes from a global community of home cooks — all verified by the people who have actually cooked them. WHAT SHALL I COOK TONIGHT? Tell us what's in the fridge and we'll tell you what t…"
"6752922875","Tabelog: Food planner in Japan","Vietnam","Southeast Asia","8","32","4.9375","32","Find, review, and book a table at Japan’s best local restaurants, before you go or while you travel. Tabelog is Japan’s leading restaurant search, food review, and table reservation app, trusted by locals and travelers alike. With over 800,000 restaurants nationwide and more than 82 million authenti…"
"6448139485","Goka App","Vietnam","Southeast Asia","9","109","3.36697","109","GOKA là ứng dụng giao đồ & nền tảng đa dịch vụ, mang đến cho bạn trải nghiệm đặt và giao đồ ăn nhanh chóng, tiện lợi và an toàn. Với GOKA, bạn có thể dễ dàng tìm kiếm và đặt món ăn từ hàng trăm nhà hàng uy tín. GOKA cam kết giao hàng nhanh chóng, đúng giờ và giữ nguyên chất lượng món ăn. Ngoài ra, G…"
"1621456252","Hảo Hảo","Vietnam","Southeast Asia","10","591","1.41455","591","1. Tổng quan mô tả Đã là “team yêu mì” thì nhất định không thể bỏ qua ứng dụng Hảo Hảo - nơi hội ngộ có một-không-hai cho những “fan Hảo Hảo” chính hiệu. Với các tính năng và trò chơi “Hảo Hảo Go” hấp dẫn cho phép bạn VUI NHIỆM VỤ MỚI - TÍCH ĐIỂM NHẬN QUÀ thả ga. Không những thế, ứng dụng Hảo Hảo cò…"
"6479693198","Eatr・AI Healthy Diet Meal Plan","Vietnam","Southeast Asia","11","1811","4.7736","1811","Welcome to Eatr - the ultimate companion for everyone from cooking novices to seasoned chefs! Our app is designed to guide you through a culinary adventure tailored just for you. Whether you're pressed for time or looking to indulge in a leisurely cooking spree, Eatr has you covered. Time Management…"
"6754549384","SushiTaco","Vietnam","Southeast Asia","12","10","2.7","10","SushiTaco là ứng dụng dành cho khách hàng, giúp kết nối và nâng cao trải nghiệm khi đến với SushiTaco, chúng tôi không ngừng đổi mới và hoàn thiện để mang tới trải nghiệm và khuyến mãi tốt nhất cho khách hàng. Tải app SushiTaco ngay để hưởng các ưu đãi và tiện ích: Tích điểm - Ưu đãi thành viên Tích…"
"1273758728","HomeID","Vietnam","Southeast Asia","13","231","4.70995","231","Unlock your home's full potential with HomeID. HomeID, formerly NutriU, is your all-in-one app for meal planning and prep, with a variety of healthy and delicious recipes to explore. It's your companion for delicious Airfryer recipes and meals - from breakfast to dinner, healthy snacks, and delightf…"
"6753157313","Truyền Thuyết Champong 전설의 짬뽕","Vietnam","Southeast Asia","14","2","5","2","Truyền Thuyết Champong – Ứng dụng đặt món mì cay & ẩm thực Hàn Quốc Ứng dụng chính thức của Truyền Thuyết Champong giúp bạn dễ dàng đặt món mì cay trứ danh cùng nhiều món ăn Hàn Quốc hấp dẫn chỉ với vài thao tác trên điện thoại. Với giao diện thân thiện, dễ sử dụng, ứng dụng mang đến trải nghiệm đặt…"
"921864548","Weee! #1 Asian Grocery App","Vietnam","Southeast Asia","15","671","4.90462","671","Welcome to the largest Asian grocery store in North America, where you can explore delicious and hard-to-find items from all over the world. Shop fresh vegetables, fruits, meats, seafood, snacks, spices, beverages and more. Our diverse selection of everyday essentials and unique global foods will sp…"
"6786662247","Nay ăn gì? - Vòng quay món ăn","Vietnam","Southeast Asia","16","10","4.8","10","Hôm nay ăn gì? Câu hỏi khó nhất ngày. Để vòng quay trả lời. Nay ăn gì? là vòng quay chọn món cho người... lười quyết định. Mở app, quay một phát, ra món, khỏi cãi nhau, khỏi suy nghĩ. CÁCH HOẠT ĐỘNG • Vòng quay: app gợi ý món hợp giờ giấc, sáng ra phở, trưa cơm tấm, khuya thì mì gói. • Không ưng? Qu…"
"1119397292","HungryPanda-Food Delivery","Vietnam","Southeast Asia","17","167","4.58683","167","HungryPanda brings low discounts and popular Chinese food to satisfy you. Various kinds of discounts from merchants and HungryPanda are waiting for you! Too busy to cook? Craving for the authentic Asian cuisines? Wanna enjoy tasty food and great service at good price? HungryPanda should be your NO.1…"
"1461650987","Crouton: Recipe Manager","Vietnam","Southeast Asia","18","18","4.55556","18","Crouton is feature packed recipe organizer & meal planner. The best place to store your favorite recipes from where ever you find them, websites, cookbooks or a handwritten note from your Grandma. IMPORT ANYWHERE Crouton supports importing recipes from almost everywhere! Pull recipes automatically o…"
"1597254447","RYO MERCHANT","Vietnam","Southeast Asia","19","23","3.21739","23","RYO MERCHANT là hệ thống ứng dụng cung cấp dịch vụ cho phép nhà hàng bán đồ ăn cho khách hàng thông qua kênh tương tác trên hệ thống Mobile App. Ứng dụng cho phép tạo và thiết lập các món ăn , chạy các trường trình khuyến mãi, quảng cáo… Đến với RYO MERCHANT đơn vô không kịp làm!!!! # Nhà hàng dễ dà…"
"1527956792","Pepperonis Pizza Pasta Ribs","Vietnam","Southeast Asia","20","37","3.89189","37","Hanoi’s favourite pizza place, Pepperonis has been serving up pizza, pasta and other Italian classics to generations of families. With our special recipe and only the best ingredients to make your perfect pizza, Pepperonis brings joy to the whole family. As well as our great pizza and pasta, Peppero…"
"373034841","Yemeksepeti: Food & Grocery","Turkey","Middle East","1","1918736","4.59874","1918736","We're always working hard to optimize our app with the latest technologies and best new features. This version includes a number of UI/UX improvements as well as stability enhancements. Enjoy!"
"1534477610","Tıkla Gelsin® - Yemek Siparişi","Turkey","Middle East","2","119372","4.53927","119372","İyi Ki Sen De Bizdensin! Lezzet Dolu Dünyamıza Hoş Geldin! Tıkla Gelsin® dünyasında her sipariş bir deneyim, her kullanıcı ise ailemizin bir parçası. ""İyi ki sen de bizdensin"" diyoruz çünkü favori lezzetlerine giden yolda seni en iyi biz anlıyoruz. Canın Burger King®’in efsane ateşini mi çekti, yoks…"
"1100698915","Starbucks Türkiye","Turkey","Middle East","3","17274","4.0477","17274","Welcome to the exclusive world of Starbucks® Mobile App! Features: Your first coffee is on Starbucks! Starbucks mobile app not only features delicious coffee and food options, but also offers great deals and promotions. And first-time users get a welcome coffee when they complete their registration!…"
"1557840411","Pluxee Türkiye","Turkey","Middle East","4","27465","4.18172","27465","Türkiye’nin lider kurumsal yan haklar çözümleri sunan Pluxee çalışan dünyasına renk katmak için yenilendi! Pluxee Türkiye mobil uygulaması ile hesabına tanınan bakiyeyi binlerce anlaşmalı restoran, kafe, market ve mağazada rahatlıkla kullanabilirsin. Pluxee Türkiye uygulamasının dijital cüzdan ve on…"
"1364478029","Kahve Dünyası – Çekirdek Kazan","Turkey","Middle East","5","5912","4.38955","5912","KAHVE DÜNYASI ARTIK SANA DAHA YAKIN! Kahve Dünyası uygulamasıyla artık seni daha yakından tanıyor, sana özel kampanyalar hazırlıyoruz. Böylece 190’dan fazla mağazamızda alışveriş yaparken; hediye kahve, ödül puanlar kazanıp mobil uygulamamızla kolayca ve dilediğince harcayabilirsin. Üstelik uygulama…"
"1241687464","MetropolCard Kullanıcı","Turkey","Middle East","6","2015","3.97916","2015","Metropol Mobil Uygulaması ile Metropol kartınıza ait hesapları kullanabileceğiniz yerleri harita üzerinden görüntüleyebilirsiniz, hesaplarınıza ait bakiye ve kart detay işlemleri takip edebilirsiniz. Size en yakın Metropol harcama noktalarını listeleyebilir telefon ile iletişime geçebilir veya harit…"
"1563181003","Espressolab","Turkey","Middle East","7","2710","1.64428","2710","Sana daha iyi bir deneyim sunmak için mobil uygulamamızı yeniledik! Yepyeni arayüzüyle Espressolab mobil uygulaması, nitelikli kahve deneyimini bir üst seviyeye taşıyor! * TL Yükle, LabCoin Kazan Eslab Wallet’a kredi kartı, banka kartı ya da yemek kartlarıyla TL yükleyebilir; her yüklemede LabCoin k…"
"947863045","Nefis Yemek Tarifleri","Turkey","Middle East","8","93340","4.76241","93340","Nefis Yemek Tarifleri'nin RESMİ iOS uygulamasıdır. Tamamı denenmiş 900.000'den fazla yemek tarifi. Binlerce videolu anlatım. Nefis Yemek Tarifleri, Türkiye'nin en çok okunan yemek tarifi sitesi ve en büyük yemek tarifi topluluğudur. İçerisinde, kullanıcılarımızın gönderdiği tamamı denenmiş ve fotoğr…"
"1606824521","Adile Sultan Ev Yemekleri","Turkey","Middle East","9","3508","4.75257","3508","Adile Sultan Ev Yemekleri uygulamamızı kullanarak avantajlı menüler oluşturup, sipariş verebilir ve siparişlerinizden Para Puan kazanabilirsiniz."
"6741755601","KYK Yurt Menü: Yemek Listeleri","Turkey","Middle East","10","189","4.67196","189","Türkiye’deki KYK yurtlarının güncel listesine erişmek artık çok kolay! Bu uygulama, tüm şehirlerde bulunan devlet yurtlarının listesini sunarak öğrenciler ve veliler için hızlı ve güvenilir bir bilgi kaynağı sağlar."
"1423125556","Baydöner Cossla: Yemek Sipariş","Turkey","Middle East","11","9119","4.53767","9119","Bi Baydöner Cossla, Kazanmaya Başla! Baydöner Artık Döner, İskender ve Daha Birçok Lezzeti Online Yemek Sipariş Uygulamasında Sunuyor Baydöner Cossla mobil uygulaması; • Enfes İskender ve döner çeşitleri • Nefis çorba • Taze salata • Leziz patates kızartması • Tatlılar ve sürekli yenilenen COSS fırs…"
"448764028","SushiCo","Turkey","Middle East","12","403","3.83127","403","Dünya mutfaklarının en lezzetli ve sağlıklı olanlarından biri şüphesiz Uzak Doğu mutfağıdır. 1997’den beri birbirinden lezzetli ve farklı Uzak Doğu yemeklerinin en gözde adresi ise şüphesiz SushiCo. Sürekli farklı lezzetlerin ve yeniliklerin peşinden koşanlara Uzak Doğu mutfağını sunan SushiCo, açıl…"
"894649641","Dodo Pizza Delivery","Turkey","Middle East","13","11993","4.9051","11993","Dodo Pizza is perfect for a quick bite, a cozy family dinner, or a fun get-together with friends. It’s more than just fast food — we create our own recipes, work with trusted suppliers, and maintain quality at every step. So your food is always delicious, and delivery — fast. CHOOSE AND ENJOY – Hot …"
"6760462265","Tasto Recipe Manager","Turkey","Middle East","14","627","4.63795","627","Your new favorite way to save recipes from Instagram, TikTok, Web and more. Tasto is the smart recipe app that saves, organizes, and transforms the way you cook. Save any recipe from anywhere, tailor it to your lifestyle, and get a seamless experience from grocery list to the dinner table. FEATURES …"
"6796505880","Yemekhanem: Yurt Menüleri","Turkey","Middle East","15","4","4","4","Yemekhanem, KYK yurtlarında kalan öğrencilerin günlük kahvaltı ve akşam yemeği menülerine hızlıca ulaşmasını sağlayan modern bir menü ve topluluk uygulamasıdır. Günün menüsünü tek bakışta gör, kalori bilgilerini incele ve yemek planını kolayca yap. Ana ekran widget’ları ve kişiselleştirilebilir bild…"
"1273758728","HomeID","Turkey","Middle East","16","17212","4.83634","17212","Unlock your home's full potential with HomeID. HomeID, formerly NutriU, is your all-in-one app for meal planning and prep, with a variety of healthy and delicious recipes to explore. It's your companion for delicious Airfryer recipes and meals - from breakfast to dinner, healthy snacks, and delightf…"
"6747575993","Odi - Bi'Yemek Odi'le","Turkey","Middle East","17","206","4.80097","206","Odi, toplum desteğiyle üniversite öğrencilerine ücretsiz ve indirimli yemek, kahve ve kültür-sanat deneyimleri sunan öğrenci yaşam uygulamasıdır. Öğrenciler uygulama üzerinden kendilerine en yakın restoran, kafe ve anlaşmalı noktalardaki askıda yemek ve kahveleri görüntüleyebilir; ücretsiz yemek, ka…"
"6762939326","Öğrenci Nerede Yer?","Turkey","Middle East","18","15","5","15","Öğrenci Nerede Yer?, İstanbul'da öğrenci bütçesine uygun mekanları bulmanın en kısa yolu. Burs yattığında da, ayın sonu geldiğinde de nerede yiyeceğini bilirsin. HARİTADA KEŞFET Şehrin öğrenci dostu mekanları tek haritada. Bütçene, damak tadına ve semtine göre filtrele. Kebap, tost, pide, kafe: ne a…"
"714004506","Official Cookidoo App","Turkey","Middle East","19","9177","4.7923","9177","The Official Thermomix® Cookidoo® App gives you access to the growing universe of mouth-watering Thermomix® Guided Cooking recipes. You pick and choose which recipes go with you wherever you are. Create an account and get cooking! SMART @ HEART Connect to Cookidoo® and access over 100,000 worldwide …"
"6780408224","Tomati: Recipe Saver & Keeper","Turkey","Middle East","20","746","4.75603","746","Save recipes from Instagram, TikTok, YouTube and more in seconds. Tomati turns every recipe you find on social media into a tidy recipe book, plans your weekly menu and builds your grocery list automatically. And when you're wondering ""What should I cook?"", it creates a recipe just for you. Never lo…"
"6745555173","Time Food Club","Turkey","Middle East","21","23","3.69565","23","Time Food Group Mobil Uygulaması ile Lezzetlerin Tadını İndirimli Çıkar ! Time Food Group App, müşterilerine özel ayrıcalıklar sunan yenilikçi bir mobil uygulamadır. QR kodla kupon kullanımı, kampanyalar ve en yakın şube bilgileri ve daha fazlasıyla tüm ihtiyaçlarınız cebinizde! QR Kod ile Kupon Kul…"
"1667283557","Yemeksepeti Express Kurye","Turkey","Middle East","22","6853","4.45498","6853","As a Yemeksepeti partner you earn money by delivering orders to local customers! You choose your own schedule and earn per journey, whenever and wherever it suits you. Sound good?! All you need to do is sign up via the app and follow the simple steps to register. No previous experience is needed. Wh…"
"6798419343","CookRight: AI Sous Chef","Turkey","Middle East","23","0","0","0","Cooking for a table where one person has a peanut allergy, one’s keto, and one hates mushrooms? CookRight turns “who’s eating + what do you fancy” into one recipe everyone at your table can actually eat. Set your table once. Up to 8 eater profiles — allergies, diets (halal, kosher, vegan, keto, low-…"
"1351326948","Yemek.com: Yemek Tarifleri","Turkey","Middle East","24","32992","4.78252","32992","Türkiye’nin en sevilen yemek uygulaması Yemek.com, mutfağa her adım attığınızda yanınızda. “Bugün ne pişirsem?” diye düşündüğünüz anlarda, 20.000’den fazla denenmiş tarif, kullanıcı dostu arayüz ve tarif bulma kolaylığı sayesinde mutfakta işinizi kolaylaştırıyor. Öne Çıkan Özellikler • 20.000+ Yemek…"
"6471075840","Boldy","Turkey","Middle East","25","6","4.33333","6","Boldy uygulaması, sana Boldy dünyasının ayrıcalıklarını sunar. Boldy uygulaması ile alışveriş yaparken puan kazanırsın, puanlarınla yine alışveriş yaparsın. Sadece uygulamaya özel indirimleri keşfedebilir, sana özel kampanyalarla alışverişin keyfini çıkarabilirsin. Kahve içtikçe yıldız kazanır ve he…"
"6784281788","Gurgura","Turkey","Middle East","26","15","4.73332","15","Gurgura, Kuzey Kıbrıs'ın günlük ihtiyaçlarını tek uygulamada topluyor. Yüzlerce restorandan sipariş ver, siparişini canlı takip et, kapıda nakit veya kartla öde. Sakin saatlerde otomatik indirimlerden yararlan, karar veremediğinde yapay zekâ yemek danışmanına sor. Gurgura Life ile yemek dışında da y…"
"6817127570","Yemekbak:Acıktıysan Yemekbak","Turkey","Middle East","27","0","0","0","Yemekbak ile hizmet verdiğimiz bölgelerdeki restoranlardan kolayca yemek siparişi verin. • Restoranları, menüleri ve fiyatları inceleyin; ürünleri ekstralarıyla birlikte sepete ekleyin. • Kapıda ödeme veya online ödeme seçenekleriyle sipariş verin. • Siparişinizin durumunu ve kuryenizi harita üzerin…"
"6785891400","Yedoygo","Turkey","Middle East","28","3","1","3","Yedoygo, yemek siparişini hızlı ve kolay hale getiren çok restoranlı bir sipariş uygulamasıdır. Bulunduğun konuma uygun restoranları keşfedebilir, menüleri inceleyebilir, ürünleri karşılaştırabilir ve birkaç adımda siparişini oluşturabilirsin. Yedoygo ile: Yakınındaki restoranları ve popüler lezzetl…"
"6480109616","Nespresso Smart","Turkey","Middle East","29","5","3.6","5","Unbox the expert features of your Nespresso connected machine* with Nespresso Smart: • Pair and Brew. Pair your device and unlock the exclusive features of your connected coffee machine. • Best coffee quality cup after cup. Enhanced maintenance content to savour quality coffee cup after cup. • Custo…"
"6761023699","Recettes pour Bébé","Turkey","Middle East","30","43","4.88372","43","Everything you need for your baby's nutrition and development — in one place. ""Baby: Starting Solids"" helps you with meal ideas, vaccination tracking, growth charts, developmental milestones, and more. Less searching, more time with your baby. WHAT'S FOR DINNER TODAY? Select the ingredients you have…"
"6760546855","Yemek Market: Food & Grocery","Turkey","Middle East","31","51","4.11765","51","Yemek Market: Food & Grocery is a 100% locally-owned app, built in North Cyprus, for North Cyprus. We bring food delivery and grocery shopping together in one app. Whatever you're craving order from your favorite restaurant, or get your groceries delivered to your door in minutes. All in your pocket…"
"6789876076","TıkGeldi - Yemek & Market","Turkey","Middle East","32","10","5","10","TıkGeldi ile favori restoranlarından yemek siparişi vermek çok kolay. Menüye göz at, sepetini doldur, adresini seç — gerisini biz hallederiz. NEDEN TIKGELDİ? • Kolay sipariş: Birkaç dokunuşla siparişini tamamla. • Kapıda ödeme: Nakit ya da kredi kartıyla kapıda öde. Uygulamada kart bilgisi istemiyor…"
"1491761668","KFC Saudi Arabia","Saudi Arabia","Middle East","1","27591","4.24436","27591","The all new KFC Saudi Arabia App is the fastest way to order your favorite KFC fried chicken online. Ordering food online within a few clicks has never been so easy. Pick up the food or get it delivered at your doorstep, in just a few taps from the latest KFC online food ordering app! At KFC, we bel…"
"1059989053","Panda بنده","Saudi Arabia","Middle East","2","28813","4.46344","28813","تسوق بضغطة زر، من السوبرماركت لبابك ‏‎شراء المقاضي لم يكن يوماً بهذه السهولة. سهولة استخدام تطبيقنا تمكنكم من شراء المقاضي بضغطة زر. وفروا أوقاتكم من خلال طلب المواد الغذائية والمنزلية أون لاين من بنده و هايبر بنده وفي أي وقت وسيقوم متسوقكم الخاص بجمعها لكم وتوصيلها من السوبرماركت لبابك. ‏Now shop w…"
"6503878838","Ghithaa | غذاء","Saudi Arabia","Middle East","3","2141","4.61513","2141","Ghithaa offers nutritious meals through flexible subscription plans, delivered directly to your doorstep. Our meal plans are tailored to your fitness goals, whether your objective is to lose weight, gain muscle, or maintain a healthy lifestyle. Key Features: • Customized Meal Plans: Choose from a va…"
"1497894777","Calo - كالو","Saudi Arabia","Middle East","4","6908","4.63274","6908","Calo analyzes your nutritional needs through our nutritionist-approved algorithm, then matches you with chef-cooked meals portioned to suit your body, fitness goals and taste buds! Each meal is ready in 2 minutes and delivered to you everyday. Achieve your fitness goals whether you'd like to lose we…"
"6502828006","Kyan","Saudi Arabia","Middle East","5","2891","4.56451","2891","Experience Tradition with Modern Convenience Discover the timeless allure of Arabian coffee while enjoying the convenience of modern services. With Kyan, savor the rich flavors and aromas of authentic Arabian coffee, all with seamless pickup, curbside, and delivery experiences. Elevate your experien…"
"6503043068","Diet World | دايت ورلد","Saudi Arabia","Middle East","6","683","4.49048","683","Diet World – Eat Smart. Live Better. Welcome to Diet World, the ultimate diet and meal planning app designed to fit your lifestyle, support your goals, and help you build long-lasting healthy habits. Whether you're trying to lose weight, boost performance, manage diabetes, or just eat better, Diet W…"
"6560117545","V-SHAPE - في شيب","Saudi Arabia","Middle East","7","2223","4.57444","2223","Discover the ultimate solution to your healthy eating goals with V-SHAPE! Our app offers a variety of monthly subscription plans for daily meals that are not only delicious but also crafted with the highest quality ingredients. Designed to support your wellness journey, V-SHAPE ensures that every me…"
"1575148917","Papa Johns KSA","Saudi Arabia","Middle East","8","2033","4.51844","2033","We’ve made ordering even easier! Download the new official Papa Johns pizza app and order your favorite pizza, sides, and drinks for delivery or takeaway. Want to dine in? No problem! Order online and eat at one of our pizza restaurants in the KSA. ABOUT PAPA JOHNS Driven to be the best. Better Ingr…"
"6443809733","Freshhouse: Healthy Meal Plan","Saudi Arabia","Middle East","9","430","3.96047","430","FreshHouse takes the guesswork out of healthy eating. Tell us your goals, weight loss, muscle gain, or simply eating better, and we build a meal plan around your body, your taste, and your schedule. Fresh, Not Frozen Every meal is prepared fresh and delivered daily, never frozen or pre-packaged for …"
"1498929827","KFC UAE - Order Food Online","United Arab Emirates","Middle East","1","17633","4.37889","17633","The all new KFC UAE App is the fastest way to order your favorite KFC fried chicken online. Ordering food online within a few clicks has never been so easy. Pick up the food or get it delivered at your doorstep, in just a few taps from the latest KFC online food ordering app! At KFC, we believe in r…"
"1147168061","Pizza Hut UAE- Order Food Now","United Arab Emirates","Middle East","2","12944","4.73061","12944","Pizza Hut is one of the best fast-food restaurants in the UAE. Find amazing deals & offers on our app and get them delivered to your doorstep. Indulge yourself with veg and non-veg array of pizzas, pastas, drinks, desserts & more all from the comfort of your home! Order pizza online from our improve…"
"989276051","instashop: Groceries & more","United Arab Emirates","Middle East","3","61278","4.68122","61278","Hey there! We’re instashop, your go-to app for all things shopping, delivered fast and easy. Curious how we make life simpler for you? With instashop, you can shop from your favourite local supermarkets, pharmacies, restaurants, bakeries, butcheries, pet shops, and more, all in one place! No more st…"
"1497894777","Calo - كالو","United Arab Emirates","Middle East","4","1182","4.6066","1182","Calo analyzes your nutritional needs through our nutritionist-approved algorithm, then matches you with chef-cooked meals portioned to suit your body, fitness goals and taste buds! Each meal is ready in 2 minutes and delivered to you everyday. Achieve your fitness goals whether you'd like to lose we…"
"1534020722","Grandiose : Grocery & More","United Arab Emirates","Middle East","5","6477","4.73088","6477","Grandiose brings your neighborhood supermarket and more, directly to your fingertips. Access groceries, fresh produce, pantry essentials, ready-to-eat meals, and flowers, all in one seamless app. Wide selection: From fresh fruits and vegetables, meats, seafood, pantry essentials, beverages, snacks, …"
"6747580814","MMI Cheers Club","United Arab Emirates","Middle East","6","50","4.09999","50","Your favorite alcoholic drinks in Dubai and the UAE are now just a tap away! Discover the all-new MMI Cheers Club App – the fastest way to shop world-class wines, refreshing craft beers, iconic spirits, and so much more across the region. It’s basically your liquor store in the palm of your hand. Do…"
"758103884","foodpanda: Food & Groceries","United Arab Emirates","Middle East","7","22867","4.59969","22867","Discover the local choice for meals, groceries, and food delivery with foodpanda! Life can get overwhelming, but we’re here to help! Whether you need daily meals, groceries, or shopping essentials, foodpanda has got you covered with convenient food delivery. Order Your Favourite Food with Just 3 Sim…"
"6744690984","African + Eastern UAE","United Arab Emirates","Middle East","8","53","2.18868","53","The UAE’s Most-Trusted Drinks App! Order Alcohol Online to Get 2-Hour Express Liquor Delivery in Dubai, Abu Dhabi & Ras Al Khaimah! Residents & Tourists welcome. 21+ only Thirsty? This is the ONLY App you’ll need! Shop Online Now with African+Eastern for Great Deals on an Exciting Selection of 2500+…"
"1473648026","Papa Johns Pizza UAE","United Arab Emirates","Middle East","9","4980","4.68695","4980","We’ve made ordering even easier! Download the new official Papa Johns pizza app and order your favorite pizza, sides, and drinks for delivery or takeaway. Want to dine in? No problem! Order online and eat at one of our pizza restaurants in the UAE. Enjoy exclusive in-app deals, earn Papa Points when…"
"6743115316","Delicut - Meal Plans in UAE","United Arab Emirates","Middle East","10","13","3.23077","13","Delicut is a healthy meal delivery app in Dubal, UAE, offering chef-prepared, calorie-tracked meals, delivered fresh to your door. Choose from meal plans built for weight management, fitness, PMOS (previously known as PCOS) and diabetes. Every meal is freshly cooked, portion-controlled and customiza…"
"1593779280","ReciMe: Recipes & Meal Planner","United Arab Emirates","Middle East","11","305","4.81639","305","The number 1 recipe organizer. ReciMe saves all your favorite recipes in one place, including Instagram, Facebook, TikTok, YouTube and Pinterest. Create grocery lists and meal plans. Calculate calories for every recipe. However you cook, ReciMe helps you do it, better. FEATURES - Save Recipes from I…"
"1643094159","Right Bite","United Arab Emirates","Middle East","12","1391","4.5931","1391","Eating healthy should feel enjoyable, not restrictive. With Right Bite, you can enjoy healthy meal plans that taste great, designed by chefs and dietitians to support your goals. Right Bite makes healthy eating simple with 700+ chef-crafted meals, built around premium ingredients, balanced nutrition…"
"1613694087","Maestro Pizza UAE","United Arab Emirates","Middle East","13","59","2.50847","59","Hungry? We’ve got something cooking. Your favorites, made better, rewarded, and delivered. Whether it’s pizza, appetizers, or a sweet treat, Maestro Pizza UAE app has got you covered. Order in a few taps and enjoy your favorites delivered right to your door—or pick them up in-store. Here’s the secre…"
"1615520184","The Glow Paradise","United Arab Emirates","Middle East","14","7","5","7","Your destination to a healthful lifestyle. Order pickup or delivery. Learn more about our meal plans. Shop wellness. Read Glow Mag. Earn rewards & more"
"426415753","Domino's Pizza Delivery UK&ROI","United Arab Emirates","Middle East","15","69","4.71014","69","When you want pizza, you really want pizza. Luckily, our app is the quickest and easiest way to order one with a whole host of exclusive features. Want to know more? Course you do… ORDER PIZZA Scroll through our easy-order menu and treat yourself to an all-time classic or discover something new! You…"
"894649641","Dodo Pizza Delivery","United Arab Emirates","Middle East","16","2777","4.90385","2777","Dodo Pizza is perfect for a quick bite, a cozy family dinner, or a fun get-together with friends. It’s more than just fast food — we create our own recipes, work with trusted suppliers, and maintain quality at every step. So your food is always delicious, and delivery — fast. CHOOSE AND ENJOY – Hot …"
"1480491422","KFC Pakistan","United Arab Emirates","Middle East","17","263","4.39544","263","Customise your meals, order on the go and get the delicious Kentucky Fried Chicken delivered at your doorstep anywhere in Pakistan. The entire KFC menu is fully customisable including items such as our original recipe, crispy chicken, twisters and burgers, all freshly prepared for you. Features • Or…"
"6767096090","زادي - Zadi","United Arab Emirates","Middle East","18","3","5","3","Zadi helps you discover healthy, delicious, and easy-to-make halal recipes designed for everyday life in the GCC and Middle East. Whether your goal is weight loss, healthier eating, or balanced nutrition, Zadi gives you carefully selected recipes with simple ingredients, full nutrition information, …"
"6739286231","Osta: Save & Share Recipes","United Arab Emirates","Middle East","19","148","4.63514","148","With Osta, you can save & import recipes from Instagram, websites, and TikTok. Organize and cook your favorite recipes in your own personalized recipe box. All your recipes in one place. • Import recipes instantly from Instagram, TikTok, or a website. • Cook using a simple recipe display with no clu…"
"6787072532","LabBrew: Beverage Recipe Diary","United Arab Emirates","Middle East","20","0","0","0","Brewing is chemistry, and one guessed figure can spoil a batch. Scribbled notebooks, scattered spreadsheets and half-remembered gravity readings cost you sharp beer — and sometimes a whole fermenter. LabBrew keeps every reading, timer and calculation for the batch in one place, so the maths is finis…"
"6758994088","Akly","United Arab Emirates","Middle East","21","0","0","0","Akly – Click, Cook & Enjoy Discover Akly, your ultimate cooking companion that makes preparing delicious meals easy, fun, and stress-free. Whether you’re a beginner or a seasoned home chef, Akly provides everything you need to cook confidently and enjoy every meal. Key Features Step-by-Step Video Re…"
"6752922875","Tabelog: Food planner in Japan","United Arab Emirates","Middle East","22","14","4.92856","14","Find, review, and book a table at Japan’s best local restaurants, before you go or while you travel. Tabelog is Japan’s leading restaurant search, food review, and table reservation app, trusted by locals and travelers alike. With over 800,000 restaurants nationwide and more than 82 million authenti…"
"6480251943","Meals on Me: Healthy Meal Plan","United Arab Emirates","Middle East","23","135","4.8","135","No time to cook? Struggling to eat healthily? Discover Meals on Me — the BBC Good Food Middle East winner for Best Diet-Friendly Meal Plan Brand in the UAE. Enjoy chef-cooked and nutritionist-approved meals designed to help you achieve your goals, delivered fresh across the UAE. Why Choose Meals on …"
"1530676376","Chowdeck: Food & Groceries","Nigeria","Africa","1","1776","4.57264","1776","Chowstore lives inside Chowdeck. Shop groceries, household essentials and everyday items from Chowstore, alongside tasty meals from your favourtite restaurants — all delivered to you! Africa's leading on-demand online food delivery service, Chowdeck, offers quick and convenient food delivery from hu…"
"6747438953","Item7go","Nigeria","Africa","2","72","3.77778","72","Item7go is the pioneer of a technology-driven new retail model aimed at providing Party Jollof Rice and Shawarma of high quality, high affordability, and high convenience to our customers. Our mission is to be part of everyone's everyday life and to feed the nation. This app allows our customers to …"
"6754699036","FoodInc: Order & Deliver","Nigeria","Africa","3","7","3.28571","7","Craving something delicious? FoodInc brings your favourite meals to life from our state-of-the-art co-kitchen—where passionate chefs craft mouth-watering dishes made fresh just for you. We’re not a typical restaurant. We’re a collection of amazing food brands all cooking under one roof, delivering f…"
"894649641","Dodo Pizza Delivery","Nigeria","Africa","4","4771","4.80675","4771","Dodo Pizza is perfect for a quick bite, a cozy family dinner, or a fun get-together with friends. It’s more than just fast food — we create our own recipes, work with trusted suppliers, and maintain quality at every step. So your food is always delicious, and delivery — fast. CHOOSE AND ENJOY – Hot …"
"1633047938","KFC KZ: Order food online","Nigeria","Africa","5","17","2.70588","17","The all new KFC App is the fastest way to order KFC food online. Ordering food and getting kfc food delivery has never been so easy, and within a few steps. Save your favourite order to avoid the hassle of looking and ordering the same items you like In KFC, we believe in real cooks, freshly-prepare…"
"6745974952","Arooma","Nigeria","Africa","6","9","4.44444","9","Arooma: Food Delivery Made Simple Discover and order delicious meals from your favorite local restaurants with just a few taps. Arooma brings the best food in town directly to your doorstep. Key Features: • Browse diverse restaurant options in your area • Easily customize orders to your taste • Save…"
"426415753","Domino's Pizza Delivery UK&ROI","Nigeria","Africa","7","119","4.81513","119","When you want pizza, you really want pizza. Luckily, our app is the quickest and easiest way to order one with a whole host of exclusive features. Want to know more? Course you do… ORDER PIZZA Scroll through our easy-order menu and treat yourself to an all-time classic or discover something new! You…"
"6760729049","Share & Save Recipes ReciBites","Nigeria","Africa","8","86","4.44186","86","Save any recipe from TikTok, Instagram or any website in one tap. ReciBites turns it into a weekly meal plan and an aisle-sorted shopping list. Most recipe apps are a folder you forget about. This one is a kitchen: every recipe you save knows your diet, your allergies, your goals and what is already…"
"6761960519","BakersPro: Cake & Pastry Biz","Nigeria","Africa","9","0","0","0","Price every cake, cookie, cupcake accurately. Send invoices, and get orders from your own bakery page You baked the perfect order. Then you guessed the price, forgot a cost, and made almost nothing. That is the quiet leak that keeps bakers from actually growing. Not skill. Not effort. Just a busines…"
"6786324195","Luxe Cuisines","Nigeria","Africa","10","1","5","1","Luxe Cuisines, delivered. Order from your nearest Luxe kitchen in a few taps, follow your food to your door, and earn points every time you eat. ORDER IN SECONDS - The full Luxe menu: rice dishes, soups and swallow, drinks, office packs and feast boxes for a crowd. - Choose your size, protein, rice …"
"6761056277","African Recipes: Offline Food","Nigeria","Africa","11","1","5","1","African Food Recipes Book - Your All-in-One African Cuisine Cookbook, Works Offline Craving the iconic Jollof Rice of Nigeria or Ghana? Dreaming of a fragrant Moroccan Tagine? Curious about South Africa's rich Bobotie or the hearty stews of East Africa? ""All African Food Recipes Book"" brings these a…"
"6670216494","Mob: Meal Planner and Recipes","Nigeria","Africa","12","1","1","1","Join 4 million+ home cooks who've made weeknight cooking easy. Plan your week, build your shopping list in a tap, and never cook the same thing twice. Apple App of the Day and featured by Apple. Rated 4.5 stars by our community and loved in the press. Mob turns cooking from a daily scramble into the…"
"6745755318","Trazo - Food Delivery Asaba","Nigeria","Africa","13","49","4.22449","49","Trazo is Asaba’s fastest food delivery app. Order meals, groceries, and everyday essentials from top restaurants and stores near you — delivered fast to your door. Order from the Best Restaurants in Asaba Browse menus from PBL Cafe, Freshman International, Rodinia, New Era, Genesis Pizza, T&T Pepper…"
"6744560567","Freezer Inventory Tracker","Nigeria","Africa","14","0","0","0","Freezer Inventory Tracker: Never Waste a Bite Again! Tired of digging through your freezer to find expired food or forgotten items? Meet Freezer Inventory Tracker, your ultimate solution for organizing frozen goods, minimizing waste, and saving money! Key Features: - Smart Inventory Management Easil…"
"6648783968","PAU Cafeteria","Nigeria","Africa","15","12","3.41667","12","Welcome to PAU Cafe, the ultimate dining companion for university students and staff! Our app is designed to make your cafeteria experience seamless, efficient, and enjoyable. Whether you’re craving a quick snack between classes or planning a meal with friends, PAU Cafe has got you covered. Key Feat…"
"1217456898","Tasty: Recipes, Cooking Videos","Nigeria","Africa","16","408","4.78922","408","Welcome to the Tasty App – your ultimate cooking companion, featuring over 10,000 delicious recipes with video, step-by-step cooking mode, personalized recommendations, a thriving community of home chefs, and recipe shopping and seamless checkout. Tasty brings you the best of food and recipe discove…"
"6739337164","cookeaze","Nigeria","Africa","17","4","5","4","CookEaze is an intuitive cooking assistant that helps you create delicious meals with ease. Whether you're a beginner or an experienced chef, CookEaze offers step-by-step recipes, customizable meal plans, and smart timers to guide you in the kitchen. With a wide range of recipes to suit every taste,…"
"6754519159","MealCondo: Nigerian Recipes","Nigeria","Africa","18","4","5","4","MealCondo is the Nigerian recipes app for Nigerians home and abroad, with an AI‑powered meal planner that helps you plan what to cook each week. You can plan Nigerian meals, generate shopping lists and cook authentic soups, stew, jollof, and more with video tutorials. INSTANT MEAL SUGGESTIONS - Pers…"
"989276051","instashop: Groceries & more","Nigeria","Africa","19","304","4.74671","304","Hey there! We’re instashop, your go-to app for all things shopping, delivered fast and easy. Curious how we make life simpler for you? With instashop, you can shop from your favourite local supermarkets, pharmacies, restaurants, bakeries, butcheries, pet shops, and more, all in one place! No more st…"
"771068291","Kitchen Stories Easy Recipes","Nigeria","Africa","20","201","4.57711","201","Kitchen Stories is your ultimate digital cookbook, recipe keeper, and meal planner for everyday cooking! Discover thousands of chef-tested recipes, get inspired by culinary creators, and learn new cooking techniques step-by-step. Whether you want a quick weekday meal, healthy dinner ideas, or baking…"
"1497894777","Calo - كالو","Nigeria","Africa","21","0","0","0","Calo analyzes your nutritional needs through our nutritionist-approved algorithm, then matches you with chef-cooked meals portioned to suit your body, fitness goals and taste buds! Each meal is ready in 2 minutes and delivered to you everyday. Achieve your fitness goals whether you'd like to lose we…"
"6714449541","Honeydew: Recipe & Cookbook AI","Nigeria","Africa","22","70","4.78571","70","TRANSFORM YOUR COOKING & MEAL PLANNING WITH HONEYDEW The smartest AI-powered recipe, grocery list and meal planning app. Instantly import any recipe with one tap from social media, YouTube cooking videos, Instagram and Facebook Reels, screenshots, notes and websites. Turn food trends into your next …"
"6468471173","Food Holidays Calendar","Nigeria","Africa","23","0","0","0","Food Holidays Calendar filled with 500+ national food and drink events throughout the year. Join millions of people in celebrating food holidays, plan, gather, and eat with loved ones. With the Food Holidays app, you can learn about the story behind each day, get notified about important dates, and …"
"585332633","Cookpad: Recipe Book & Meals","Nigeria","Africa","24","414","4.31159","414","Not sure what to cook tonight? Cookpad recommends: search by ingredient or by meal across thousands of authentic recipes from a global community of home cooks — all verified by the people who have actually cooked them. WHAT SHALL I COOK TONIGHT? Tell us what's in the fridge and we'll tell you what t…"
"758103884","foodpanda: Food & Groceries","Nigeria","Africa","25","220","4.71818","220","Discover the local choice for meals, groceries, and food delivery with foodpanda! Life can get overwhelming, but we’re here to help! Whether you need daily meals, groceries, or shopping essentials, foodpanda has got you covered with convenient food delivery. Order Your Favourite Food with Just 3 Sim…"
"989276051","instashop: Groceries & more","Egypt","Africa","1","60192","4.68343","60192","Hey there! We’re instashop, your go-to app for all things shopping, delivered fast and easy. Curious how we make life simpler for you? With instashop, you can shop from your favourite local supermarkets, pharmacies, restaurants, bakeries, butcheries, pet shops, and more, all in one place! No more st…"
"6794864990","Tablya: Homemade Food","Egypt","Africa","2","269","4.81412","269","فاكر طعم الأكل اللي بيتعمل في البيت؟ الأكلة اللي بتتعمل بحب، والوصفة اللي اتنقلت من جيل لجيل، والطعم اللي مستحيل تلاقيه في أي مطعم؟ ده طعم طبلية. طبلية بتجمعك مع أمهات وطباخين بيعملوا أكل حقيقي من مطابخهم، عشان تكتشف أكلات بيتية مختلفة وتطلب اللي نفسك فيه. بتحب الأكل البيتي؟ اكتشف مطابخ أمهات حواليك…"
"1511528286","Pizza Hut Egypt-Order Food Now","Egypt","Africa","3","3789","4.51359","3789","""Pizza Hut is one of the best fast-food restaurants in Egypt. Find amazing deals & offers on our app and get them delivered to your doorstep. Indulge yourself with a veg and non-veg array of pizzas & more all from the comfort of your home! Order pizza online on our Pizza Hut Egypt app and get a pizz…"
"1460565933","VOO: a mart in an app","Egypt","Africa","4","7633","4.83218","7633","VOO is convenience at your fingertips within minutes. Fulfill your craving, get chocolates, candy, chips, snacks, drinks, ice cubes, personal care needs and much more delivered to your home or office. VOO delivers to many zones in Egypt and its continuously expanding. GET WHAT YOU WANT DELIVERED Cho…"
"6479545461","Seeya","Egypt","Africa","5","483","4.28157","483","Seeya - A tantalizing journey around the globe Embark on a tantalizing journey around the globe with Seeya, the ultimate app for food enthusiasts and culinary adventurers. Whether you’re a curious gourmand or simply someone who loves good food, Seeya is designed to inspire your culinary creativity a…"
"6743743762","Kitch - كيتش","Egypt","Africa","6","16","5","16","Welcome to Kitch - Your Ultimate Cooking Companion! Are you tired of endlessly scrolling through websites, blogs, and social media to find the perfect recipe for your next meal? Do you struggle with deciding what to cook every day? Look no further—Kitch is here to revolutionize your cooking experien…"
"6760490702","كرم الشام | Karam Al Sham","Egypt","Africa","7","2","3","2","كرم الشام مطعم يقدم أطباق من المطبخ السوري تشمل المشاوي، الساندوتشات، والوجبات المتنوعة مع مجموعة من الإضافات والمشروبات. يتيح التطبيق تصفح قائمة الطعام واختيار الأصناف بسهولة، مع إمكانية إتمام الطلب من خلال خطوات واضحة داخل التطبيق."
"6450251822","Rockets Fried Chicken","Egypt","Africa","8","23","2.34783","23","The all new Rockets App is the fastest way to order your favorite Rockets chicken online. Ordering food within a few steps has never been so easy. Pick up the food or get it delivered at your doorstep, have food the way you like. At Rockets, we believe in real cooks, freshly-prepared good food and u…"
"1491761668","KFC Saudi Arabia","Egypt","Africa","9","205","3.80976","205","The all new KFC Saudi Arabia App is the fastest way to order your favorite KFC fried chicken online. Ordering food online within a few clicks has never been so easy. Pick up the food or get it delivered at your doorstep, in just a few taps from the latest KFC online food ordering app! At KFC, we bel…"
"6764681798","Campus Menus","Egypt","Africa","10","17","4.52941","17","Campus Menus is the fastest way to eat on campus. Browse every restaurant on your university campus, order between lectures, and pick it up the second it's ready — no queue, no waiting, no stress. SKIP THE QUEUE Pick your meal from any restaurant on campus and order from wherever you are. Your food …"
"6745945489","Fetiret Dina Farms","Egypt","Africa","11","0","0","0","Welcome to our online app. We deliver fetir, hot, flaky, and unforgettable. Hungry? Order now to have it fresh at your door step with a click! What We Offer: Handcrafted Oriental Fetir Choose from a diverse selection of sweet and savory fetir, prepared using time-honored techniques and locally sourc…"
"6753926505","مطعم فلوريا","Egypt","Africa","12","1","5","1","مطعم فلوريا الدمشقي – مش سوري وبس! جرّب نكهات تأخذك من قلب دمشق إلى أجواء المطبخ الغربي العصري. في فلوريا الدمشقي، نقدم لك أطباقًا فاخرة، جودة عالية، وخدمة تليق بذوقك . مميزات التطبيق: تصفّح المنيو بسهولة مع صور وأسعار واضحة اطلب أونلاين بخطوات بسيطة وسريعة تتبع طلبك لحظة بلحظة عروض وخصومات حصرية لم…"
"1031141698","Mr D - Groceries & Takeaway","South Africa","Africa","1","400588","4.81667","400588","Mr D is Mzansi’s favourite groceries and food delivery service, delivering groceries and takeaway to your doorstep in 60 minutes, tops. What makes us special? For starters, it’s our long history. We’ve been delivering since 1992 - back in the days of phonebooks and paper menus. Since then, we’ve con…"
"1459635152","KFC South Africa","South Africa","Africa","2","73484","4.68588","73484","The official KFC South Africa app lets you order your KFC favorites in a number of ways: • Order online on the app for quick collection/pickup at your nearest KFC • Delivery available from selected KFC restaurants • Depending on your nearest KFC, choose between picking up in-store (from the front co…"
"1593779280","ReciMe: Recipes & Meal Planner","South Africa","Africa","3","1495","4.76656","1495","The number 1 recipe organizer. ReciMe saves all your favorite recipes in one place, including Instagram, Facebook, TikTok, YouTube and Pinterest. Create grocery lists and meal plans. Calculate calories for every recipe. However you cook, ReciMe helps you do it, better. FEATURES - Save Recipes from I…"
"6739286231","Osta: Save & Share Recipes","South Africa","Africa","4","186","4.63978","186","With Osta, you can save & import recipes from Instagram, websites, and TikTok. Organize and cook your favorite recipes in your own personalized recipe box. All your recipes in one place. • Import recipes instantly from Instagram, TikTok, or a website. • Cook using a simple recipe display with no clu…"
"1633047938","KFC KZ: Order food online","South Africa","Africa","5","2","2","2","The all new KFC App is the fastest way to order KFC food online. Ordering food and getting kfc food delivery has never been so easy, and within a few steps. Save your favourite order to avoid the hassle of looking and ordering the same items you like In KFC, we believe in real cooks, freshly-prepare…"
"1273758728","HomeID","South Africa","Africa","6","2520","4.75237","2520","Unlock your home's full potential with HomeID. HomeID, formerly NutriU, is your all-in-one app for meal planning and prep, with a variety of healthy and delicious recipes to explore. It's your companion for delicious Airfryer recipes and meals - from breakfast to dinner, healthy snacks, and delightf…"
"1669025266","UCOOK","South Africa","Africa","7","4","3.5","4","UCOOK is making dinnertime more delicious and shopping even easier. Tired of the nightly suppertime struggle? UCOOK Meal Kits give you 24 new, chef-crafted recipes to choose from every week that suit your needs and match your tastes. Your order is delivered straight to your door with fresh, seasonal…"
"758103884","foodpanda: Food & Groceries","South Africa","Africa","8","1389","4.66235","1389","Discover the local choice for meals, groceries, and food delivery with foodpanda! Life can get overwhelming, but we’re here to help! Whether you need daily meals, groceries, or shopping essentials, foodpanda has got you covered with convenient food delivery. Order Your Favourite Food with Just 3 Sim…"
"1217456898","Tasty: Recipes, Cooking Videos","South Africa","Africa","9","4649","4.83846","4649","Welcome to the Tasty App – your ultimate cooking companion, featuring over 10,000 delicious recipes with video, step-by-step cooking mode, personalized recommendations, a thriving community of home chefs, and recipe shopping and seamless checkout. Tasty brings you the best of food and recipe discove…"
"1575439304","Dinnerbox","South Africa","Africa","10","1433","4.8053","1433","Dinnerbox delivers pre-cooked frozen meals to your door within South Africa. Most meals can be ordered in Kids, 10, 20 and 30 meal boxes. Enjoy earning DinnerDosh loyalty points with every purchase and redeem 15% discount after reaching your points redemption target. Meals are delivered frozen withi…"
"6777471316","mise - meal planner","South Africa","Africa","11","3","5","3","mise – meal planner Take the stress out of deciding what to eat. mise helps you generate personalised meal plans in seconds based on your dietary preferences, calorie goals, favourite UK supermarkets, budget, and the ingredients you already have at home. Whether you're meal prepping for the week, tr…"
"6444406396","Yango Deli: food delivery","South Africa","Africa","12","14","4.92856","14","FOOD DELIVERY IS NOW ON THE YANGO APP GO TO THE YANGO APP AND GET K20 OFF 3 ORDERS AT ALL RESTAURANTS Food delivery service from grocery stores, cafes and restaurants You can order both burgers and steaks, as well as products from grocery stores. Free delivery for your first order! ALL NEARBY GROCER…"
"6752922875","Tabelog: Food planner in Japan","South Africa","Africa","13","9","4.88889","9","Find, review, and book a table at Japan’s best local restaurants, before you go or while you travel. Tabelog is Japan’s leading restaurant search, food review, and table reservation app, trusted by locals and travelers alike. With over 800,000 restaurants nationwide and more than 82 million authenti…"
"1477747816","SuperCook Recipe By Ingredient","South Africa","Africa","14","173","4.66474","173","How many times have you found yourself looking for that perfect recipe – only to find that you’re missing one or more ingredients? How many times have you opened the fridge and thought to yourself -- what can I make ? How many times have you thrown away an ingredient, because you couldn't figure out…"
"6479693198","Eatr・AI Healthy Diet Meal Plan","South Africa","Africa","15","485","4.69691","485","Welcome to Eatr - the ultimate companion for everyone from cooking novices to seasoned chefs! Our app is designed to guide you through a culinary adventure tailored just for you. Whether you're pressed for time or looking to indulge in a leisurely cooking spree, Eatr has you covered. Time Management…"
"6777471316","mise - meal planner","Australia","Oceania","1","636","4.56447","636","mise – meal planner Take the stress out of deciding what to eat. mise helps you generate personalised meal plans in seconds based on your dietary preferences, calorie goals, favourite UK supermarkets, budget, and the ingredients you already have at home. Whether you're meal prepping for the week, tr…"
"1593779280","ReciMe: Recipe Keeper","Australia","Oceania","2","19623","4.74622","19623","The number 1 recipe organizer. ReciMe saves all your favorite recipes in one place, including Instagram, Facebook, TikTok, YouTube and Pinterest. Create grocery lists and meal plans. Calculate calories for every recipe. However you cook, ReciMe helps you do it, better. FEATURES - Save Recipes from I…"
"6465208456","THISBOWL: Fresh Food, Fast","Australia","Oceania","3","6","4.16667","6","THISBOWL (formerly FISHBOWL) is a fast-casual food brand making fresh, asian-inspired bowls — with a side of everything we're obsessed with: design, music, art, fashion, movement and community. We’re on a mission to change the culture of fast food, one bowl at a time. We make healthy food you’ll cra…"
"6752922875","Tabelog: Food Guide in Japan","Australia","Oceania","4","347","4.81555","347","Find, review, and book a table at Japan’s best local restaurants, before you go or while you travel. Tabelog is Japan’s leading restaurant search, food review, and table reservation app, trusted by locals and travelers alike. With over 800,000 restaurants nationwide and more than 82 million authenti…"
"1629977386","Youfoodz: Custom Meal Plan","Australia","Oceania","5","16713","4.67636","16713","Healthy eating can be easy with our menu of fresh, ready-made meals and more! Download our App and sign up to a flexible plan today to discover the convenience of meals delivered to your door that are ready in minutes – no cooking or cleaning required! HOW TO MEAL PREP WITH OUR APP Plan ahead from t…"
"6739286231","Osta: Save & Share Recipes","Australia","Oceania","6","518","4.639","518","With Osta, you can save & import recipes from Instagram, websites, and TikTok. Organize and cook your favorite recipes in your own personalized recipe box. All your recipes in one place. • Import recipes instantly from Instagram, TikTok, or a website. • Cook using a simple recipe display with no clu…"
"970107419","HelloFresh: Meal Kit & Recipes","Australia","Oceania","7","41163","4.66228","41163","The #1 meal kit app in the app store! Loved by thousands for weekly meal delivery of easy recipes and fresh ingredients. With HelloFresh, you can enjoy convenient cooking with a menu of 33+ delicious recipes available each week. It’s meal prep made easy! Keep your cost of living down (and your bank …"
"6754667651","Appetise","Australia","Oceania","8","98","4.60203","98","Discover, plan, cook and shop from a growing library of 3,500+ recipes. From quick weeknight dinners to family favourites and fresh new ideas, Appetise makes everyday meals feel sorted. Wondering what to cook tonight? We take away the stress and bring back the joy. Plan your meals in a few taps, the…"
"6670216494","Mob: Meal Planner and Recipes","Australia","Oceania","9","583","4.47856","583","Join 4 million+ home cooks who've made weeknight cooking easy. Plan your week, build your shopping list in a tap, and never cook the same thing twice. Apple App of the Day and featured by Apple. Rated 4.5 stars by our community and loved in the press. Mob turns cooking from a daily scramble into the…"
"6480109616","Nespresso Smart","Australia","Oceania","10","94","2.53191","94","Unbox the expert features of your compatible Nespresso connected machine* with Nespresso Smart: • Pair and Brew. Pair your device and unlock the exclusive features of your connected coffee machine. • Best coffee quality cup after cup. Enhanced maintenance content to savour quality coffee cup after c…"
"758103884","foodpanda: Food & Groceries","Australia","Oceania","11","24165","4.58981","24165","Discover the local choice for meals, groceries, and food delivery with foodpanda! Life can get overwhelming, but we’re here to help! Whether you need daily meals, groceries, or shopping essentials, foodpanda has got you covered with convenient food delivery. Order Your Favourite Food with Just 3 Sim…"
"714004506","Official Cookidoo App","Australia","Oceania","12","69853","4.84307","69853","The Official Thermomix® Cookidoo® App gives you access to the growing universe of mouth-watering Thermomix® Guided Cooking recipes. You pick and choose which recipes go with you wherever you are. Create an account and get cooking! SMART @ HEART Connect to Cookidoo® and access over 100,000 worldwide …"
"1563351806","My Muscle Chef","Australia","Oceania","13","180","4.14444","180","Get your Sunday meal prep sorted with just a few taps using the MYMC App! Experience seamless ordering of My Muscle Chef meals online and manage your account or subscription effortlessly while you're on the move. SUPPORTING EVERY BODY, EVERY GOAL Eating healthy shouldn't compromise taste or time. Wi…"
"6472001316","Good Food","Australia","Oceania","14","198","4.66162","198","Your essential guide to eating in and dining out, the Good Food app delivers thousands of expert recipes, restaurant reviews, tips and advice. Good Food Guide Browse the Good Food Guide from the comfort of your phone with every rating and review just one tap away. Map View Discover top-rated eats in…"
"1273758728","HomeID","Australia","Oceania","15","5513","4.69381","5513","Unlock your home's full potential with HomeID. HomeID, formerly NutriU, is your all-in-one app for transforming everyday home life. It's your companion for delicious Airfryer meals - from breakfast to dinner, healthy snacks, and delightful coffee breaks. Collaborating with home cooks, professional c…"
"1593779280","ReciMe: Recipe Keeper","New Zealand","Oceania","1","3040","4.69704","3040","The number 1 recipe organizer. ReciMe saves all your favorite recipes in one place, including Instagram, Facebook, TikTok, YouTube and Pinterest. Create grocery lists and meal plans. Calculate calories for every recipe. However you cook, ReciMe helps you do it, better. FEATURES - Save Recipes from I…"
"1668230011","Two Raw Sisters Recipes","New Zealand","Oceania","2","1234","4.8517","1234","Join 250,000 confident home cooks. Recipes you'll actually make, with what you've already got. Start your free 7-day trial. Two Raw Sisters is the food confidence app for people who want to eat well without the stress, the overthinking, or the guilt. No diets. No rules. Just delicious food that work…"
"6754667651","Appetise","New Zealand","Oceania","3","136","4.77206","136","Discover, plan, cook and shop from a growing library of 3,500+ recipes. From quick weeknight dinners to family favourites and fresh new ideas, Appetise makes everyday meals feel sorted. Wondering what to cook tonight? We take away the stress and bring back the joy. Plan your meals in a few taps, the…"
"6670216494","Mob: Meal Planner and Recipes","New Zealand","Oceania","4","99","4.37374","99","Join 4 million+ home cooks who've made weeknight cooking easy. Plan your week, build your shopping list in a tap, and never cook the same thing twice. Apple App of the Day and featured by Apple. Rated 4.5 stars by our community and loved in the press. Mob turns cooking from a daily scramble into the…"
"6752922875","Tabelog: Food Guide in Japan","New Zealand","Oceania","5","33","4.69697","33","Find, review, and book a table at Japan’s best local restaurants, before you go or while you travel. Tabelog is Japan’s leading restaurant search, food review, and table reservation app, trusted by locals and travelers alike. With over 800,000 restaurants nationwide and more than 82 million authenti…"
"970107419","HelloFresh: Meal Kit & Recipes","New Zealand","Oceania","6","7070","4.53055","7070","The #1 meal kit app in the app store! Loved by thousands for weekly meal delivery of easy recipes and fresh ingredients. With HelloFresh, you can enjoy convenient cooking with a menu of 33+ delicious recipes available each week. It’s meal prep made easy! Keep your cost of living down (and your bank …"
"1111029382","My Food Bag","New Zealand","Oceania","7","147","3.84354","147","Welcome to the My Food Bag app! Simple, healthy & delicious meal kits delivered to your door. My Food Bag provides you with a mid-week dinner routine – no matter your lifestyle or needs – that isn’t stuck on repeat. Come home each night knowing you’ve got everything you need to enjoy simple, healthy…"
"714004506","Official Cookidoo App","New Zealand","Oceania","8","7674","4.83294","7674","The Official Thermomix® Cookidoo® App gives you access to the growing universe of mouth-watering Thermomix® Guided Cooking recipes. You pick and choose which recipes go with you wherever you are. Create an account and get cooking! SMART @ HEART Connect to Cookidoo® and access over 100,000 worldwide …"
"6739286231","Osta: Save & Share Recipes","New Zealand","Oceania","9","95","4.55789","95","With Osta, you can save & import recipes from Instagram, websites, and TikTok. Organize and cook your favorite recipes in your own personalized recipe box. All your recipes in one place. • Import recipes instantly from Instagram, TikTok, or a website. • Cook using a simple recipe display with no clu…"
"6777471316","mise - meal planner","New Zealand","Oceania","10","17","3.82353","17","mise – meal planner Take the stress out of deciding what to eat. mise helps you generate personalised meal plans in seconds based on your dietary preferences, calorie goals, favourite UK supermarkets, budget, and the ingredients you already have at home. Whether you're meal prepping for the week, tr…"
"758103884","foodpanda: Food & Groceries","New Zealand","Oceania","11","2723","4.64708","2723","Discover the local choice for meals, groceries, and food delivery with foodpanda! Life can get overwhelming, but we’re here to help! Whether you need daily meals, groceries, or shopping essentials, foodpanda has got you covered with convenient food delivery. Order Your Favourite Food with Just 3 Sim…"
"1568122827","The Doctor’s Kitchen","New Zealand","Oceania","12","50","4.74","50","Take the hassle out of cooking healthy, balanced meals and discover 1000s of doctor-approved, simple delicious, recipes to cook at home. Plan meals with tailored recipe recommendations, personalised to your dietary and health needs. Search high protein meals, freezable recipes and many more categori…"
"1535583068","EatClub: Food Delivery App","New Zealand","Oceania","13","7","4.85714","7","Order on EatClub. FLAT 30% OFF Everytime. NO T&C. Get Free EATCLUB trial membership @ ₹0. Explore a variety of cuisines - from Pizzas with 2X toppings to Desi Meals, Matka Biryani, Protein Bowls, Sub-Style Sandwiches, Rolls, Pasta, Ice Creams, Thin Crust Pizzas, Rice Bowls, Ghee Khichdi - we’ve got …"
"6504091253","Smartie Super App","New Zealand","Oceania","14","24","4.70833","24","Built in the Cook Islands for the Pacific, Smartie connects locals and visitors with trusted businesses and services in one simple app."
"6480109616","Nespresso Smart","New Zealand","Oceania","15","16","2.25","16","Unbox the expert features of your compatible Nespresso connected machine* with Nespresso Smart: • Pair and Brew. Pair your device and unlock the exclusive features of your connected coffee machine. • Best coffee quality cup after cup. Enhanced maintenance content to savour quality coffee cup after c…"
"1164423781","Gronda: Recipes for Chefs","New Zealand","Oceania","16","157","4.72611","157","** Apple’s App of the Day in 120+ Countries ** ** Used by 2M+ Chefs Worldwide ** ""Unlimited amount of inspiration"" — Netflix Superstar Ana Roš Gronda is the #1 app for professional and home chefs. Learn from the world’s best, fine dining recipes, and connect with a global community of culinary exper…"
"6449961549","ChefGPT: AI Calories Tracker","New Zealand","Oceania","17","7","4.42856","7","HOW TO USE CHEFGPT: 1) Answer lifestyle questions to build your tailored plan 2) Create recipes and meal plans with ChefGPT’s advanced AI models: a. PantryChef – Open PantryChef, select the ingredients you have on hand – Tap “Generate” to see AI-crafted recipes that use exactly what’s in your pantry…"
"911422904","NYT Cooking: Quick Tasty Meals","New Zealand","Oceania","18","1081","4.88159","1081","New York Times Cooking has thousands of easy recipes you’ll love to make, from easy weeknight dinners to holiday showstoppers. Editor-curated collections make it easy to find the right recipe, and helpful videos make them fun and simple to cook. With our digital Recipe Box, you can easily save favou…"
"1480540695","Weber Connect","New Zealand","Oceania","19","43","4.44186","43","The Weber Connect app is your secret ingredient to smart barbecuing! Weber Connect is the companion app to Weber smart barbecues and devices. When paired to a Weber Connect barbecue or device, the app becomes your sensor dashboard, remote control and recipe book all in one! Track temperatures from a…"
"6479693198","Eatr・AI Meal Plan・Diet Recipes","New Zealand","Oceania","20","213","4.43192","213","Welcome to Eatr - the ultimate companion for everyone from cooking novices to seasoned chefs! Our app is designed to guide you through a culinary adventure tailored just for you. Whether you're pressed for time or looking to indulge in a leisurely cooking spree, Eatr has you covered. Time Management…"
"6769601354","TapCook: Budget Meal Plans","New Zealand","Oceania","21","0","0","0","1. Enter your ZIP and pick the grocery store you actually shop at 2. Tell us how many you're feeding, which nights you cook, and what you want to spend 3. Get a week of dinners and one grocery list, totalled at your store TapCook plans your dinners for the week and tells you what the groceries will …"
"1477747816","SuperCook Recipe By Ingredient","New Zealand","Oceania","22","100","4.78","100","How many times have you found yourself looking for that perfect recipe – only to find that you’re missing one or more ingredients? How many times have you opened the fridge and thought to yourself -- what can I make ? How many times have you thrown away an ingredient, because you couldn't figure out…"